INSERT INTO team (teamName, abbriviation, pts, reb, DRB, ORB, ast, stl, bs, tov, pf, min, fga, fgm, threepa, threepm, fta, ftm, PGA, SGA, SFA, PFA, CA) VALUES
('Atlanta Hawks ', 'ATL', 0, 0, 0, 0, 0, 0, 0, 0, 0, 0, 0, 0, 0, 0, 0, 0, 0, 0, 0, 0, 0),
('Brooklyn Nets ', 'BKN', 0, 0, 0, 0, 0, 0, 0, 0, 0, 0, 0, 0, 0, 0, 0, 0, 0, 0, 0, 0, 0),
('Boston Celtics ', 'BOS', 0, 0, 0, 0, 0, 0, 0, 0, 0, 0, 0, 0, 0, 0, 0, 0, 0, 0, 0, 0, 0),
('Charlotte Hornets ', 'CHA', 0, 0, 0, 0, 0, 0, 0, 0, 0, 0, 0, 0, 0, 0, 0, 0, 0, 0, 0, 0, 0),
('Chicago Bulls ', 'CHI', 0, 0, 0, 0, 0, 0, 0, 0, 0, 0, 0, 0, 0, 0, 0, 0, 0, 0, 0, 0, 0),
('Cleveland Cavaliers ', 'CLE', 0, 0, 0, 0, 0, 0, 0, 0, 0, 0, 0, 0, 0, 0, 0, 0, 0, 0, 0, 0, 0),
('Dallas Mavericks ', 'DAL', 0, 0, 0, 0, 0, 0, 0, 0, 0, 0, 0, 0, 0, 0, 0, 0, 0, 0, 0, 0, 0),
('Denver Nuggets ', 'DEN', 0, 0, 0, 0, 0, 0, 0, 0, 0, 0, 0, 0, 0, 0, 0, 0, 0, 0, 0, 0, 0),
('Detroit Pistons ', 'DET', 0, 0, 0, 0, 0, 0, 0, 0, 0, 0, 0, 0, 0, 0, 0, 0, 0, 0, 0, 0, 0),
('Golden State Warriors ', 'GSW', 0, 0, 0, 0, 0, 0, 0, 0, 0, 0, 0, 0, 0, 0, 0, 0, 0, 0, 0, 0, 0),
('Houston Rockets ', 'HOU', 0, 0, 0, 0, 0, 0, 0, 0, 0, 0, 0, 0, 0, 0, 0, 0, 0, 0, 0, 0, 0),
('Indiana Pacers ', 'IND', 0, 0, 0, 0, 0, 0, 0, 0, 0, 0, 0, 0, 0, 0, 0, 0, 0, 0, 0, 0, 0),
('Los Angeles Clippers ', 'LAC', 0, 0, 0, 0, 0, 0, 0, 0, 0, 0, 0, 0, 0, 0, 0, 0, 0, 0, 0, 0, 0),
('Los Angeles Lakers ', 'LAL', 0, 0, 0, 0, 0, 0, 0, 0, 0, 0, 0, 0, 0, 0, 0, 0, 0, 0, 0, 0, 0),
('Memphis Grizzlies ', 'MEM', 0, 0, 0, 0, 0, 0, 0, 0, 0, 0, 0, 0, 0, 0, 0, 0, 0, 0, 0, 0, 0),
('Miami Heat ', 'MIA', 0, 0, 0, 0, 0, 0, 0, 0, 0, 0, 0, 0, 0, 0, 0, 0, 0, 0, 0, 0, 0),
('Milwaukee Bucks ', 'MIL', 0, 0, 0, 0, 0, 0, 0, 0, 0, 0, 0, 0, 0, 0, 0, 0, 0, 0, 0, 0, 0),
('Minnesota Timberwolves ', 'MIN', 0, 0, 0, 0, 0, 0, 0, 0, 0, 0, 0, 0, 0, 0, 0, 0, 0, 0, 0, 0, 0),
('New Orleans Pelicans ', 'NOP', 0, 0, 0, 0, 0, 0, 0, 0, 0, 0, 0, 0, 0, 0, 0, 0, 0, 0, 0, 0, 0),
('New York Knicks ', 'NYK', 0, 0, 0, 0, 0, 0, 0, 0, 0, 0, 0, 0, 0, 0, 0, 0, 0, 0, 0, 0, 0),
('Oklahoma City Thunder ', 'OKC', 0, 0, 0, 0, 0, 0, 0, 0, 0, 0, 0, 0, 0, 0, 0, 0, 0, 0, 0, 0, 0),
('Orlando Magic ', 'ORL', 0, 0, 0, 0, 0, 0, 0, 0, 0, 0, 0, 0, 0, 0, 0, 0, 0, 0, 0, 0, 0),
('Philadelphia 76ers ', 'PHI', 0, 0, 0, 0, 0, 0, 0, 0, 0, 0, 0, 0, 0, 0, 0, 0, 0, 0, 0, 0, 0),
('Phoenix Suns ', 'PHX', 0, 0, 0, 0, 0, 0, 0, 0, 0, 0, 0, 0, 0, 0, 0, 0, 0, 0, 0, 0, 0),
('Portland Trail Blazers ', 'POR', 0, 0, 0, 0, 0, 0, 0, 0, 0, 0, 0, 0, 0, 0, 0, 0, 0, 0, 0, 0, 0),
('Sacramento Kings ', 'SAC', 0, 0, 0, 0, 0, 0, 0, 0, 0, 0, 0, 0, 0, 0, 0, 0, 0, 0, 0, 0, 0),
('San Antonio Spurs ', 'SAS', 0, 0, 0, 0, 0, 0, 0, 0, 0, 0, 0, 0, 0, 0, 0, 0, 0, 0, 0, 0, 0),
('Toronto Raptors ', 'TOR', 0, 0, 0, 0, 0, 0, 0, 0, 0, 0, 0, 0, 0, 0, 0, 0, 0, 0, 0, 0, 0),
('Utah Jazz ', 'UTA', 0, 0, 0, 0, 0, 0, 0, 0, 0, 0, 0, 0, 0, 0, 0, 0, 0, 0, 0, 0, 0),
('Washington Wizards', 'WSH', 0, 0, 0, 0, 0, 0, 0, 0, 0, 0, 0, 0, 0, 0, 0, 0, 0, 0, 0, 0, 0);



INSERT INTO matchup (matchupID, team1, team2) VALUES
(0, 'ATL', 'BKN'),
(1, 'ATL', 'BOS'),
(2, 'ATL', 'CHA'),
(3, 'ATL', 'CHI'),
(4, 'ATL', 'CLE'),
(5, 'ATL', 'DAL'),
(6, 'ATL', 'DEN'),
(7, 'ATL', 'DET'),
(8, 'ATL', 'GSW'),
(9, 'ATL', 'HOU'),
(10, 'ATL', 'IND'),
(11, 'ATL', 'LAC'),
(12, 'ATL', 'LAL'),
(13, 'ATL', 'MEM'),
(14, 'ATL', 'MIA'),
(15, 'ATL', 'MIL'),
(16, 'ATL', 'MIN'),
(17, 'ATL', 'NOP'),
(18, 'ATL', 'NYK'),
(19, 'ATL', 'OKC'),
(20, 'ATL', 'ORL'),
(21, 'ATL', 'PHI'),
(22, 'ATL', 'PHX'),
(23, 'ATL', 'POR'),
(24, 'ATL', 'SAC'),
(25, 'ATL', 'SAS'),
(26, 'ATL', 'TOR'),
(27, 'ATL', 'UTA'),
(28, 'ATL', 'WSH'),
(29, 'BKN', 'BOS'),
(30, 'BKN', 'CHA'),
(31, 'BKN', 'CHI'),
(32, 'BKN', 'CLE'),
(33, 'BKN', 'DAL'),
(34, 'BKN', 'DEN'),
(35, 'BKN', 'DET'),
(36, 'BKN', 'GSW'),
(37, 'BKN', 'HOU'),
(38, 'BKN', 'IND'),
(39, 'BKN', 'LAC'),
(40, 'BKN', 'LAL'),
(41, 'BKN', 'MEM'),
(42, 'BKN', 'MIA'),
(43, 'BKN', 'MIL'),
(44, 'BKN', 'MIN'),
(45, 'BKN', 'NOP'),
(46, 'BKN', 'NYK'),
(47, 'BKN', 'OKC'),
(48, 'BKN', 'ORL'),
(49, 'BKN', 'PHI'),
(50, 'BKN', 'PHX'),
(51, 'BKN', 'POR'),
(52, 'BKN', 'SAC'),
(53, 'BKN', 'SAS'),
(54, 'BKN', 'TOR'),
(55, 'BKN', 'UTA'),
(56, 'BKN', 'WSH'),
(57, 'BOS', 'CHA'),
(58, 'BOS', 'CHI'),
(59, 'BOS', 'CLE'),
(60, 'BOS', 'DAL'),
(61, 'BOS', 'DEN'),
(62, 'BOS', 'DET'),
(63, 'BOS', 'GSW'),
(64, 'BOS', 'HOU'),
(65, 'BOS', 'IND'),
(66, 'BOS', 'LAC'),
(67, 'BOS', 'LAL'),
(68, 'BOS', 'MEM'),
(69, 'BOS', 'MIA'),
(70, 'BOS', 'MIL'),
(71, 'BOS', 'MIN'),
(72, 'BOS', 'NOP'),
(73, 'BOS', 'NYK'),
(74, 'BOS', 'OKC'),
(75, 'BOS', 'ORL'),
(76, 'BOS', 'PHI'),
(77, 'BOS', 'PHX'),
(78, 'BOS', 'POR'),
(79, 'BOS', 'SAC'),
(80, 'BOS', 'SAS'),
(81, 'BOS', 'TOR'),
(82, 'BOS', 'UTA'),
(83, 'BOS', 'WSH'),
(84, 'CHA', 'CHI'),
(85, 'CHA', 'CLE'),
(86, 'CHA', 'DAL'),
(87, 'CHA', 'DEN'),
(88, 'CHA', 'DET'),
(89, 'CHA', 'GSW'),
(90, 'CHA', 'HOU'),
(91, 'CHA', 'IND'),
(92, 'CHA', 'LAC'),
(93, 'CHA', 'LAL'),
(94, 'CHA', 'MEM'),
(95, 'CHA', 'MIA'),
(96, 'CHA', 'MIL'),
(97, 'CHA', 'MIN'),
(98, 'CHA', 'NOP'),
(99, 'CHA', 'NYK'),
(100, 'CHA', 'OKC'),
(101, 'CHA', 'ORL'),
(102, 'CHA', 'PHI'),
(103, 'CHA', 'PHX'),
(104, 'CHA', 'POR'),
(105, 'CHA', 'SAC'),
(106, 'CHA', 'SAS'),
(107, 'CHA', 'TOR'),
(108, 'CHA', 'UTA'),
(109, 'CHA', 'WSH'),
(110, 'CHI', 'CLE'),
(111, 'CHI', 'DAL'),
(112, 'CHI', 'DEN'),
(113, 'CHI', 'DET'),
(114, 'CHI', 'GSW'),
(115, 'CHI', 'HOU'),
(116, 'CHI', 'IND'),
(117, 'CHI', 'LAC'),
(118, 'CHI', 'LAL'),
(119, 'CHI', 'MEM'),
(120, 'CHI', 'MIA'),
(121, 'CHI', 'MIL'),
(122, 'CHI', 'MIN'),
(123, 'CHI', 'NOP'),
(124, 'CHI', 'NYK'),
(125, 'CHI', 'OKC'),
(126, 'CHI', 'ORL'),
(127, 'CHI', 'PHI'),
(128, 'CHI', 'PHX'),
(129, 'CHI', 'POR'),
(130, 'CHI', 'SAC'),
(131, 'CHI', 'SAS'),
(132, 'CHI', 'TOR'),
(133, 'CHI', 'UTA'),
(134, 'CHI', 'WSH'),
(135, 'CLE', 'DAL'),
(136, 'CLE', 'DEN'),
(137, 'CLE', 'DET'),
(138, 'CLE', 'GSW'),
(139, 'CLE', 'HOU'),
(140, 'CLE', 'IND'),
(141, 'CLE', 'LAC'),
(142, 'CLE', 'LAL'),
(143, 'CLE', 'MEM'),
(144, 'CLE', 'MIA'),
(145, 'CLE', 'MIL'),
(146, 'CLE', 'MIN'),
(147, 'CLE', 'NOP'),
(148, 'CLE', 'NYK'),
(149, 'CLE', 'OKC'),
(150, 'CLE', 'ORL'),
(151, 'CLE', 'PHI'),
(152, 'CLE', 'PHX'),
(153, 'CLE', 'POR'),
(154, 'CLE', 'SAC'),
(155, 'CLE', 'SAS'),
(156, 'CLE', 'TOR'),
(157, 'CLE', 'UTA'),
(158, 'CLE', 'WSH'),
(159, 'DAL', 'DEN'),
(160, 'DAL', 'DET'),
(161, 'DAL', 'GSW'),
(162, 'DAL', 'HOU'),
(163, 'DAL', 'IND'),
(164, 'DAL', 'LAC'),
(165, 'DAL', 'LAL'),
(166, 'DAL', 'MEM'),
(167, 'DAL', 'MIA'),
(168, 'DAL', 'MIL'),
(169, 'DAL', 'MIN'),
(170, 'DAL', 'NOP'),
(171, 'DAL', 'NYK'),
(172, 'DAL', 'OKC'),
(173, 'DAL', 'ORL'),
(174, 'DAL', 'PHI'),
(175, 'DAL', 'PHX'),
(176, 'DAL', 'POR'),
(177, 'DAL', 'SAC'),
(178, 'DAL', 'SAS'),
(179, 'DAL', 'TOR'),
(180, 'DAL', 'UTA'),
(181, 'DAL', 'WSH'),
(182, 'DEN', 'DET'),
(183, 'DEN', 'GSW'),
(184, 'DEN', 'HOU'),
(185, 'DEN', 'IND'),
(186, 'DEN', 'LAC'),
(187, 'DEN', 'LAL'),
(188, 'DEN', 'MEM'),
(189, 'DEN', 'MIA'),
(190, 'DEN', 'MIL'),
(191, 'DEN', 'MIN'),
(192, 'DEN', 'NOP'),
(193, 'DEN', 'NYK'),
(194, 'DEN', 'OKC'),
(195, 'DEN', 'ORL'),
(196, 'DEN', 'PHI'),
(197, 'DEN', 'PHX'),
(198, 'DEN', 'POR'),
(199, 'DEN', 'SAC'),
(200, 'DEN', 'SAS'),
(201, 'DEN', 'TOR'),
(202, 'DEN', 'UTA'),
(203, 'DEN', 'WSH'),
(204, 'DET', 'GSW'),
(205, 'DET', 'HOU'),
(206, 'DET', 'IND'),
(207, 'DET', 'LAC'),
(208, 'DET', 'LAL'),
(209, 'DET', 'MEM'),
(210, 'DET', 'MIA'),
(211, 'DET', 'MIL'),
(212, 'DET', 'MIN'),
(213, 'DET', 'NOP'),
(214, 'DET', 'NYK'),
(215, 'DET', 'OKC'),
(216, 'DET', 'ORL'),
(217, 'DET', 'PHI'),
(218, 'DET', 'PHX'),
(219, 'DET', 'POR'),
(220, 'DET', 'SAC'),
(221, 'DET', 'SAS'),
(222, 'DET', 'TOR'),
(223, 'DET', 'UTA'),
(224, 'DET', 'WSH'),
(225, 'GSW', 'HOU'),
(226, 'GSW', 'IND'),
(227, 'GSW', 'LAC'),
(228, 'GSW', 'LAL'),
(229, 'GSW', 'MEM'),
(230, 'GSW', 'MIA'),
(231, 'GSW', 'MIL'),
(232, 'GSW', 'MIN'),
(233, 'GSW', 'NOP'),
(234, 'GSW', 'NYK'),
(235, 'GSW', 'OKC'),
(236, 'GSW', 'ORL'),
(237, 'GSW', 'PHI'),
(238, 'GSW', 'PHX'),
(239, 'GSW', 'POR'),
(240, 'GSW', 'SAC'),
(241, 'GSW', 'SAS'),
(242, 'GSW', 'TOR'),
(243, 'GSW', 'UTA'),
(244, 'GSW', 'WSH'),
(245, 'HOU', 'IND'),
(246, 'HOU', 'LAC'),
(247, 'HOU', 'LAL'),
(248, 'HOU', 'MEM'),
(249, 'HOU', 'MIA'),
(250, 'HOU', 'MIL'),
(251, 'HOU', 'MIN'),
(252, 'HOU', 'NOP'),
(253, 'HOU', 'NYK'),
(254, 'HOU', 'OKC'),
(255, 'HOU', 'ORL'),
(256, 'HOU', 'PHI'),
(257, 'HOU', 'PHX'),
(258, 'HOU', 'POR'),
(259, 'HOU', 'SAC'),
(260, 'HOU', 'SAS'),
(261, 'HOU', 'TOR'),
(262, 'HOU', 'UTA'),
(263, 'HOU', 'WSH'),
(264, 'IND', 'LAC'),
(265, 'IND', 'LAL'),
(266, 'IND', 'MEM'),
(267, 'IND', 'MIA'),
(268, 'IND', 'MIL'),
(269, 'IND', 'MIN'),
(270, 'IND', 'NOP'),
(271, 'IND', 'NYK'),
(272, 'IND', 'OKC'),
(273, 'IND', 'ORL'),
(274, 'IND', 'PHI'),
(275, 'IND', 'PHX'),
(276, 'IND', 'POR'),
(277, 'IND', 'SAC'),
(278, 'IND', 'SAS'),
(279, 'IND', 'TOR'),
(280, 'IND', 'UTA'),
(281, 'IND', 'WSH'),
(282, 'LAC', 'LAL'),
(283, 'LAC', 'MEM'),
(284, 'LAC', 'MIA'),
(285, 'LAC', 'MIL'),
(286, 'LAC', 'MIN'),
(287, 'LAC', 'NOP'),
(288, 'LAC', 'NYK'),
(289, 'LAC', 'OKC'),
(290, 'LAC', 'ORL'),
(291, 'LAC', 'PHI'),
(292, 'LAC', 'PHX'),
(293, 'LAC', 'POR'),
(294, 'LAC', 'SAC'),
(295, 'LAC', 'SAS'),
(296, 'LAC', 'TOR'),
(297, 'LAC', 'UTA'),
(298, 'LAC', 'WSH'),
(299, 'LAL', 'MEM'),
(300, 'LAL', 'MIA'),
(301, 'LAL', 'MIL'),
(302, 'LAL', 'MIN'),
(303, 'LAL', 'NOP'),
(304, 'LAL', 'NYK'),
(305, 'LAL', 'OKC'),
(306, 'LAL', 'ORL'),
(307, 'LAL', 'PHI'),
(308, 'LAL', 'PHX'),
(309, 'LAL', 'POR'),
(310, 'LAL', 'SAC'),
(311, 'LAL', 'SAS'),
(312, 'LAL', 'TOR'),
(313, 'LAL', 'UTA'),
(314, 'LAL', 'WSH'),
(315, 'MEM', 'MIA'),
(316, 'MEM', 'MIL'),
(317, 'MEM', 'MIN'),
(318, 'MEM', 'NOP'),
(319, 'MEM', 'NYK'),
(320, 'MEM', 'OKC'),
(321, 'MEM', 'ORL'),
(322, 'MEM', 'PHI'),
(323, 'MEM', 'PHX'),
(324, 'MEM', 'POR'),
(325, 'MEM', 'SAC'),
(326, 'MEM', 'SAS'),
(327, 'MEM', 'TOR'),
(328, 'MEM', 'UTA'),
(329, 'MEM', 'WSH'),
(330, 'MIA', 'MIL'),
(331, 'MIA', 'MIN'),
(332, 'MIA', 'NOP'),
(333, 'MIA', 'NYK'),
(334, 'MIA', 'OKC'),
(335, 'MIA', 'ORL'),
(336, 'MIA', 'PHI'),
(337, 'MIA', 'PHX'),
(338, 'MIA', 'POR'),
(339, 'MIA', 'SAC'),
(340, 'MIA', 'SAS'),
(341, 'MIA', 'TOR'),
(342, 'MIA', 'UTA'),
(343, 'MIA', 'WSH'),
(344, 'MIL', 'MIN'),
(345, 'MIL', 'NOP'),
(346, 'MIL', 'NYK'),
(347, 'MIL', 'OKC'),
(348, 'MIL', 'ORL'),
(349, 'MIL', 'PHI'),
(350, 'MIL', 'PHX'),
(351, 'MIL', 'POR'),
(352, 'MIL', 'SAC'),
(353, 'MIL', 'SAS'),
(354, 'MIL', 'TOR'),
(355, 'MIL', 'UTA'),
(356, 'MIL', 'WSH'),
(357, 'MIN', 'NOP'),
(358, 'MIN', 'NYK'),
(359, 'MIN', 'OKC'),
(360, 'MIN', 'ORL'),
(361, 'MIN', 'PHI'),
(362, 'MIN', 'PHX'),
(363, 'MIN', 'POR'),
(364, 'MIN', 'SAC'),
(365, 'MIN', 'SAS'),
(366, 'MIN', 'TOR'),
(367, 'MIN', 'UTA'),
(368, 'MIN', 'WSH'),
(369, 'NOP', 'NYK'),
(370, 'NOP', 'OKC'),
(371, 'NOP', 'ORL'),
(372, 'NOP', 'PHI'),
(373, 'NOP', 'PHX'),
(374, 'NOP', 'POR'),
(375, 'NOP', 'SAC'),
(376, 'NOP', 'SAS'),
(377, 'NOP', 'TOR'),
(378, 'NOP', 'UTA'),
(379, 'NOP', 'WSH'),
(380, 'NYK', 'OKC'),
(381, 'NYK', 'ORL'),
(382, 'NYK', 'PHI'),
(383, 'NYK', 'PHX'),
(384, 'NYK', 'POR'),
(385, 'NYK', 'SAC'),
(386, 'NYK', 'SAS'),
(387, 'NYK', 'TOR'),
(388, 'NYK', 'UTA'),
(389, 'NYK', 'WSH'),
(390, 'OKC', 'ORL'),
(391, 'OKC', 'PHI'),
(392, 'OKC', 'PHX'),
(393, 'OKC', 'POR'),
(394, 'OKC', 'SAC'),
(395, 'OKC', 'SAS'),
(396, 'OKC', 'TOR'),
(397, 'OKC', 'UTA'),
(398, 'OKC', 'WSH'),
(399, 'ORL', 'PHI'),
(400, 'ORL', 'PHX'),
(401, 'ORL', 'POR'),
(402, 'ORL', 'SAC'),
(403, 'ORL', 'SAS'),
(404, 'ORL', 'TOR'),
(405, 'ORL', 'UTA'),
(406, 'ORL', 'WSH'),
(407, 'PHI', 'PHX'),
(408, 'PHI', 'POR'),
(409, 'PHI', 'SAC'),
(410, 'PHI', 'SAS'),
(411, 'PHI', 'TOR'),
(412, 'PHI', 'UTA'),
(413, 'PHI', 'WSH'),
(414, 'PHX', 'POR'),
(415, 'PHX', 'SAC'),
(416, 'PHX', 'SAS'),
(417, 'PHX', 'TOR'),
(418, 'PHX', 'UTA'),
(419, 'PHX', 'WSH'),
(420, 'POR', 'SAC'),
(421, 'POR', 'SAS'),
(422, 'POR', 'TOR'),
(423, 'POR', 'UTA'),
(424, 'POR', 'WSH'),
(425, 'SAC', 'SAS'),
(426, 'SAC', 'TOR'),
(427, 'SAC', 'UTA'),
(428, 'SAC', 'WSH'),
(429, 'SAS', 'TOR'),
(430, 'SAS', 'UTA'),
(431, 'SAS', 'WSH'),
(432, 'TOR', 'UTA'),
(433, 'TOR', 'WSH');

INSERT INTO game (gameID, matchupID, date, location) VALUES
(280, 0, '20141205', 'BKN'),
(682, 0, '20150128', 'ATL'),
(1137, 0, '20150404', 'ATL'),
(1164, 0, '20150408', 'BKN'),
(254, 1, '20141202', 'ATL'),
(580, 1, '20150114', 'BOS'),
(787, 1, '20150211', 'BOS'),
(71, 2, '20141107', 'CHA'),
(237, 2, '20141129', 'ATL'),
(1086, 2, '20150328', 'CHA'),
(1176, 2, '20150410', 'ATL'),
(2441, 2, '20151030', 'ATL'),
(358, 3, '20141215', 'ATL'),
(602, 3, '20150117', 'CHI'),
(133, 4, '20141115', 'CLE'),
(370, 4, '20141217', 'CLE'),
(466, 4, '20141230', 'ATL'),
(915, 4, '20150306', 'ATL'),
(413, 5, '20141222', 'DAL'),
(841, 5, '20150225', 'ATL'),
(295, 6, '20141207', 'ATL'),
(957, 6, '20150311', 'DEN'),
(174, 7, '20141121', 'ATL'),
(540, 7, '20150109', 'DET'),
(613, 7, '20150119', 'ATL'),
(1108, 7, '20150331', 'DET'),
(748, 8, '20150206', 'ATL'),
(1013, 8, '20150318', 'GSW'),
(396, 9, '20141220', 'HOU'),
(891, 9, '20150303', 'ATL'),
(32, 10, '20141101', 'ATL'),
(301, 10, '20141208', 'IND'),
(628, 10, '20150121', 'ATL'),
(420, 11, '20141223', 'ATL'),
(519, 11, '20150105', 'LAC'),
(155, 12, '20141118', 'ATL'),
(988, 12, '20150315', 'LAL'),
(526, 13, '20150107', 'ATL'),
(765, 13, '20150208', 'MEM'),
(124, 14, '20141114', 'ATL'),
(267, 14, '20141203', 'MIA'),
(869, 14, '20150228', 'MIA'),
(1076, 14, '20150327', 'ATL'),
(434, 15, '20141226', 'ATL'),
(449, 15, '20141227', 'MIL'),
(820, 15, '20150222', 'MIL'),
(1102, 15, '20150330', 'ATL'),
(661, 16, '20150125', 'ATL'),
(777, 16, '20150209', 'MIN'),
(225, 17, '20141128', 'ATL'),
(720, 17, '20150202', 'NOP'),
(84, 18, '20141108', 'ATL'),
(100, 18, '20141110', 'NYK'),
(1205, 18, '20150413', 'ATL'),
(642, 19, '20150123', 'ATL'),
(1025, 19, '20150320', 'OKC'),
(330, 20, '20141212', 'ATL'),
(343, 20, '20141213', 'ORL'),
(856, 20, '20150227', 'ATL'),
(1061, 20, '20150325', 'ORL'),
(319, 21, '20141210', 'ATL'),
(568, 21, '20150113', 'PHI'),
(706, 21, '20150131', 'ATL'),
(926, 21, '20150307', 'PHI'),
(973, 22, '20150313', 'PHX'),
(1154, 22, '20150407', 'ATL'),
(501, 23, '20150103', 'POR'),
(695, 23, '20150130', 'ATL'),
(938, 24, '20150309', 'ATL'),
(997, 24, '20150316', 'SAC'),
(64, 25, '20141105', 'SAS'),
(1038, 25, '20150322', 'ATL'),
(8, 26, '20141029', 'TOR'),
(215, 26, '20141126', 'ATL'),
(592, 26, '20150116', 'TOR'),
(803, 26, '20150220', 'ATL'),
(110, 27, '20141112', 'ATL'),
(492, 27, '20150102', 'UTA'),
(205, 28, '20141125', 'WSH'),
(558, 28, '20150111', 'ATL'),
(730, 28, '20150204', 'ATL'),
(1198, 28, '20150412', 'WSH'),
(6, 29, '20141029', 'BOS'),
(432, 29, '20141226', 'BOS'),
(527, 29, '20150107', 'BKN'),
(1048, 29, '20150323', 'BKN'),
(2449, 29, '20151122', 'BKN'),
(341, 30, '20141213', 'CHA'),
(898, 30, '20150304', 'BKN'),
(1059, 30, '20150325', 'CHA'),
(242, 31, '20141130', 'BKN'),
(320, 31, '20141210', 'CHI'),
(467, 31, '20141230', 'CHI'),
(1206, 31, '20150413', 'BKN'),
(303, 32, '20141208', 'BKN'),
(386, 32, '20141219', 'CLE'),
(1004, 32, '20150318', 'CLE'),
(1077, 32, '20150327', 'BKN'),
(511, 33, '20150105', 'BKN'),
(872, 33, '20150228', 'DAL'),
(421, 34, '20141223', 'BKN'),
(832, 34, '20150223', 'DEN'),
(33, 35, '20141101', 'DET'),
(403, 35, '20141221', 'BKN'),
(551, 35, '20150110', 'DET'),
(121, 36, '20141113', 'GSW'),
(884, 36, '20150302', 'BKN'),
(564, 37, '20150112', 'BKN'),
(861, 37, '20150227', 'HOU'),
(448, 38, '20141227', 'BKN'),
(1031, 38, '20150321', 'IND'),
(1107, 38, '20150331', 'BKN'),
(640, 39, '20150122', 'LAC'),
(718, 39, '20150202', 'BKN'),
(813, 40, '20150220', 'LAL'),
(1092, 40, '20150329', 'BKN'),
(576, 41, '20150114', 'BKN'),
(784, 41, '20150210', 'MEM'),
(149, 42, '20141117', 'BKN'),
(364, 42, '20141216', 'BKN'),
(505, 42, '20150104', 'MIA'),
(954, 42, '20150311', 'MIA'),
(164, 43, '20141119', 'BKN'),
(776, 43, '20150209', 'MIL'),
(1021, 43, '20150320', 'BKN'),
(1193, 43, '20150412', 'MIL'),
(60, 44, '20141105', 'BKN'),
(993, 44, '20150316', 'MIN'),
(847, 45, '20150225', 'NOP'),
(946, 45, '20150310', 'BKN'),
(75, 46, '20141107', 'BKN'),
(256, 46, '20141202', 'NYK'),
(744, 46, '20150206', 'BKN'),
(1115, 46, '20150401', 'NYK'),
(44, 47, '20141103', 'BKN'),
(178, 47, '20141121', 'OKC'),
(90, 48, '20141109', 'BKN'),
(485, 48, '20150102', 'ORL'),
(213, 49, '20141126', 'PHI'),
(332, 49, '20141212', 'BKN'),
(539, 49, '20150109', 'BKN'),
(977, 49, '20150314', 'PHI'),
(116, 50, '20141112', 'PHX'),
(916, 50, '20150306', 'BKN'),
(138, 51, '20141115', 'POR'),
(1153, 51, '20150406', 'BKN'),
(461, 52, '20141229', 'BKN'),
(635, 52, '20150121', 'SAC'),
(191, 53, '20141122', 'SAS'),
(266, 53, '20141203', 'BKN'),
(2443, 53, '20151030', 'SAS'),
(374, 54, '20141217', 'TOR'),
(697, 54, '20150130', 'BKN'),
(732, 54, '20150204', 'TOR'),
(1129, 54, '20150403', 'BKN'),
(655, 55, '20150124', 'UTA'),
(932, 55, '20150308', 'BKN'),
(590, 56, '20150116', 'WSH'),
(604, 56, '20150117', 'BKN'),
(757, 56, '20150207', 'WSH'),
(1177, 56, '20150410', 'BKN'),
(316, 57, '20141210', 'CHA'),
(510, 57, '20150105', 'BOS'),
(857, 57, '20150227', 'BOS'),
(1100, 57, '20150330', 'CHA'),
(86, 58, '20141108', 'CHI'),
(223, 58, '20141128', 'BOS'),
(496, 58, '20150103', 'CHI'),
(591, 58, '20150116', 'BOS'),
(125, 59, '20141114', 'BOS'),
(890, 59, '20150303', 'CLE'),
(1178, 59, '20150410', 'CLE'),
(1194, 59, '20150412', 'BOS'),
(46, 60, '20141103', 'DAL'),
(486, 60, '20150102', 'BOS'),
(649, 61, '20150123', 'DEN'),
(731, 61, '20150204', 'BOS'),
(265, 62, '20141203', 'BOS'),
(1042, 62, '20150322', 'BOS'),
(1163, 62, '20150408', 'DET'),
(665, 63, '20150125', 'GSW'),
(878, 63, '20150301', 'BOS'),
(34, 64, '20141101', 'HOU'),
(696, 64, '20150130', 'BOS'),
(74, 65, '20141107', 'BOS'),
(538, 65, '20150109', 'IND'),
(975, 65, '20150314', 'IND'),
(1114, 65, '20150401', 'BOS'),
(614, 66, '20150119', 'LAC'),
(1095, 66, '20150329', 'BOS'),
(279, 67, '20141205', 'BOS'),
(827, 67, '20150222', 'LAL'),
(176, 68, '20141121', 'MEM'),
(953, 68, '20150311', 'BOS'),
(404, 69, '20141221', 'MIA'),
(714, 69, '20150201', 'BOS'),
(939, 69, '20150309', 'MIA'),
(1064, 69, '20150325', 'BOS'),
(761, 70, '20150207', 'MIL'),
(1128, 70, '20150403', 'BOS'),
(385, 71, '20141219', 'BOS'),
(684, 71, '20150128', 'MIN'),
(563, 72, '20150112', 'BOS'),
(919, 72, '20150306', 'NOP'),
(331, 73, '20141212', 'BOS'),
(726, 73, '20150203', 'NYK'),
(842, 73, '20150225', 'BOS'),
(1078, 73, '20150327', 'NYK'),
(111, 74, '20141112', 'BOS'),
(1010, 74, '20150318', 'OKC'),
(371, 75, '20141217', 'BOS'),
(418, 75, '20141223', 'ORL'),
(934, 75, '20150308', 'ORL'),
(968, 75, '20150313', 'BOS'),
(162, 76, '20141119', 'PHI'),
(357, 76, '20141215', 'PHI'),
(749, 76, '20150206', 'BOS'),
(991, 76, '20150316', 'BOS'),
(148, 77, '20141117', 'BOS'),
(833, 77, '20150223', 'PHX'),
(194, 78, '20141123', 'BOS'),
(639, 78, '20150122', 'POR'),
(475, 79, '20141231', 'BOS'),
(811, 79, '20150220', 'SAC'),
(241, 80, '20141130', 'BOS'),
(1027, 80, '20150320', 'SAS'),
(59, 81, '20141105', 'BOS'),
(553, 81, '20150110', 'TOR'),
(1139, 81, '20150404', 'TOR'),
(1214, 81, '20150414', 'BOS'),
(2439, 81, '20151030', 'BOS'),
(671, 82, '20150126', 'UTA'),
(897, 82, '20150304', 'BOS'),
(294, 83, '20141207', 'BOS'),
(302, 83, '20141208', 'WSH'),
(445, 83, '20141227', 'WSH'),
(263, 84, '20141203', 'CHA'),
(843, 84, '20150225', 'CHI'),
(966, 84, '20150313', 'CHA'),
(1050, 84, '20150323', 'CHI'),
(355, 85, '20141215', 'CLE'),
(484, 85, '20150102', 'CHA'),
(643, 85, '20150123', 'CLE'),
(146, 86, '20141117', 'CHA'),
(825, 86, '20150222', 'DAL'),
(409, 87, '20141222', 'CHA'),
(711, 87, '20150131', 'DEN'),
(781, 88, '20150210', 'CHA'),
(933, 88, '20150308', 'DET'),
(1111, 88, '20150401', 'CHA'),
(1195, 88, '20150412', 'DET'),
(140, 89, '20141115', 'GSW'),
(224, 89, '20141128', 'CHA'),
(478, 90, '20141231', 'HOU'),
(1202, 90, '20150413', 'CHA'),
(160, 91, '20141119', 'IND'),
(600, 91, '20150117', 'CHA'),
(766, 91, '20150208', 'CHA'),
(1126, 91, '20150403', 'IND'),
(198, 92, '20141124', 'CHA'),
(1003, 92, '20150317', 'LAC'),
(97, 93, '20141109', 'LAL'),
(889, 93, '20150303', 'CHA'),
(28, 94, '20141101', 'CHA'),
(334, 94, '20141212', 'MEM'),
(57, 95, '20141105', 'CHA'),
(195, 95, '20141123', 'MIA'),
(625, 95, '20150121', 'CHA'),
(1155, 95, '20150407', 'MIA'),
(4, 96, '20141029', 'CHA'),
(423, 96, '20141223', 'MIL'),
(459, 96, '20141229', 'CHA'),
(611, 97, '20150119', 'CHA'),
(1044, 97, '20150322', 'MIN'),
(54, 98, '20141104', 'NOP'),
(522, 98, '20150107', 'CHA'),
(41, 99, '20141102', 'NYK'),
(276, 99, '20141205', 'CHA'),
(549, 99, '20150110', 'NYK'),
(652, 99, '20150124', 'CHA'),
(438, 100, '20141226', 'OKC'),
(814, 100, '20150221', 'CHA'),
(172, 101, '20141121', 'CHA'),
(444, 101, '20141227', 'CHA'),
(495, 101, '20150103', 'ORL'),
(880, 101, '20150301', 'ORL'),
(384, 102, '20141219', 'PHI'),
(759, 102, '20150207', 'PHI'),
(1136, 102, '20150404', 'CHA'),
(130, 103, '20141114', 'PHX'),
(369, 103, '20141217', 'CHA'),
(107, 104, '20141111', 'POR'),
(210, 104, '20141126', 'CHA'),
(951, 105, '20150311', 'CHA'),
(1028, 105, '20150320', 'SAC'),
(2466, 105, '20151123', 'CHA'),
(574, 106, '20150114', 'CHA'),
(687, 106, '20150128', 'SAS'),
(535, 107, '20150108', 'TOR'),
(910, 107, '20150306', 'CHA'),
(1160, 107, '20150408', 'CHA'),
(395, 108, '20141220', 'CHA'),
(996, 108, '20150316', 'UTA'),
(717, 109, '20150202', 'WSH'),
(740, 109, '20150205', 'CHA'),
(937, 109, '20150309', 'CHA'),
(1075, 109, '20150327', 'WSH'),
(22, 110, '20141031', 'CHI'),
(619, 110, '20150119', 'CLE'),
(798, 110, '20150212', 'CHI'),
(1147, 110, '20150405', 'CLE'),
(257, 111, '20141202', 'CHI'),
(646, 111, '20150123', 'DAL'),
(209, 112, '20141125', 'DEN'),
(482, 112, '20150101', 'CHI'),
(101, 113, '20141110', 'CHI'),
(804, 113, '20150220', 'DET'),
(1032, 113, '20150321', 'DET'),
(1130, 113, '20150403', 'CHI'),
(2440, 113, '20151030', 'DET'),
(289, 114, '20141206', 'CHI'),
(677, 114, '20150127', 'GSW'),
(512, 115, '20150105', 'CHI'),
(733, 115, '20150204', 'HOU'),
(135, 116, '20141115', 'CHI'),
(460, 116, '20141229', 'IND'),
(911, 116, '20150306', 'IND'),
(1008, 116, '20150318', 'CHI'),
(154, 117, '20141117', 'LAC'),
(875, 117, '20150301', 'CHI'),
(430, 118, '20141225', 'CHI'),
(693, 118, '20150129', 'LAL'),
(389, 119, '20141219', 'MEM'),
(940, 119, '20150309', 'CHI'),
(349, 120, '20141214', 'MIA'),
(657, 120, '20150125', 'CHI'),
(1173, 120, '20150409', 'MIA'),
(62, 121, '20141105', 'MIL'),
(554, 121, '20150110', 'CHI'),
(829, 121, '20150223', 'CHI'),
(1117, 121, '20150401', 'MIL'),
(35, 122, '20141101', 'MIN'),
(860, 122, '20150227', 'CHI'),
(447, 123, '20141227', 'CHI'),
(756, 123, '20150207', 'NOP'),
(10, 124, '20141029', 'NYK'),
(379, 124, '20141218', 'CHI'),
(1087, 124, '20150328', 'CHI'),
(908, 125, '20150305', 'CHI'),
(981, 125, '20150315', 'OKC'),
(53, 126, '20141104', 'CHI'),
(566, 126, '20150112', 'CHI'),
(768, 126, '20150208', 'ORL'),
(1161, 126, '20150408', 'ORL'),
(73, 127, '20141107', 'PHI'),
(952, 127, '20150311', 'PHI'),
(1189, 127, '20150411', 'CHI'),
(702, 128, '20150130', 'PHX'),
(816, 128, '20150221', 'CHI'),
(183, 129, '20141121', 'POR'),
(328, 129, '20141212', 'CHI'),
(171, 130, '20141120', 'SAC'),
(783, 130, '20150210', 'CHI'),
(637, 131, '20150122', 'CHI'),
(930, 131, '20150308', 'SAS'),
(119, 132, '20141113', 'TOR'),
(410, 132, '20141222', 'CHI'),
(1024, 132, '20150320', 'CHI'),
(1063, 132, '20150325', 'TOR'),
(204, 133, '20141124', 'UTA'),
(528, 133, '20150107', 'CHI'),
(419, 134, '20141223', 'WSH'),
(543, 134, '20150109', 'WSH'),
(579, 134, '20150114', 'CHI'),
(892, 134, '20150303', 'CHI'),
(503, 135, '20150104', 'CLE'),
(947, 135, '20150310', 'DAL'),
(81, 136, '20141107', 'DEN'),
(147, 136, '20141117', 'CLE'),
(453, 137, '20141228', 'CLE'),
(674, 137, '20150127', 'DET'),
(837, 137, '20150224', 'DET'),
(1203, 137, '20150413', 'CLE'),
(547, 138, '20150109', 'GSW'),
(852, 138, '20150226', 'CLE'),
(523, 139, '20150107', 'CLE'),
(876, 139, '20150301', 'HOU'),
(238, 140, '20141129', 'CLE'),
(745, 140, '20150206', 'IND'),
(854, 140, '20150227', 'IND'),
(1022, 140, '20150320', 'CLE'),
(599, 141, '20150116', 'LAC'),
(741, 141, '20150205', 'CLE'),
(586, 142, '20150115', 'LAL'),
(764, 142, '20150208', 'CLE'),
(401, 143, '20141221', 'CLE'),
(1065, 143, '20150325', 'MEM'),
(429, 144, '20141225', 'MIA'),
(794, 144, '20150211', 'CLE'),
(994, 144, '20150316', 'MIA'),
(1123, 144, '20150402', 'CLE'),
(2436, 144, '20151030', 'CLE'),
(253, 145, '20141202', 'CLE'),
(479, 145, '20141231', 'CLE'),
(1036, 145, '20150322', 'MIL'),
(1167, 145, '20150408', 'MIL'),
(416, 146, '20141223', 'CLE'),
(709, 146, '20150131', 'MIN'),
(98, 147, '20141110', 'CLE'),
(336, 147, '20141212', 'NOP'),
(18, 148, '20141030', 'CLE'),
(273, 148, '20141204', 'NYK'),
(819, 148, '20150222', 'NYK'),
(326, 149, '20141211', 'OKC'),
(658, 149, '20150125', 'CLE'),
(199, 150, '20141124', 'CLE'),
(433, 150, '20141226', 'ORL'),
(984, 150, '20150315', 'ORL'),
(2467, 150, '20151123', 'CLE'),
(509, 151, '20150105', 'PHI'),
(716, 151, '20150202', 'CLE'),
(1094, 151, '20150329', 'CLE'),
(570, 152, '20150113', 'PHX'),
(923, 152, '20150307', 'CLE'),
(55, 153, '20141104', 'POR'),
(679, 153, '20150128', 'CLE'),
(561, 154, '20150111', 'SAC'),
(698, 154, '20150130', 'CLE'),
(159, 155, '20141119', 'CLE'),
(964, 155, '20150312', 'SAS'),
(186, 156, '20141122', 'CLE'),
(281, 156, '20141205', 'TOR'),
(308, 156, '20141209', 'CLE'),
(899, 156, '20150304', 'TOR'),
(66, 157, '20141105', 'UTA'),
(626, 157, '20150121', 'CLE'),
(179, 158, '20141121', 'WSH'),
(211, 158, '20141126', 'CLE'),
(807, 158, '20150220', 'WSH'),
(581, 159, '20150114', 'DEN'),
(594, 159, '20150116', 'DAL'),
(1184, 159, '20150410', 'DEN'),
(372, 160, '20141217', 'DET'),
(529, 160, '20150107', 'DAL'),
(340, 161, '20141213', 'DAL'),
(739, 161, '20150204', 'GSW'),
(921, 161, '20150306', 'GSW'),
(1141, 161, '20150404', 'DAL'),
(188, 162, '20141122', 'HOU'),
(683, 162, '20150128', 'HOU'),
(808, 162, '20150220', 'DAL'),
(1124, 162, '20150402', 'DAL'),
(203, 163, '20141124', 'DAL'),
(1098, 163, '20150329', 'IND'),
(550, 164, '20150110', 'LAC'),
(779, 164, '20150209', 'DAL'),
(971, 164, '20150313', 'DAL'),
(180, 165, '20141121', 'DAL'),
(439, 165, '20141226', 'DAL'),
(936, 165, '20150308', 'LAL'),
(1201, 165, '20150412', 'LAL'),
(310, 166, '20141209', 'MEM'),
(616, 166, '20150119', 'MEM'),
(676, 166, '20150127', 'DAL'),
(1026, 166, '20150320', 'DAL'),
(94, 167, '20141109', 'DAL'),
(700, 167, '20150130', 'MIA'),
(269, 168, '20141203', 'MIL'),
(298, 168, '20141207', 'DAL'),
(137, 169, '20141115', 'DAL'),
(631, 169, '20150121', 'MIN'),
(722, 169, '20150202', 'DAL'),
(27, 170, '20141101', 'NOP'),
(322, 170, '20141210', 'DAL'),
(660, 170, '20150125', 'NOP'),
(887, 170, '20150302', 'DAL'),
(214, 171, '20141126', 'DAL'),
(367, 171, '20141216', 'NYK'),
(455, 172, '20141228', 'DAL'),
(799, 172, '20150219', 'OKC'),
(995, 172, '20150316', 'DAL'),
(1119, 172, '20150401', 'OKC'),
(2451, 172, '20151122', 'OKC'),
(704, 173, '20150131', 'ORL'),
(1011, 173, '20150318', 'DAL'),
(120, 174, '20141113', 'DAL'),
(235, 174, '20141129', 'PHI'),
(284, 175, '20141205', 'DAL'),
(425, 175, '20141223', 'PHX'),
(1045, 175, '20150322', 'PHX'),
(1171, 175, '20150408', 'DAL'),
(70, 176, '20141106', 'POR'),
(760, 176, '20150207', 'DAL'),
(909, 176, '20150305', 'POR'),
(106, 177, '20141111', 'DAL'),
(572, 177, '20150113', 'SAC'),
(742, 177, '20150205', 'SAC'),
(2, 178, '20141028', 'SAS'),
(397, 178, '20141220', 'DAL'),
(1056, 178, '20150324', 'DAL'),
(1083, 178, '20150327', 'SAS'),
(227, 179, '20141128', 'TOR'),
(839, 179, '20150224', 'DAL'),
(19, 180, '20141030', 'DAL'),
(80, 180, '20141107', 'UTA'),
(795, 180, '20150211', 'DAL'),
(1210, 180, '20150413', 'UTA'),
(163, 181, '20141119', 'WSH'),
(470, 181, '20141230', 'DAL'),
(11, 182, '20141029', 'DEN'),
(750, 182, '20150206', 'DET'),
(615, 183, '20150119', 'GSW'),
(972, 183, '20150313', 'DEN'),
(2452, 183, '20151122', 'DEN'),
(346, 184, '20141213', 'HOU'),
(378, 184, '20141217', 'DEN'),
(929, 184, '20150307', 'DEN'),
(1016, 184, '20150319', 'HOU'),
(122, 185, '20141114', 'IND'),
(398, 185, '20141220', 'DEN'),
(391, 186, '20141219', 'DEN'),
(672, 186, '20150126', 'LAC'),
(1143, 186, '20150404', 'DEN'),
(1213, 186, '20150413', 'LAC'),
(197, 187, '20141123', 'LAL'),
(471, 187, '20141230', 'DEN'),
(785, 187, '20150210', 'LAL'),
(1169, 187, '20150408', 'DEN'),
(500, 188, '20150103', 'DEN'),
(692, 188, '20150129', 'MEM'),
(992, 188, '20150316', 'MEM'),
(325, 189, '20141210', 'DEN'),
(1023, 189, '20150320', 'MIA'),
(809, 190, '20150220', 'MIL'),
(894, 190, '20150303', 'DEN'),
(440, 191, '20141226', 'DEN'),
(514, 191, '20150105', 'MIN'),
(606, 191, '20150117', 'DEN'),
(901, 191, '20150304', 'MIN'),
(2444, 191, '20151030', 'DEN'),
(181, 192, '20141121', 'DEN'),
(685, 192, '20150128', 'NOP'),
(882, 192, '20150301', 'DEN'),
(983, 192, '20150315', 'NOP'),
(142, 193, '20141116', 'NYK'),
(942, 193, '20150309', 'DEN'),
(36, 194, '20141101', 'OKC'),
(168, 194, '20141119', 'DEN'),
(780, 194, '20150209', 'DEN'),
(824, 194, '20150222', 'OKC'),
(530, 195, '20150107', 'DEN'),
(1043, 195, '20150322', 'ORL'),
(724, 196, '20150203', 'PHI'),
(1068, 196, '20150325', 'DEN'),
(221, 197, '20141126', 'PHX'),
(232, 197, '20141128', 'DEN'),
(848, 197, '20150225', 'DEN'),
(96, 198, '20141109', 'POR'),
(115, 198, '20141112', 'DEN'),
(259, 198, '20141202', 'DEN'),
(1090, 198, '20150328', 'POR'),
(47, 199, '20141103', 'DEN'),
(67, 199, '20141105', 'SAC'),
(546, 199, '20150109', 'SAC'),
(1196, 199, '20150412', 'DEN'),
(354, 200, '20141214', 'DEN'),
(624, 200, '20150120', 'DEN'),
(920, 200, '20150306', 'SAS'),
(1133, 200, '20150403', 'SAS'),
(304, 201, '20141208', 'TOR'),
(457, 201, '20141228', 'DEN'),
(251, 202, '20141201', 'UTA'),
(864, 202, '20150227', 'DEN'),
(1084, 202, '20150327', 'DEN'),
(1120, 202, '20150401', 'UTA'),
(278, 203, '20141205', 'WSH'),
(666, 203, '20150125', 'DEN'),
(243, 204, '20141130', 'DET'),
(959, 204, '20150311', 'GSW'),
(707, 205, '20150131', 'DET'),
(917, 205, '20150306', 'HOU'),
(435, 206, '20141226', 'DET'),
(587, 206, '20150116', 'IND'),
(729, 206, '20150204', 'IND'),
(1179, 206, '20150410', 'DET'),
(216, 207, '20141126', 'DET'),
(362, 207, '20141215', 'LAC'),
(255, 208, '20141202', 'DET'),
(950, 208, '20150310', 'LAL'),
(136, 209, '20141115', 'MEM'),
(999, 209, '20150317', 'DET'),
(725, 210, '20150203', 'DET'),
(1096, 210, '20150329', 'MIA'),
(1138, 210, '20150404', 'DET'),
(76, 211, '20141107', 'DET'),
(207, 211, '20141125', 'MIL'),
(226, 211, '20141128', 'DET'),
(653, 211, '20150124', 'MIL'),
(2469, 211, '20151123', 'MIL'),
(17, 212, '20141030', 'MIN'),
(767, 212, '20150208', 'DET'),
(577, 213, '20150114', 'DET'),
(902, 213, '20150304', 'NOP'),
(61, 214, '20141105', 'DET'),
(487, 214, '20150102', 'NYK'),
(858, 214, '20150227', 'DET'),
(129, 215, '20141114', 'OKC'),
(297, 215, '20141207', 'DET'),
(150, 216, '20141117', 'DET'),
(465, 216, '20141230', 'ORL'),
(629, 216, '20150121', 'DET'),
(1073, 216, '20150327', 'ORL'),
(288, 217, '20141206', 'DET'),
(601, 217, '20150117', 'DET'),
(680, 217, '20150128', 'PHI'),
(1005, 217, '20150318', 'PHI'),
(165, 218, '20141119', 'DET'),
(337, 218, '20141212', 'PHX'),
(309, 219, '20141209', 'DET'),
(974, 219, '20150313', 'POR'),
(347, 220, '20141213', 'SAC'),
(504, 220, '20150104', 'DET'),
(521, 221, '20150106', 'SAS'),
(788, 221, '20150211', 'DET'),
(387, 222, '20141219', 'DET'),
(565, 222, '20150112', 'TOR'),
(664, 222, '20150125', 'TOR'),
(1053, 222, '20150324', 'DET'),
(91, 223, '20141109', 'DET'),
(979, 223, '20150314', 'UTA'),
(109, 224, '20141112', 'WSH'),
(821, 224, '20150222', 'DET'),
(868, 224, '20150228', 'WSH'),
(87, 225, '20141108', 'HOU'),
(324, 225, '20141210', 'GSW'),
(603, 225, '20150117', 'HOU'),
(636, 225, '20150121', 'GSW'),
(2445, 225, '20151030', 'HOU'),
(533, 226, '20150107', 'GSW'),
(822, 226, '20150222', 'IND'),
(68, 227, '20141105', 'GSW'),
(431, 227, '20141225', 'LAC'),
(931, 227, '20150308', 'GSW'),
(1110, 227, '20150331', 'LAC'),
(38, 228, '20141101', 'GSW'),
(145, 228, '20141116', 'LAL'),
(426, 228, '20141223', 'LAL'),
(998, 228, '20150316', 'GSW'),
(365, 229, '20141216', 'MEM'),
(1081, 229, '20150327', 'MEM'),
(1212, 229, '20150413', 'GSW'),
(206, 230, '20141125', 'MIA'),
(582, 230, '20150114', 'GSW'),
(906, 231, '20150304', 'GSW'),
(1088, 231, '20150328', 'MIL'),
(305, 232, '20141208', 'MIN'),
(452, 232, '20141227', 'GSW'),
(791, 232, '20150211', 'MIN'),
(1192, 232, '20150411', 'GSW'),
(275, 233, '20141204', 'GSW'),
(348, 233, '20141214', 'NOP'),
(1029, 233, '20150320', 'GSW'),
(1156, 233, '20150407', 'NOP'),
(758, 234, '20150207', 'NYK'),
(980, 234, '20150314', 'GSW'),
(196, 235, '20141123', 'OKC'),
(382, 235, '20141218', 'GSW'),
(518, 235, '20150105', 'GSW'),
(593, 235, '20150116', 'OKC'),
(212, 236, '20141126', 'ORL'),
(262, 236, '20141202', 'GSW'),
(474, 237, '20141230', 'GSW'),
(773, 237, '20150209', 'PHI'),
(95, 238, '20141109', 'PHX'),
(713, 238, '20150131', 'GSW'),
(943, 238, '20150309', 'PHX'),
(1125, 238, '20150402', 'GSW'),
(42, 239, '20141102', 'POR'),
(1058, 239, '20150324', 'POR'),
(1174, 239, '20150409', 'GSW'),
(14, 240, '20141029', 'SAC'),
(415, 240, '20141222', 'GSW'),
(651, 240, '20150123', 'GSW'),
(728, 240, '20150203', 'SAC'),
(108, 241, '20141111', 'GSW'),
(812, 241, '20150220', 'GSW'),
(1149, 241, '20150405', 'SAS'),
(493, 242, '20150102', 'GSW'),
(859, 242, '20150227', 'TOR'),
(182, 243, '20141121', 'GSW'),
(571, 243, '20150113', 'UTA'),
(701, 243, '20150130', 'UTA'),
(1035, 243, '20150321', 'GSW'),
(836, 244, '20150224', 'WSH'),
(1052, 244, '20150323', 'GSW'),
(617, 245, '20150119', 'HOU'),
(1047, 245, '20150323', 'IND'),
(228, 246, '20141128', 'HOU'),
(797, 246, '20150211', 'LAC'),
(844, 246, '20150225', 'HOU'),
(982, 246, '20150315', 'LAC'),
(3, 247, '20141028', 'LAL'),
(169, 247, '20141119', 'HOU'),
(667, 247, '20150125', 'LAL'),
(151, 248, '20141117', 'MEM'),
(268, 248, '20141203', 'HOU'),
(436, 248, '20141226', 'MEM'),
(900, 248, '20150304', 'HOU'),
(50, 249, '20141104', 'MIA'),
(497, 249, '20150103', 'HOU'),
(240, 250, '20141129', 'MIL'),
(751, 250, '20150206', 'HOU'),
(117, 251, '20141112', 'MIN'),
(283, 251, '20141205', 'MIN'),
(830, 251, '20150223', 'HOU'),
(1080, 251, '20150327', 'HOU'),
(380, 252, '20141218', 'HOU'),
(488, 252, '20150102', 'NOP'),
(1067, 252, '20150325', 'NOP'),
(1199, 252, '20150412', 'HOU'),
(202, 253, '20141124', 'HOU'),
(536, 253, '20150108', 'NYK'),
(144, 254, '20141116', 'OKC'),
(585, 254, '20150115', 'HOU'),
(1146, 254, '20150405', 'OKC'),
(575, 255, '20150114', 'ORL'),
(1001, 255, '20150317', 'HOU'),
(43, 256, '20141103', 'PHI'),
(127, 256, '20141114', 'HOU'),
(290, 257, '20141206', 'HOU'),
(650, 257, '20150123', 'PHX'),
(782, 257, '20150210', 'PHX'),
(1033, 257, '20150321', 'HOU'),
(411, 258, '20141222', 'HOU'),
(769, 258, '20150208', 'HOU'),
(960, 258, '20150311', 'POR'),
(217, 259, '20141126', 'HOU'),
(327, 259, '20141211', 'SAC'),
(1116, 259, '20150401', 'HOU'),
(69, 260, '20141106', 'HOU'),
(454, 260, '20141228', 'SAS'),
(1168, 260, '20150408', 'SAS'),
(1181, 260, '20150410', 'HOU'),
(817, 261, '20150221', 'HOU'),
(1103, 261, '20150330', 'TOR'),
(12, 262, '20141029', 'UTA'),
(555, 262, '20150110', 'HOU'),
(963, 262, '20150312', 'UTA'),
(463, 263, '20141229', 'HOU'),
(1091, 263, '20150329', 'WSH'),
(317, 264, '20141210', 'IND'),
(377, 264, '20141217', 'LAC'),
(356, 265, '20141215', 'IND'),
(508, 265, '20150104', 'LAL'),
(21, 266, '20141031', 'IND'),
(112, 267, '20141112', 'MIA'),
(476, 267, '20141231', 'IND'),
(644, 267, '20150123', 'MIA'),
(1148, 267, '20150405', 'IND'),
(49, 268, '20141104', 'IND'),
(490, 268, '20150102', 'MIL'),
(961, 268, '20150312', 'IND'),
(1072, 268, '20150326', 'MIL'),
(407, 269, '20141221', 'MIN'),
(567, 269, '20150113', 'IND'),
(417, 270, '20141223', 'IND'),
(792, 270, '20150211', 'NOP'),
(691, 271, '20150129', 'IND'),
(895, 271, '20150304', 'IND'),
(925, 271, '20150307', 'NYK'),
(1165, 271, '20150408', 'NYK'),
(838, 272, '20150224', 'OKC'),
(1197, 272, '20150412', 'IND'),
(230, 273, '20141128', 'IND'),
(662, 273, '20150125', 'ORL'),
(945, 273, '20150310', 'IND'),
(5, 274, '20141029', 'IND'),
(552, 274, '20150110', 'PHI'),
(802, 274, '20150220', 'PHI'),
(879, 274, '20150301', 'IND'),
(184, 275, '20141122', 'IND'),
(260, 275, '20141202', 'PHX'),
(274, 276, '20141204', 'POR'),
(342, 276, '20141213', 'IND'),
(287, 277, '20141205', 'SAC'),
(703, 277, '20150131', 'IND'),
(220, 278, '20141126', 'SAS'),
(772, 278, '20150209', 'IND'),
(333, 279, '20141212', 'TOR'),
(673, 279, '20150127', 'IND'),
(989, 279, '20150316', 'IND'),
(99, 280, '20141110', 'IND'),
(516, 280, '20150105', 'UTA'),
(63, 281, '20141105', 'WSH'),
(83, 281, '20141108', 'IND'),
(1062, 281, '20150325', 'WSH'),
(1215, 281, '20150414', 'IND'),
(26, 282, '20141031', 'LAL'),
(534, 282, '20150107', 'LAC'),
(1152, 282, '20150405', 'LAL'),
(1159, 282, '20150407', 'LAC'),
(193, 283, '20141123', 'MEM'),
(835, 283, '20150223', 'LAC'),
(862, 283, '20150227', 'MEM'),
(1190, 283, '20150411', 'LAC'),
(170, 284, '20141120', 'MIA'),
(559, 284, '20150111', 'LAC'),
(344, 285, '20141213', 'MIL'),
(399, 285, '20141220', 'LAC'),
(252, 286, '20141201', 'LAC'),
(886, 286, '20150302', 'MIN'),
(944, 286, '20150309', 'LAC'),
(293, 287, '20141206', 'LAC'),
(699, 287, '20150130', 'NOP'),
(1039, 287, '20150322', 'LAC'),
(477, 288, '20141231', 'LAC'),
(1060, 288, '20150325', 'NYK'),
(20, 289, '20141030', 'LAC'),
(763, 289, '20150208', 'OKC'),
(956, 289, '20150311', 'OKC'),
(161, 290, '20141119', 'ORL'),
(272, 290, '20141203', 'LAC'),
(502, 291, '20150103', 'LAC'),
(1074, 291, '20150327', 'PHI'),
(141, 292, '20141115', 'LAC'),
(307, 292, '20141208', 'LAC'),
(659, 292, '20150125', 'PHX'),
(1216, 292, '20150414', 'PHX'),
(82, 293, '20141108', 'LAC'),
(583, 293, '20150114', 'POR'),
(907, 293, '20150304', 'LAC'),
(1121, 293, '20150401', 'POR'),
(39, 294, '20141102', 'LAC'),
(607, 294, '20150117', 'SAC'),
(818, 294, '20150221', 'LAC'),
(1012, 294, '20150318', 'SAC'),
(102, 295, '20141110', 'LAC'),
(414, 295, '20141222', 'SAS'),
(712, 295, '20150131', 'SAS'),
(800, 295, '20150219', 'LAC'),
(443, 296, '20141227', 'LAC'),
(747, 296, '20150206', 'TOR'),
(2448, 296, '20151122', 'LAC'),
(48, 297, '20141103', 'LAC'),
(239, 297, '20141129', 'UTA'),
(464, 297, '20141229', 'LAC'),
(688, 297, '20150128', 'UTA'),
(329, 298, '20141212', 'WSH'),
(1030, 298, '20150320', 'LAC'),
(104, 299, '20141111', 'MEM'),
(222, 299, '20141126', 'LAL'),
(494, 299, '20150102', 'LAL'),
(918, 299, '20150306', 'MEM'),
(573, 300, '20150113', 'LAL'),
(904, 300, '20150304', 'MIA'),
(734, 301, '20150204', 'MIL'),
(866, 301, '20150227', 'LAL'),
(234, 302, '20141128', 'LAL'),
(351, 302, '20141214', 'MIN'),
(1066, 302, '20150325', 'MIN'),
(1186, 302, '20150410', 'LAL'),
(114, 303, '20141112', 'NOP'),
(300, 303, '20141207', 'LAL'),
(632, 303, '20150121', 'NOP'),
(1122, 303, '20150401', 'LAL'),
(715, 304, '20150201', 'NYK'),
(965, 304, '20150312', 'LAL'),
(392, 305, '20141219', 'LAL'),
(881, 305, '20150301', 'LAL'),
(1055, 305, '20150324', 'OKC'),
(548, 306, '20150109', 'LAL'),
(746, 306, '20150206', 'ORL'),
(1046, 307, '20150322', 'LAL'),
(1101, 307, '20150330', 'PHI'),
(13, 308, '20141029', 'PHX'),
(56, 308, '20141104', 'LAL'),
(458, 308, '20141228', 'LAL'),
(622, 308, '20150119', 'PHX'),
(517, 309, '20150105', 'POR'),
(562, 309, '20150111', 'LAL'),
(796, 309, '20150211', 'POR'),
(1135, 309, '20150403', 'LAL'),
(2453, 309, '20151122', 'LAL'),
(315, 310, '20141209', 'LAL'),
(402, 310, '20141221', 'SAC'),
(1211, 310, '20150413', 'SAC'),
(2446, 310, '20151030', 'SAC'),
(131, 311, '20141114', 'LAL'),
(339, 311, '20141212', 'SAS'),
(648, 311, '20150123', 'SAS'),
(248, 312, '20141130', 'LAL'),
(1079, 312, '20150327', 'TOR'),
(597, 313, '20150116', 'UTA'),
(849, 313, '20150225', 'UTA'),
(1018, 313, '20150319', 'LAL'),
(264, 314, '20141203', 'WSH'),
(678, 314, '20150127', 'LAL'),
(296, 315, '20141207', 'MEM'),
(446, 315, '20141227', 'MIA'),
(88, 316, '20141108', 'MIL'),
(978, 316, '20150314', 'MEM'),
(9, 317, '20141029', 'MEM'),
(752, 317, '20150206', 'MIN'),
(871, 317, '20150228', 'MIN'),
(45, 318, '20141103', 'MEM'),
(541, 318, '20150109', 'NOP'),
(922, 318, '20150307', 'NOP'),
(1166, 318, '20150408', 'MEM'),
(513, 319, '20150105', 'MEM'),
(1049, 319, '20150323', 'NYK'),
(78, 320, '20141107', 'OKC'),
(708, 320, '20150131', 'MEM'),
(793, 320, '20150211', 'OKC'),
(1131, 320, '20150403', 'MEM'),
(588, 321, '20150116', 'ORL'),
(668, 321, '20150126', 'MEM'),
(345, 322, '20141213', 'PHI'),
(654, 322, '20150124', 'MEM'),
(65, 323, '20141105', 'PHX'),
(560, 323, '20150111', 'MEM'),
(723, 323, '20150202', 'PHX'),
(233, 324, '20141128', 'POR'),
(605, 324, '20150117', 'MEM'),
(826, 324, '20150222', 'POR'),
(1034, 324, '20150321', 'MEM'),
(118, 325, '20141113', 'MEM'),
(244, 325, '20141130', 'SAC'),
(850, 325, '20150225', 'SAC'),
(1104, 325, '20150330', 'MEM'),
(282, 326, '20141205', 'MEM'),
(375, 326, '20141217', 'SAS'),
(468, 326, '20141230', 'MEM'),
(1097, 326, '20150329', 'SAS'),
(166, 327, '20141119', 'TOR'),
(630, 327, '20150121', 'MEM'),
(412, 328, '20141222', 'MEM'),
(738, 328, '20150204', 'UTA'),
(893, 328, '20150303', 'MEM'),
(1185, 328, '20150410', 'UTA'),
(962, 329, '20150312', 'WSH'),
(1140, 329, '20150404', 'MEM'),
(143, 330, '20141116', 'MIA'),
(285, 330, '20141205', 'MIL'),
(675, 330, '20150127', 'MIA'),
(1054, 330, '20150324', 'MIL'),
(85, 331, '20141108', 'MIA'),
(735, 331, '20150204', 'MIN'),
(815, 332, '20150221', 'MIA'),
(863, 332, '20150227', 'NOP'),
(245, 333, '20141130', 'NYK'),
(775, 333, '20150209', 'MIA'),
(805, 333, '20150220', 'NYK'),
(2468, 333, '20151123', 'MIA'),
(623, 334, '20150120', 'MIA'),
(1037, 334, '20150322', 'OKC'),
(185, 335, '20141122', 'ORL'),
(462, 335, '20141229', 'MIA'),
(840, 335, '20150225', 'ORL'),
(1207, 335, '20150413', 'MIA'),
(30, 336, '20141101', 'PHI'),
(422, 336, '20141223', 'MIA'),
(828, 336, '20150223', 'MIA'),
(313, 337, '20141209', 'PHX'),
(885, 337, '20150302', 'MIA'),
(537, 338, '20150108', 'POR'),
(1006, 338, '20150318', 'MIA'),
(598, 339, '20150116', 'SAC'),
(924, 339, '20150307', 'MIA'),
(755, 340, '20150206', 'SAS'),
(1109, 340, '20150331', 'MIA'),
(40, 341, '20141102', 'MIA'),
(969, 341, '20150313', 'TOR'),
(1188, 341, '20150411', 'MIA'),
(338, 342, '20141212', 'UTA'),
(373, 342, '20141217', 'MIA'),
(7, 343, '20141029', 'MIA'),
(250, 343, '20141201', 'WSH'),
(388, 343, '20141219', 'MIA'),
(914, 343, '20150306', 'WSH'),
(218, 344, '20141126', 'MIN'),
(544, 344, '20150109', 'MIL'),
(941, 345, '20150309', 'MIL'),
(1002, 345, '20150317', 'NOP'),
(156, 346, '20141118', 'MIL'),
(506, 346, '20150104', 'NYK'),
(584, 346, '20150115', 'MIL'),
(1180, 346, '20150410', 'NYK'),
(105, 347, '20141111', 'MIL'),
(312, 347, '20141209', 'OKC'),
(123, 348, '20141114', 'ORL'),
(690, 348, '20150129', 'ORL'),
(955, 348, '20150311', 'MIL'),
(1142, 348, '20150404', 'MIL'),
(23, 349, '20141031', 'MIL'),
(524, 349, '20150107', 'PHI'),
(845, 349, '20150225', 'MIL'),
(1204, 349, '20150413', 'PHI'),
(360, 350, '20141215', 'PHX'),
(520, 350, '20150106', 'MIL'),
(376, 351, '20141217', 'POR'),
(710, 351, '20150131', 'MIL'),
(381, 352, '20141218', 'SAC'),
(790, 352, '20150211', 'MIL'),
(663, 353, '20150125', 'SAS'),
(1009, 353, '20150318', 'MIL'),
(175, 354, '20141121', 'TOR'),
(620, 354, '20150119', 'MIL'),
(719, 354, '20150202', 'TOR'),
(638, 355, '20150122', 'MIL'),
(874, 355, '20150228', 'UTA'),
(31, 356, '20141101', 'WSH'),
(190, 356, '20141122', 'MIL'),
(928, 356, '20150307', 'MIL'),
(2442, 356, '20151030', 'MIL'),
(128, 357, '20141114', 'NOP'),
(647, 357, '20150123', 'MIN'),
(1093, 357, '20150329', 'NOP'),
(1208, 357, '20150413', 'MIN'),
(167, 358, '20141119', 'MIN'),
(1015, 358, '20150319', 'NYK'),
(335, 359, '20141212', 'MIN'),
(670, 359, '20150126', 'OKC'),
(970, 359, '20150313', 'OKC'),
(72, 360, '20141107', 'ORL'),
(1132, 360, '20150403', 'MIN'),
(270, 361, '20141203', 'MIN'),
(694, 361, '20150130', 'PHI'),
(2470, 361, '20151123', 'MIN'),
(531, 362, '20150107', 'MIN'),
(596, 362, '20150116', 'PHX'),
(806, 362, '20150220', 'MIN'),
(958, 362, '20150311', 'PHX'),
(247, 363, '20141130', 'POR'),
(321, 363, '20141210', 'MIN'),
(927, 363, '20150307', 'MIN'),
(1172, 363, '20150408', 'POR'),
(189, 364, '20141122', 'MIN'),
(483, 364, '20150101', 'MIN'),
(1158, 364, '20150407', 'SAC'),
(177, 365, '20141121', 'MIN'),
(291, 365, '20141206', 'SAS'),
(556, 365, '20150110', 'MIN'),
(985, 365, '20150315', 'SAS'),
(1007, 366, '20150318', 'TOR'),
(1118, 366, '20150401', 'MIN'),
(472, 367, '20141230', 'UTA'),
(498, 367, '20150103', 'MIN'),
(1051, 367, '20150323', 'UTA'),
(1105, 367, '20150330', 'MIN'),
(363, 368, '20141216', 'WSH'),
(846, 368, '20150225', 'MIN'),
(311, 369, '20141209', 'NOP'),
(618, 369, '20150119', 'NYK'),
(258, 370, '20141202', 'NOP'),
(408, 370, '20141221', 'OKC'),
(736, 370, '20150204', 'NOP'),
(753, 370, '20150206', 'OKC'),
(1, 371, '20141028', 'NOP'),
(801, 371, '20150220', 'ORL'),
(589, 372, '20150116', 'PHI'),
(669, 372, '20150126', 'NOP'),
(469, 373, '20141230', 'NOP'),
(1017, 373, '20150319', 'PHX'),
(1182, 373, '20150410', 'NOP'),
(2450, 373, '20151122', 'NOP'),
(153, 374, '20141117', 'POR'),
(394, 374, '20141220', 'NOP'),
(1145, 374, '20150404', 'POR'),
(158, 375, '20141118', 'SAC'),
(208, 375, '20141125', 'NOP'),
(1082, 375, '20150327', 'NOP'),
(1134, 375, '20150403', 'SAC'),
(89, 376, '20141108', 'SAS'),
(437, 376, '20141226', 'NOP'),
(480, 376, '20141231', 'SAS'),
(608, 377, '20150118', 'TOR'),
(831, 377, '20150223', 'NOP'),
(192, 378, '20141122', 'UTA'),
(366, 378, '20141216', 'NOP'),
(778, 378, '20150209', 'NOP'),
(236, 379, '20141129', 'WSH'),
(515, 379, '20150105', 'NOP'),
(229, 380, '20141128', 'OKC'),
(686, 380, '20150128', 'NYK'),
(113, 381, '20141112', 'NYK'),
(645, 381, '20150123', 'NYK'),
(786, 381, '20150211', 'ORL'),
(1187, 381, '20150411', 'ORL'),
(187, 382, '20141122', 'NYK'),
(627, 382, '20150121', 'PHI'),
(1020, 382, '20150320', 'PHI'),
(1150, 382, '20150405', 'NYK'),
(393, 383, '20141220', 'NYK'),
(987, 383, '20150315', 'PHX'),
(299, 384, '20141207', 'NYK'),
(456, 384, '20141228', 'POR'),
(451, 385, '20141227', 'SAC'),
(888, 385, '20150303', 'NYK'),
(323, 386, '20141210', 'SAS'),
(1000, 386, '20150317', 'NYK'),
(353, 387, '20141214', 'NYK'),
(400, 387, '20141221', 'TOR'),
(870, 387, '20150228', 'NYK'),
(1040, 387, '20150322', 'TOR'),
(126, 388, '20141114', 'NYK'),
(949, 388, '20150310', 'UTA'),
(51, 389, '20141104', 'NYK'),
(427, 389, '20141225', 'NYK'),
(525, 389, '20150107', 'WSH'),
(1127, 389, '20150403', 'WSH'),
(609, 390, '20150118', 'ORL'),
(721, 390, '20150202', 'OKC'),
(2437, 390, '20151030', 'ORL'),
(277, 391, '20141205', 'PHI'),
(903, 391, '20150304', 'OKC'),
(352, 392, '20141214', 'OKC'),
(481, 392, '20141231', 'OKC'),
(853, 392, '20150226', 'PHX'),
(1099, 392, '20150329', 'PHX'),
(15, 393, '20141029', 'POR'),
(424, 393, '20141223', 'OKC'),
(867, 393, '20150227', 'POR'),
(1209, 393, '20150413', 'OKC'),
(92, 394, '20141109', 'OKC'),
(368, 394, '20141216', 'SAC'),
(532, 394, '20150107', 'SAC'),
(1183, 394, '20150410', 'OKC'),
(428, 395, '20141225', 'SAS'),
(1070, 395, '20150325', 'SAS'),
(1157, 395, '20150407', 'OKC'),
(52, 396, '20141104', 'TOR'),
(935, 396, '20150308', 'OKC'),
(157, 397, '20141118', 'UTA'),
(219, 397, '20141126', 'OKC'),
(542, 397, '20150109', 'OKC'),
(1089, 397, '20150328', 'UTA'),
(2472, 397, '20151123', 'UTA'),
(489, 398, '20150102', 'OKC'),
(633, 398, '20150121', 'WSH'),
(58, 399, '20141105', 'PHI'),
(405, 399, '20141221', 'ORL'),
(823, 399, '20150222', 'ORL'),
(246, 400, '20141130', 'PHX'),
(896, 400, '20150304', 'ORL'),
(557, 401, '20150110', 'POR'),
(1019, 401, '20150320', 'ORL'),
(292, 402, '20141206', 'SAC'),
(912, 402, '20150306', 'ORL'),
(737, 403, '20150204', 'SAS'),
(1112, 403, '20150401', 'ORL'),
(29, 404, '20141101', 'ORL'),
(103, 404, '20141111', 'TOR'),
(359, 404, '20141215', 'TOR'),
(1175, 404, '20150410', 'ORL'),
(286, 405, '20141205', 'UTA'),
(383, 405, '20141219', 'ORL'),
(16, 406, '20141030', 'ORL'),
(132, 406, '20141115', 'WSH'),
(318, 406, '20141210', 'ORL'),
(774, 406, '20150209', 'WSH'),
(173, 407, '20141121', 'PHI'),
(491, 407, '20150102', 'PHX'),
(200, 408, '20141124', 'PHI'),
(441, 408, '20141226', 'POR'),
(967, 409, '20150313', 'PHI'),
(1057, 409, '20150324', 'SAC'),
(152, 410, '20141117', 'SAS'),
(249, 410, '20141201', 'PHI'),
(93, 411, '20141109', 'TOR'),
(578, 411, '20150114', 'TOR'),
(641, 411, '20150123', 'PHI'),
(883, 411, '20150302', 'PHI'),
(450, 412, '20141227', 'UTA'),
(913, 412, '20150306', 'PHI'),
(2438, 412, '20151030', 'PHI'),
(612, 413, '20150119', 'WSH'),
(855, 413, '20150227', 'PHI'),
(1113, 413, '20150401', 'WSH'),
(1162, 413, '20150408', 'PHI'),
(634, 414, '20150121', 'PHX'),
(743, 414, '20150205', 'POR'),
(1085, 414, '20150327', 'PHX'),
(1106, 414, '20150330', 'POR'),
(2447, 414, '20151030', 'PHX'),
(79, 415, '20141107', 'PHX'),
(442, 415, '20141226', 'SAC'),
(771, 415, '20150208', 'SAC'),
(1071, 415, '20150325', 'PHX'),
(24, 416, '20141031', 'PHX'),
(545, 416, '20150109', 'SAS'),
(873, 416, '20150228', 'PHX'),
(1200, 416, '20150412', 'SAS'),
(2471, 416, '20151123', 'SAS'),
(201, 417, '20141124', 'TOR'),
(507, 417, '20150104', 'PHX'),
(37, 418, '20141101', 'UTA'),
(754, 418, '20150206', 'PHX'),
(1144, 418, '20150404', 'PHX'),
(406, 419, '20141221', 'WSH'),
(689, 419, '20150128', 'PHX'),
(25, 420, '20141031', 'SAC'),
(621, 420, '20150119', 'POR'),
(877, 420, '20150301', 'SAC'),
(361, 421, '20141215', 'POR'),
(390, 421, '20141219', 'SAS'),
(595, 421, '20150116', 'SAS'),
(851, 421, '20150225', 'POR'),
(473, 422, '20141230', 'POR'),
(986, 422, '20150315', 'TOR'),
(727, 423, '20150203', 'POR'),
(810, 423, '20150220', 'UTA'),
(1069, 423, '20150325', 'UTA'),
(1191, 423, '20150411', 'POR'),
(656, 424, '20150124', 'POR'),
(990, 424, '20150316', 'WSH'),
(139, 425, '20141115', 'SAC'),
(231, 425, '20141128', 'SAS'),
(865, 425, '20150227', 'SAC'),
(905, 425, '20150304', 'SAS'),
(261, 426, '20141202', 'SAC'),
(681, 426, '20150128', 'TOR'),
(306, 427, '20141208', 'SAC'),
(762, 427, '20150207', 'UTA'),
(1151, 427, '20150405', 'SAC'),
(1170, 427, '20150408', 'UTA'),
(976, 428, '20150314', 'WSH'),
(1041, 428, '20150322', 'SAC'),
(770, 429, '20150208', 'TOR'),
(948, 429, '20150310', 'SAS'),
(314, 430, '20141209', 'UTA'),
(610, 430, '20150118', 'SAS'),
(834, 430, '20150223', 'UTA'),
(499, 431, '20150103', 'SAS'),
(569, 431, '20150113', 'WSH'),
(134, 432, '20141115', 'TOR'),
(271, 432, '20141203', 'UTA'),
(77, 433, '20141107', 'TOR'),
(705, 433, '20150131', 'WSH'),
(789, 433, '20150211', 'TOR');


INSERT INTO teamstats (gameID, teamID, pts, reb, ORB, DRB, ast, stl, bs, tov, pf, fga, fgm, threepa, threepm, fta, ftm) VALUES
(1, 'NOP', 101, 62, 26, 36, 20, 10, 17, 9, 17, 101, 41, 17, 4, 31, 15),
(1, 'ORL', 84, 56, 16, 40, 17, 5, 9, 18, 25, 84, 32, 11, 4, 21, 16),
(2, 'DAL', 100, 33, 9, 24, 17, 9, 3, 10, 20, 78, 38, 21, 8, 19, 16),
(2, 'SAS', 101, 38, 9, 29, 23, 5, 3, 20, 20, 70, 37, 28, 14, 16, 13),
(3, 'HOU', 108, 47, 14, 33, 22, 7, 3, 13, 30, 73, 31, 29, 12, 50, 34),
(3, 'LAL', 90, 36, 11, 25, 16, 7, 3, 11, 32, 79, 28, 10, 3, 39, 31),
(4, 'CHA', 108, 50, 15, 35, 27, 8, 9, 10, 20, 101, 41, 21, 6, 29, 20),
(4, 'MIL', 106, 35, 3, 32, 25, 9, 10, 14, 25, 80, 39, 14, 7, 24, 21),
(5, 'IND', 103, 50, 14, 36, 22, 5, 13, 17, 24, 81, 38, 25, 8, 28, 19),
(5, 'PHI', 91, 42, 15, 27, 17, 10, 5, 11, 29, 89, 34, 21, 6, 30, 17),
(6, 'BKN', 105, 39, 9, 30, 20, 6, 7, 20, 21, 80, 39, 19, 7, 26, 20),
(6, 'BOS', 121, 35, 9, 26, 28, 11, 5, 12, 25, 88, 49, 22, 8, 23, 15),
(7, 'MIA', 107, 44, 12, 32, 20, 9, 3, 14, 17, 81, 39, 28, 9, 23, 20),
(7, 'WSH', 95, 36, 7, 29, 20, 7, 2, 14, 20, 75, 36, 19, 6, 24, 17),
(8, 'ATL', 102, 42, 10, 32, 26, 6, 8, 17, 24, 80, 40, 22, 13, 17, 9),
(8, 'TOR', 109, 48, 16, 32, 26, 13, 9, 9, 22, 90, 37, 26, 8, 33, 27),
(9, 'MEM', 105, 33, 10, 23, 21, 10, 5, 17, 21, 82, 43, 15, 4, 20, 15),
(9, 'MIN', 101, 47, 19, 28, 20, 8, 4, 23, 21, 86, 39, 12, 6, 23, 17),
(10, 'CHI', 104, 47, 10, 37, 21, 9, 4, 15, 18, 71, 36, 24, 7, 30, 25),
(10, 'NYK', 80, 38, 14, 24, 19, 9, 5, 11, 22, 85, 31, 17, 3, 17, 15),
(11, 'DEN', 89, 51, 14, 37, 17, 7, 4, 15, 21, 85, 30, 24, 6, 31, 23),
(11, 'DET', 79, 45, 8, 37, 15, 4, 5, 15, 27, 84, 31, 26, 6, 19, 11),
(12, 'HOU', 104, 35, 8, 27, 18, 7, 6, 18, 23, 77, 40, 27, 14, 14, 10),
(12, 'UTA', 93, 34, 13, 21, 16, 8, 6, 13, 16, 81, 38, 18, 3, 17, 14),
(13, 'LAL', 99, 38, 12, 26, 20, 9, 3, 13, 18, 86, 37, 13, 4, 25, 21),
(13, 'PHX', 119, 40, 9, 31, 23, 5, 3, 14, 25, 82, 45, 32, 16, 18, 13),
(14, 'GSW', 95, 44, 7, 37, 21, 12, 8, 22, 32, 75, 33, 27, 6, 32, 23),
(14, 'SAC', 77, 50, 15, 35, 13, 11, 3, 26, 26, 78, 24, 18, 3, 35, 26),
(15, 'OKC', 89, 43, 14, 29, 19, 9, 5, 13, 28, 81, 33, 16, 2, 26, 21),
(15, 'POR', 106, 42, 13, 29, 23, 4, 9, 10, 19, 87, 39, 29, 11, 22, 17),
(16, 'ORL', 98, 33, 3, 30, 20, 4, 1, 18, 23, 72, 37, 15, 6, 24, 18),
(16, 'WSH', 105, 37, 6, 31, 22, 10, 0, 12, 25, 80, 39, 13, 7, 26, 20),
(17, 'DET', 91, 46, 14, 32, 20, 3, 5, 12, 24, 91, 38, 21, 7, 13, 8),
(17, 'MIN', 97, 43, 10, 33, 18, 8, 3, 12, 21, 76, 37, 10, 4, 28, 19),
(18, 'CLE', 90, 33, 11, 22, 22, 5, 2, 19, 15, 70, 32, 24, 9, 20, 17),
(18, 'NYK', 95, 35, 9, 26, 30, 9, 1, 15, 26, 69, 37, 12, 6, 18, 15),
(19, 'DAL', 120, 44, 13, 31, 25, 8, 5, 9, 15, 85, 47, 21, 8, 23, 18),
(19, 'UTA', 102, 40, 15, 25, 22, 6, 0, 16, 21, 83, 36, 35, 14, 18, 16),
(20, 'LAC', 93, 33, 14, 19, 17, 10, 4, 11, 27, 87, 34, 30, 7, 25, 18),
(20, 'OKC', 90, 47, 8, 39, 23, 5, 2, 22, 27, 65, 28, 21, 6, 34, 28),
(21, 'IND', 89, 46, 11, 35, 19, 5, 3, 18, 15, 74, 34, 21, 8, 16, 13),
(21, 'MEM', 97, 40, 11, 29, 20, 11, 2, 9, 21, 79, 35, 19, 7, 27, 20),
(22, 'CHI', 108, 42, 11, 31, 25, 4, 14, 19, 28, 90, 41, 31, 13, 17, 13),
(22, 'CLE', 114, 52, 20, 32, 18, 8, 4, 9, 18, 104, 41, 15, 3, 33, 29),
(23, 'MIL', 93, 55, 15, 40, 25, 10, 11, 18, 19, 88, 36, 24, 9, 21, 12),
(23, 'PHI', 81, 42, 12, 30, 20, 9, 5, 16, 18, 86, 32, 23, 5, 22, 12),
(24, 'PHX', 94, 50, 12, 38, 15, 2, 5, 7, 21, 87, 35, 18, 2, 26, 22),
(24, 'SAS', 89, 45, 5, 40, 20, 3, 3, 12, 25, 78, 32, 25, 8, 23, 17),
(25, 'POR', 94, 38, 10, 28, 20, 5, 8, 10, 26, 83, 34, 26, 9, 19, 17),
(25, 'SAC', 103, 49, 14, 35, 14, 6, 2, 10, 24, 81, 34, 10, 4, 35, 31),
(26, 'LAC', 118, 36, 6, 30, 25, 6, 2, 14, 26, 71, 34, 33, 12, 44, 38),
(26, 'LAL', 111, 40, 9, 31, 24, 5, 2, 14, 35, 82, 42, 20, 7, 28, 20),
(27, 'DAL', 109, 44, 11, 33, 25, 4, 6, 12, 25, 89, 46, 25, 6, 19, 11),
(27, 'NOP', 104, 47, 14, 33, 24, 8, 4, 13, 19, 89, 38, 19, 7, 28, 21),
(28, 'CHA', 69, 44, 5, 39, 17, 10, 4, 20, 16, 72, 26, 14, 4, 18, 13),
(28, 'MEM', 71, 45, 9, 36, 16, 8, 0, 18, 22, 80, 29, 11, 3, 13, 10),
(29, 'ORL', 95, 40, 9, 31, 25, 3, 7, 14, 37, 81, 38, 20, 7, 24, 12),
(29, 'TOR', 108, 50, 15, 35, 13, 4, 4, 7, 21, 83, 33, 21, 4, 48, 38),
(30, 'MIA', 114, 35, 9, 26, 33, 16, 0, 16, 20, 83, 41, 24, 12, 29, 20),
(30, 'PHI', 96, 37, 4, 33, 28, 9, 10, 24, 21, 67, 35, 23, 7, 26, 19),
(31, 'MIL', 97, 42, 16, 26, 18, 11, 3, 27, 28, 80, 34, 22, 9, 24, 20),
(31, 'WSH', 108, 34, 6, 28, 28, 18, 5, 19, 21, 73, 40, 13, 4, 33, 24),
(32, 'ATL', 102, 37, 3, 34, 26, 10, 6, 12, 20, 69, 35, 20, 7, 33, 25),
(32, 'IND', 92, 44, 11, 33, 25, 5, 5, 18, 26, 81, 31, 32, 12, 21, 18),
(33, 'BKN', 102, 48, 12, 36, 18, 3, 3, 8, 23, 87, 42, 26, 7, 13, 11),
(33, 'DET', 90, 41, 10, 31, 21, 3, 3, 7, 15, 76, 32, 17, 1, 35, 25),
(34, 'BOS', 90, 44, 14, 30, 20, 10, 8, 10, 26, 98, 37, 25, 1, 18, 15),
(34, 'HOU', 104, 49, 10, 39, 20, 9, 8, 17, 24, 76, 32, 34, 12, 40, 28),
(35, 'CHI', 106, 38, 5, 33, 15, 3, 8, 14, 24, 69, 33, 23, 9, 40, 31),
(35, 'MIN', 105, 42, 13, 29, 26, 9, 4, 10, 29, 85, 38, 12, 4, 31, 25),
(36, 'DEN', 91, 41, 11, 30, 19, 4, 10, 17, 26, 80, 35, 26, 7, 20, 14),
(36, 'OKC', 102, 41, 6, 35, 24, 8, 6, 13, 20, 80, 37, 20, 6, 31, 22),
(37, 'PHX', 91, 34, 6, 28, 17, 8, 7, 11, 22, 87, 36, 31, 7, 15, 12),
(37, 'UTA', 118, 52, 13, 39, 19, 10, 6, 13, 15, 88, 42, 26, 7, 33, 27),
(38, 'GSW', 127, 43, 12, 31, 30, 10, 4, 20, 26, 83, 46, 23, 11, 28, 24),
(38, 'LAL', 104, 37, 17, 20, 21, 9, 3, 22, 27, 88, 41, 14, 4, 25, 18),
(39, 'LAC', 92, 35, 11, 24, 23, 10, 7, 8, 25, 88, 33, 31, 9, 21, 17),
(39, 'SAC', 98, 46, 9, 37, 21, 4, 11, 19, 22, 68, 34, 10, 3, 33, 27),
(40, 'MIA', 107, 43, 11, 32, 22, 6, 6, 16, 29, 70, 35, 24, 9, 38, 28),
(40, 'TOR', 102, 28, 9, 19, 11, 8, 5, 10, 28, 79, 37, 16, 4, 39, 24),
(41, 'CHA', 93, 38, 8, 30, 20, 7, 2, 12, 16, 70, 33, 15, 6, 29, 21),
(41, 'NYK', 96, 35, 8, 27, 23, 5, 0, 12, 26, 78, 39, 16, 8, 17, 10),
(42, 'GSW', 95, 41, 7, 34, 22, 11, 7, 17, 16, 81, 36, 19, 6, 21, 17),
(42, 'POR', 90, 56, 17, 39, 20, 9, 2, 19, 19, 92, 37, 27, 7, 14, 9),
(43, 'HOU', 104, 47, 13, 34, 27, 12, 6, 21, 20, 75, 32, 34, 16, 30, 24),
(43, 'PHI', 93, 31, 6, 25, 19, 12, 4, 17, 20, 74, 33, 22, 11, 23, 16),
(44, 'BKN', 116, 42, 9, 33, 25, 11, 3, 8, 21, 84, 44, 23, 11, 19, 17),
(44, 'OKC', 85, 44, 15, 29, 14, 3, 3, 17, 17, 82, 32, 23, 8, 21, 13),
(45, 'MEM', 93, 52, 9, 43, 19, 5, 6, 11, 24, 76, 31, 14, 4, 37, 27),
(45, 'NOP', 81, 49, 14, 35, 14, 5, 3, 12, 30, 86, 29, 24, 4, 29, 19),
(46, 'BOS', 113, 49, 22, 27, 29, 9, 6, 17, 21, 102, 45, 31, 11, 16, 12),
(46, 'DAL', 118, 36, 7, 29, 24, 5, 9, 17, 17, 82, 44, 25, 14, 20, 16),
(47, 'DEN', 105, 42, 15, 27, 22, 4, 7, 15, 35, 93, 36, 24, 5, 33, 28),
(47, 'SAC', 110, 50, 14, 36, 21, 8, 5, 15, 28, 81, 34, 9, 2, 47, 40),
(48, 'LAC', 107, 35, 5, 30, 28, 6, 6, 10, 17, 81, 41, 23, 10, 17, 15),
(48, 'UTA', 101, 43, 9, 34, 24, 4, 2, 17, 20, 77, 36, 27, 10, 24, 19),
(49, 'IND', 81, 47, 15, 32, 14, 4, 9, 17, 17, 78, 31, 24, 6, 22, 13),
(49, 'MIL', 87, 39, 9, 30, 20, 12, 5, 12, 22, 83, 37, 21, 7, 7, 6),
(50, 'HOU', 108, 38, 9, 29, 22, 8, 5, 16, 26, 68, 35, 37, 17, 27, 21),
(50, 'MIA', 91, 34, 13, 21, 16, 7, 2, 15, 21, 74, 31, 28, 12, 27, 17),
(51, 'NYK', 83, 43, 15, 28, 16, 5, 4, 18, 23, 81, 30, 15, 8, 19, 15),
(51, 'WSH', 98, 41, 10, 31, 26, 8, 4, 12, 25, 80, 39, 18, 8, 19, 12),
(52, 'OKC', 88, 41, 6, 35, 23, 4, 3, 19, 27, 65, 34, 21, 6, 25, 14),
(52, 'TOR', 100, 39, 12, 27, 23, 6, 3, 10, 24, 81, 32, 31, 8, 33, 28),
(53, 'CHI', 98, 44, 10, 34, 23, 6, 9, 12, 18, 75, 35, 15, 7, 27, 21),
(53, 'ORL', 90, 48, 14, 34, 21, 6, 6, 11, 22, 88, 38, 14, 6, 14, 8),
(54, 'CHA', 91, 34, 6, 28, 23, 6, 1, 12, 15, 80, 37, 21, 6, 13, 11),
(54, 'NOP', 100, 47, 11, 36, 26, 5, 6, 12, 19, 81, 38, 18, 5, 19, 19),
(55, 'CLE', 82, 41, 13, 28, 18, 5, 3, 14, 19, 85, 31, 21, 9, 14, 11),
(55, 'POR', 101, 48, 9, 39, 21, 7, 4, 11, 20, 75, 37, 25, 8, 25, 19),
(56, 'LAL', 106, 49, 18, 31, 16, 7, 8, 12, 25, 88, 35, 16, 6, 41, 30),
(56, 'PHX', 112, 52, 13, 39, 28, 6, 7, 13, 29, 91, 41, 18, 6, 31, 24),
(57, 'CHA', 96, 49, 13, 36, 23, 4, 9, 12, 24, 82, 35, 18, 5, 29, 21),
(57, 'MIA', 89, 36, 6, 30, 19, 6, 4, 8, 25, 77, 30, 22, 4, 31, 25),
(58, 'ORL', 91, 51, 14, 37, 14, 11, 3, 24, 20, 88, 39, 20, 3, 12, 10),
(58, 'PHI', 89, 38, 6, 32, 22, 12, 12, 20, 18, 77, 33, 25, 8, 23, 15),
(59, 'BOS', 107, 55, 17, 38, 22, 5, 3, 27, 25, 78, 40, 26, 10, 18, 17),
(59, 'TOR', 110, 24, 6, 18, 18, 11, 4, 7, 18, 87, 42, 16, 7, 23, 19),
(60, 'BKN', 91, 42, 7, 35, 17, 6, 5, 18, 22, 82, 36, 21, 8, 17, 11),
(60, 'MIN', 98, 51, 13, 38, 22, 9, 4, 11, 21, 90, 37, 17, 7, 22, 17),
(61, 'DET', 98, 55, 19, 36, 17, 5, 4, 8, 16, 87, 32, 23, 11, 33, 23),
(61, 'NYK', 95, 43, 11, 32, 25, 3, 9, 9, 23, 90, 39, 20, 9, 10, 8),
(62, 'CHI', 95, 42, 7, 35, 24, 8, 3, 16, 18, 73, 34, 16, 5, 30, 22),
(62, 'MIL', 86, 50, 18, 32, 19, 10, 3, 14, 28, 89, 33, 15, 3, 20, 17),
(63, 'IND', 94, 57, 14, 43, 22, 3, 9, 18, 27, 90, 35, 27, 8, 20, 16),
(63, 'WSH', 96, 43, 7, 36, 24, 7, 7, 12, 22, 91, 34, 17, 7, 23, 21),
(64, 'ATL', 92, 37, 10, 27, 26, 14, 5, 13, 25, 92, 38, 25, 8, 11, 8),
(64, 'SAS', 94, 50, 11, 39, 25, 7, 9, 19, 15, 69, 31, 17, 5, 38, 27),
(65, 'MEM', 102, 37, 8, 29, 25, 10, 1, 16, 21, 80, 40, 17, 9, 17, 13),
(65, 'PHX', 91, 35, 5, 30, 13, 11, 4, 18, 20, 69, 32, 21, 8, 21, 19),
(66, 'CLE', 100, 30, 7, 23, 6, 8, 4, 12, 22, 72, 30, 16, 6, 40, 34),
(66, 'UTA', 102, 41, 13, 28, 26, 3, 8, 12, 26, 77, 39, 21, 7, 22, 17),
(67, 'DEN', 109, 32, 7, 25, 24, 4, 5, 14, 37, 82, 37, 28, 9, 31, 26),
(67, 'SAC', 131, 40, 9, 31, 21, 8, 3, 13, 30, 76, 42, 20, 8, 50, 39),
(68, 'GSW', 121, 39, 4, 35, 29, 7, 3, 23, 22, 74, 43, 25, 15, 20, 20),
(68, 'LAC', 104, 30, 5, 25, 26, 12, 2, 14, 14, 82, 38, 19, 7, 27, 21),
(69, 'HOU', 98, 44, 8, 36, 18, 7, 6, 21, 20, 72, 34, 27, 10, 33, 20),
(69, 'SAS', 81, 41, 12, 29, 17, 12, 1, 14, 24, 90, 31, 20, 2, 19, 17),
(70, 'DAL', 87, 34, 8, 26, 14, 6, 4, 7, 17, 90, 33, 23, 5, 16, 16),
(70, 'POR', 108, 53, 12, 41, 25, 3, 6, 17, 21, 77, 40, 30, 12, 19, 16),
(71, 'ATL', 119, 38, 7, 31, 28, 8, 3, 19, 33, 93, 43, 33, 13, 26, 20),
(71, 'CHA', 122, 51, 11, 40, 31, 6, 7, 19, 30, 97, 48, 21, 6, 27, 20),
(72, 'MIN', 103, 38, 9, 29, 24, 9, 7, 12, 22, 93, 40, 18, 4, 25, 19),
(72, 'ORL', 112, 52, 12, 40, 19, 5, 6, 21, 27, 91, 46, 10, 5, 19, 15),
(73, 'CHI', 118, 40, 12, 28, 25, 4, 6, 17, 21, 78, 40, 24, 12, 34, 26),
(73, 'PHI', 115, 42, 17, 25, 29, 7, 2, 12, 29, 91, 43, 30, 12, 25, 17),
(74, 'BOS', 101, 38, 9, 29, 26, 6, 3, 12, 19, 85, 39, 27, 9, 16, 14),
(74, 'IND', 98, 42, 14, 28, 18, 2, 6, 13, 17, 88, 40, 19, 5, 13, 13),
(75, 'BKN', 110, 42, 7, 35, 18, 6, 6, 16, 24, 74, 38, 24, 14, 26, 20),
(75, 'NYK', 99, 43, 15, 28, 22, 7, 2, 14, 24, 90, 37, 19, 8, 21, 17),
(76, 'DET', 98, 40, 12, 28, 18, 7, 5, 18, 24, 75, 37, 23, 11, 24, 13),
(76, 'MIL', 95, 35, 9, 26, 26, 10, 6, 13, 19, 77, 36, 20, 5, 23, 18),
(77, 'TOR', 103, 49, 10, 39, 19, 5, 3, 13, 27, 80, 35, 22, 9, 31, 24),
(77, 'WSH', 84, 50, 16, 34, 19, 7, 5, 13, 29, 83, 30, 19, 3, 32, 21),
(78, 'MEM', 91, 38, 9, 29, 21, 10, 4, 8, 14, 81, 34, 18, 9, 17, 14),
(78, 'OKC', 89, 44, 10, 34, 16, 3, 1, 17, 18, 79, 37, 25, 12, 11, 3),
(79, 'PHX', 112, 42, 9, 33, 19, 7, 7, 12, 33, 98, 42, 31, 10, 25, 18),
(79, 'SAC', 114, 60, 13, 47, 16, 6, 4, 15, 27, 91, 39, 16, 3, 39, 33),
(80, 'DAL', 105, 42, 13, 29, 23, 12, 3, 8, 22, 88, 42, 24, 9, 14, 12),
(80, 'UTA', 82, 41, 9, 32, 19, 4, 6, 21, 17, 68, 29, 28, 9, 19, 15),
(81, 'CLE', 110, 42, 6, 36, 25, 5, 3, 8, 14, 84, 40, 23, 6, 33, 24),
(81, 'DEN', 101, 42, 8, 34, 22, 5, 5, 13, 22, 85, 40, 29, 11, 15, 10),
(82, 'LAC', 106, 37, 8, 29, 17, 8, 4, 7, 19, 81, 40, 12, 5, 30, 21),
(82, 'POR', 102, 43, 9, 34, 25, 2, 3, 16, 26, 80, 36, 25, 10, 25, 20),
(83, 'IND', 90, 38, 8, 30, 11, 5, 3, 18, 24, 77, 33, 24, 8, 25, 16),
(83, 'WSH', 97, 49, 13, 36, 23, 8, 4, 14, 25, 81, 39, 11, 2, 23, 17),
(84, 'ATL', 103, 41, 12, 29, 18, 10, 5, 8, 17, 81, 33, 22, 9, 36, 28),
(84, 'NYK', 96, 44, 13, 31, 26, 2, 6, 15, 29, 84, 40, 21, 8, 11, 8),
(85, 'MIA', 102, 40, 6, 34, 26, 8, 2, 14, 19, 78, 41, 13, 5, 17, 15),
(85, 'MIN', 92, 49, 17, 32, 13, 9, 2, 16, 17, 87, 35, 16, 4, 23, 18),
(86, 'BOS', 106, 45, 7, 38, 25, 6, 3, 12, 17, 81, 42, 19, 7, 20, 15),
(86, 'CHI', 101, 38, 11, 27, 26, 5, 2, 8, 16, 92, 42, 18, 8, 15, 9),
(87, 'GSW', 98, 54, 15, 39, 22, 11, 8, 26, 19, 87, 39, 28, 9, 17, 11),
(87, 'HOU', 87, 46, 16, 30, 13, 14, 0, 22, 17, 86, 30, 42, 10, 21, 17),
(88, 'MEM', 92, 40, 15, 25, 15, 9, 2, 13, 18, 82, 29, 14, 3, 34, 31),
(88, 'MIL', 93, 43, 16, 27, 24, 7, 4, 16, 24, 88, 40, 18, 5, 11, 8),
(89, 'NOP', 100, 30, 6, 24, 22, 11, 9, 11, 20, 85, 40, 21, 8, 14, 12),
(89, 'SAS', 99, 49, 17, 32, 15, 4, 7, 18, 17, 80, 36, 18, 5, 29, 22),
(90, 'BKN', 104, 45, 14, 31, 23, 10, 5, 14, 21, 83, 40, 14, 4, 23, 20),
(90, 'ORL', 96, 31, 5, 26, 25, 7, 2, 17, 24, 75, 39, 15, 8, 16, 10),
(91, 'DET', 96, 51, 18, 33, 19, 6, 2, 11, 22, 93, 36, 23, 6, 25, 18),
(91, 'UTA', 97, 43, 9, 34, 20, 7, 2, 11, 18, 72, 33, 15, 6, 35, 25),
(92, 'OKC', 101, 40, 11, 29, 16, 5, 6, 14, 22, 78, 36, 18, 6, 27, 23),
(92, 'SAC', 93, 37, 9, 28, 23, 11, 2, 10, 24, 80, 36, 24, 6, 22, 15),
(93, 'PHI', 88, 31, 11, 20, 19, 11, 6, 17, 23, 87, 33, 34, 10, 18, 12),
(93, 'TOR', 120, 39, 4, 35, 23, 12, 8, 20, 17, 76, 43, 17, 7, 30, 27),
(94, 'DAL', 96, 41, 15, 26, 22, 8, 7, 13, 15, 83, 35, 29, 9, 24, 17),
(94, 'MIA', 105, 38, 6, 32, 31, 7, 3, 13, 23, 76, 42, 23, 9, 20, 12),
(95, 'GSW', 95, 36, 3, 33, 16, 9, 7, 26, 26, 69, 33, 24, 11, 21, 18),
(95, 'PHX', 107, 39, 9, 30, 17, 9, 2, 21, 19, 79, 34, 30, 12, 33, 27),
(96, 'DEN', 100, 55, 18, 37, 14, 5, 7, 15, 22, 91, 36, 13, 5, 30, 23),
(96, 'POR', 116, 51, 16, 35, 27, 7, 11, 10, 21, 100, 45, 31, 16, 14, 10),
(97, 'CHA', 92, 39, 12, 27, 15, 5, 0, 11, 18, 79, 35, 14, 3, 27, 19),
(97, 'LAL', 107, 38, 8, 30, 28, 8, 2, 11, 23, 82, 42, 17, 6, 22, 17),
(98, 'CLE', 118, 45, 12, 33, 26, 3, 5, 9, 13, 81, 40, 27, 13, 30, 25),
(98, 'NOP', 111, 40, 14, 26, 31, 8, 5, 5, 20, 93, 41, 27, 12, 20, 17),
(99, 'IND', 97, 44, 13, 31, 16, 3, 3, 7, 19, 90, 39, 15, 6, 15, 13),
(99, 'UTA', 86, 37, 5, 32, 18, 5, 6, 11, 18, 74, 32, 21, 6, 21, 16),
(100, 'ATL', 91, 38, 9, 29, 20, 7, 3, 15, 16, 71, 27, 27, 10, 28, 27),
(100, 'NYK', 85, 40, 11, 29, 23, 4, 2, 15, 26, 83, 36, 26, 6, 12, 7),
(101, 'CHI', 102, 49, 9, 40, 22, 6, 8, 10, 19, 88, 39, 20, 7, 20, 17),
(101, 'DET', 91, 46, 9, 37, 19, 5, 6, 15, 21, 80, 34, 14, 7, 25, 16),
(102, 'LAC', 85, 44, 8, 36, 26, 6, 8, 15, 20, 74, 33, 22, 5, 17, 14),
(102, 'SAS', 89, 39, 10, 29, 20, 11, 4, 8, 17, 83, 33, 19, 2, 27, 21),
(103, 'ORL', 100, 39, 6, 33, 26, 8, 5, 16, 24, 81, 39, 25, 12, 16, 10),
(103, 'TOR', 104, 40, 5, 35, 16, 9, 1, 12, 17, 77, 35, 21, 9, 30, 25),
(104, 'LAL', 102, 38, 15, 23, 22, 8, 6, 13, 22, 87, 41, 22, 7, 17, 13),
(104, 'MEM', 107, 38, 12, 26, 21, 8, 2, 13, 18, 78, 41, 11, 4, 26, 21),
(105, 'MIL', 85, 51, 14, 37, 18, 5, 6, 16, 22, 81, 33, 15, 3, 24, 16),
(105, 'OKC', 78, 46, 13, 33, 15, 6, 5, 15, 22, 87, 29, 20, 6, 19, 14),
(106, 'DAL', 106, 33, 9, 24, 23, 8, 8, 11, 29, 80, 38, 27, 10, 24, 20),
(106, 'SAC', 98, 43, 12, 31, 17, 5, 1, 20, 32, 72, 32, 19, 9, 32, 25),
(107, 'CHA', 100, 38, 6, 32, 16, 5, 3, 13, 16, 75, 35, 16, 7, 27, 23),
(107, 'POR', 102, 48, 15, 33, 25, 6, 4, 12, 21, 93, 40, 25, 8, 16, 14),
(108, 'GSW', 100, 38, 1, 37, 23, 5, 4, 19, 16, 70, 38, 20, 7, 20, 17),
(108, 'SAS', 113, 36, 8, 28, 28, 9, 1, 8, 19, 93, 46, 25, 10, 15, 11),
(109, 'DET', 103, 39, 7, 32, 19, 5, 6, 13, 25, 81, 38, 22, 9, 22, 18),
(109, 'WSH', 107, 46, 11, 35, 27, 10, 6, 11, 22, 83, 40, 11, 3, 33, 24),
(110, 'ATL', 100, 46, 13, 33, 23, 8, 4, 18, 12, 76, 39, 20, 9, 18, 13),
(110, 'UTA', 97, 30, 8, 22, 28, 12, 8, 11, 17, 86, 43, 23, 5, 12, 6),
(111, 'BOS', 94, 35, 7, 28, 28, 5, 3, 8, 20, 83, 37, 33, 9, 13, 11),
(111, 'OKC', 109, 41, 8, 33, 23, 1, 3, 8, 13, 82, 40, 24, 10, 22, 19),
(112, 'IND', 81, 53, 16, 37, 13, 5, 5, 15, 17, 80, 30, 26, 8, 15, 13),
(112, 'MIA', 75, 28, 6, 22, 18, 11, 5, 9, 18, 68, 29, 20, 9, 18, 8),
(113, 'NYK', 95, 40, 11, 29, 17, 2, 6, 7, 27, 86, 37, 23, 8, 14, 13),
(113, 'ORL', 97, 37, 4, 33, 20, 4, 1, 10, 19, 70, 33, 12, 6, 32, 25),
(114, 'LAL', 102, 38, 11, 27, 15, 8, 5, 9, 14, 84, 35, 21, 7, 32, 25),
(114, 'NOP', 109, 44, 8, 36, 27, 3, 12, 13, 24, 82, 45, 19, 8, 18, 11),
(115, 'DEN', 113, 47, 15, 32, 21, 10, 2, 12, 24, 90, 39, 23, 8, 33, 27),
(115, 'POR', 130, 46, 12, 34, 30, 7, 9, 14, 21, 88, 45, 33, 16, 29, 24),
(116, 'BKN', 104, 37, 8, 29, 17, 9, 4, 19, 25, 74, 35, 21, 9, 32, 25),
(116, 'PHX', 112, 44, 12, 32, 20, 10, 2, 20, 22, 81, 39, 24, 8, 29, 26),
(117, 'HOU', 113, 40, 13, 27, 25, 7, 7, 13, 29, 89, 43, 28, 13, 19, 14),
(117, 'MIN', 101, 41, 9, 32, 22, 6, 6, 13, 17, 81, 36, 12, 6, 30, 23),
(118, 'MEM', 111, 30, 8, 22, 24, 9, 4, 9, 25, 77, 39, 9, 6, 34, 27),
(118, 'SAC', 110, 44, 13, 31, 12, 6, 5, 14, 26, 77, 37, 13, 7, 34, 29),
(119, 'CHI', 100, 48, 13, 35, 26, 7, 7, 19, 18, 77, 37, 15, 4, 32, 22),
(119, 'TOR', 93, 38, 13, 25, 17, 11, 7, 14, 28, 89, 35, 25, 8, 21, 15),
(120, 'DAL', 123, 51, 9, 42, 33, 14, 5, 15, 25, 80, 41, 32, 11, 36, 30),
(120, 'PHI', 70, 46, 18, 28, 9, 7, 4, 27, 24, 77, 23, 27, 7, 33, 17),
(121, 'BKN', 99, 41, 7, 34, 19, 5, 2, 12, 22, 89, 39, 16, 3, 20, 18),
(121, 'GSW', 107, 45, 14, 31, 30, 7, 10, 10, 16, 90, 41, 34, 11, 21, 14),
(122, 'DEN', 108, 46, 13, 33, 20, 8, 5, 8, 25, 87, 43, 23, 8, 25, 14),
(122, 'IND', 87, 42, 11, 31, 17, 2, 7, 13, 19, 84, 34, 22, 8, 22, 11),
(123, 'MIL', 85, 38, 5, 33, 19, 8, 4, 16, 25, 80, 36, 19, 2, 14, 11),
(123, 'ORL', 101, 45, 10, 35, 22, 7, 3, 15, 15, 80, 35, 24, 10, 27, 21),
(124, 'ATL', 114, 36, 3, 33, 33, 10, 5, 13, 20, 75, 42, 28, 11, 23, 19),
(124, 'MIA', 103, 32, 5, 27, 27, 10, 3, 14, 20, 74, 35, 21, 10, 25, 23),
(125, 'BOS', 121, 39, 8, 31, 32, 7, 1, 14, 26, 88, 48, 20, 6, 23, 19),
(125, 'CLE', 122, 40, 8, 32, 22, 5, 5, 11, 21, 85, 43, 23, 8, 37, 28),
(126, 'NYK', 100, 31, 7, 24, 15, 12, 1, 8, 26, 82, 39, 8, 5, 20, 17),
(126, 'UTA', 102, 39, 11, 28, 25, 6, 8, 18, 20, 70, 36, 22, 10, 25, 20),
(127, 'HOU', 88, 47, 13, 34, 16, 17, 11, 21, 25, 78, 29, 34, 7, 37, 23),
(127, 'PHI', 87, 46, 14, 32, 19, 10, 5, 23, 28, 80, 34, 21, 7, 18, 12),
(128, 'MIN', 91, 37, 11, 26, 13, 5, 3, 22, 17, 72, 29, 14, 3, 41, 30),
(128, 'NOP', 139, 34, 3, 31, 31, 13, 3, 13, 30, 84, 56, 20, 15, 16, 12),
(129, 'DET', 96, 55, 14, 41, 18, 8, 5, 16, 17, 89, 38, 31, 11, 15, 9),
(129, 'OKC', 89, 42, 10, 32, 23, 9, 7, 14, 23, 96, 38, 36, 12, 6, 1),
(130, 'CHA', 103, 46, 14, 32, 21, 5, 3, 7, 15, 91, 39, 16, 7, 19, 18),
(130, 'PHX', 95, 45, 11, 34, 16, 3, 6, 11, 23, 86, 37, 29, 8, 14, 13),
(131, 'LAL', 80, 46, 11, 35, 17, 6, 5, 13, 13, 75, 28, 12, 2, 31, 22),
(131, 'SAS', 93, 44, 7, 37, 28, 9, 2, 10, 23, 80, 33, 23, 10, 20, 17),
(132, 'ORL', 93, 40, 9, 31, 14, 5, 2, 15, 21, 78, 37, 17, 7, 18, 12),
(132, 'WSH', 98, 40, 9, 31, 31, 5, 8, 11, 16, 84, 42, 10, 3, 16, 11),
(133, 'ATL', 94, 37, 11, 26, 26, 6, 8, 18, 12, 90, 40, 22, 3, 13, 11),
(133, 'CLE', 127, 47, 12, 35, 39, 12, 2, 13, 14, 90, 49, 31, 19, 13, 10),
(134, 'TOR', 111, 42, 13, 29, 15, 6, 5, 8, 19, 84, 43, 21, 8, 23, 17),
(134, 'UTA', 93, 38, 10, 28, 22, 5, 3, 11, 21, 75, 33, 16, 5, 30, 22),
(135, 'CHI', 90, 34, 10, 24, 18, 6, 7, 13, 19, 83, 35, 17, 4, 23, 16),
(135, 'IND', 99, 46, 10, 36, 18, 5, 6, 14, 22, 77, 37, 18, 7, 25, 18),
(136, 'DET', 88, 43, 9, 34, 15, 4, 6, 9, 22, 82, 34, 26, 10, 17, 10),
(136, 'MEM', 95, 53, 18, 35, 18, 5, 4, 8, 18, 86, 32, 15, 4, 33, 27),
(137, 'DAL', 131, 40, 12, 28, 31, 5, 10, 7, 24, 94, 52, 26, 8, 23, 19),
(137, 'MIN', 117, 41, 12, 29, 24, 2, 2, 17, 30, 86, 43, 17, 7, 29, 24),
(138, 'BKN', 87, 43, 12, 31, 15, 7, 2, 9, 24, 89, 35, 19, 1, 17, 16),
(138, 'POR', 97, 47, 13, 34, 26, 6, 3, 14, 16, 78, 33, 26, 11, 27, 20),
(139, 'SAC', 94, 42, 8, 34, 19, 5, 6, 9, 18, 86, 37, 12, 0, 24, 20),
(139, 'SAS', 91, 38, 7, 31, 24, 6, 8, 14, 25, 80, 34, 24, 7, 18, 16),
(140, 'CHA', 87, 41, 10, 31, 14, 5, 2, 12, 13, 84, 32, 17, 7, 28, 16),
(140, 'GSW', 112, 51, 11, 40, 30, 7, 3, 14, 25, 87, 45, 26, 11, 14, 11),
(141, 'LAC', 120, 47, 4, 43, 24, 5, 12, 20, 26, 68, 36, 29, 14, 43, 34),
(141, 'PHX', 107, 43, 16, 27, 26, 9, 3, 10, 30, 99, 38, 30, 11, 23, 20),
(142, 'DEN', 93, 39, 10, 29, 20, 9, 0, 17, 21, 82, 32, 34, 13, 26, 16),
(142, 'NYK', 109, 43, 8, 35, 16, 9, 3, 15, 22, 76, 41, 14, 6, 27, 21),
(143, 'MIA', 84, 40, 6, 34, 19, 10, 6, 17, 20, 73, 30, 25, 11, 22, 13),
(143, 'MIL', 91, 40, 5, 35, 16, 11, 1, 16, 24, 74, 35, 18, 5, 26, 16),
(144, 'HOU', 69, 54, 22, 32, 11, 5, 6, 14, 23, 80, 23, 35, 7, 30, 16),
(144, 'OKC', 65, 45, 11, 34, 14, 6, 15, 15, 30, 68, 20, 19, 3, 28, 22),
(145, 'GSW', 136, 51, 11, 40, 32, 4, 5, 16, 26, 86, 46, 28, 14, 34, 30),
(145, 'LAL', 115, 48, 20, 28, 17, 9, 4, 7, 27, 99, 39, 16, 3, 43, 34),
(146, 'CHA', 80, 35, 7, 28, 22, 1, 3, 11, 17, 80, 32, 22, 10, 13, 6),
(146, 'DAL', 107, 50, 10, 40, 32, 7, 4, 7, 18, 84, 43, 28, 10, 16, 11),
(147, 'CLE', 97, 42, 9, 33, 18, 7, 8, 15, 15, 79, 34, 29, 10, 23, 19),
(147, 'DEN', 106, 39, 9, 30, 25, 10, 4, 15, 18, 85, 41, 31, 12, 15, 12),
(148, 'BOS', 114, 44, 11, 33, 28, 10, 4, 18, 19, 87, 45, 10, 4, 31, 20),
(148, 'PHX', 118, 40, 8, 32, 30, 11, 2, 18, 23, 93, 48, 21, 9, 16, 13),
(149, 'BKN', 83, 35, 11, 24, 18, 10, 5, 12, 19, 70, 29, 23, 9, 26, 16),
(149, 'MIA', 95, 41, 10, 31, 19, 6, 2, 14, 24, 72, 31, 27, 9, 27, 24),
(150, 'DET', 93, 41, 10, 31, 17, 5, 4, 14, 19, 80, 32, 24, 11, 24, 18),
(150, 'ORL', 107, 39, 6, 33, 33, 9, 2, 11, 21, 79, 41, 26, 13, 15, 12),
(151, 'HOU', 93, 35, 10, 25, 24, 6, 4, 21, 19, 78, 34, 34, 8, 21, 17),
(151, 'MEM', 119, 38, 10, 28, 27, 14, 5, 10, 19, 86, 46, 17, 7, 22, 20),
(152, 'PHI', 75, 39, 5, 34, 15, 11, 4, 13, 18, 83, 27, 26, 4, 24, 17),
(152, 'SAS', 100, 52, 6, 46, 27, 9, 8, 17, 17, 81, 36, 26, 10, 21, 18),
(153, 'NOP', 93, 41, 13, 28, 16, 11, 4, 11, 23, 85, 38, 19, 5, 19, 12),
(153, 'POR', 102, 43, 10, 33, 20, 7, 1, 18, 21, 76, 38, 19, 7, 23, 19),
(154, 'CHI', 105, 45, 9, 36, 28, 7, 2, 8, 24, 80, 39, 26, 10, 25, 17),
(154, 'LAC', 89, 40, 9, 31, 20, 2, 5, 12, 21, 81, 36, 23, 7, 22, 10),
(155, 'ATL', 109, 38, 13, 25, 22, 7, 3, 10, 17, 85, 41, 27, 9, 23, 18),
(155, 'LAL', 114, 44, 13, 31, 24, 7, 0, 11, 24, 87, 47, 17, 6, 22, 14),
(156, 'MIL', 117, 44, 17, 27, 30, 5, 0, 16, 24, 78, 43, 17, 9, 27, 22),
(156, 'NYK', 113, 28, 11, 17, 30, 9, 3, 12, 22, 80, 44, 25, 11, 19, 14),
(157, 'OKC', 81, 44, 12, 32, 17, 8, 6, 13, 22, 84, 30, 23, 8, 19, 13),
(157, 'UTA', 98, 55, 12, 43, 22, 8, 4, 13, 17, 81, 35, 24, 10, 26, 18),
(158, 'NOP', 106, 32, 4, 28, 21, 6, 6, 6, 25, 79, 39, 24, 9, 24, 19),
(158, 'SAC', 100, 52, 17, 35, 23, 3, 2, 15, 15, 86, 38, 11, 4, 29, 20),
(159, 'CLE', 90, 38, 10, 28, 23, 7, 5, 16, 21, 83, 37, 18, 7, 13, 9),
(159, 'SAS', 92, 42, 10, 32, 26, 11, 4, 15, 20, 74, 35, 16, 5, 25, 17),
(160, 'CHA', 86, 41, 12, 29, 18, 6, 6, 5, 21, 86, 37, 14, 5, 12, 7),
(160, 'IND', 88, 51, 14, 37, 15, 3, 3, 11, 13, 78, 35, 15, 2, 24, 16),
(161, 'LAC', 114, 39, 2, 37, 24, 8, 9, 7, 19, 84, 45, 21, 12, 16, 12),
(161, 'ORL', 90, 48, 11, 37, 21, 5, 1, 13, 17, 86, 34, 24, 8, 18, 14),
(162, 'BOS', 101, 44, 7, 37, 32, 11, 4, 15, 19, 83, 41, 20, 6, 21, 13),
(162, 'PHI', 90, 44, 9, 35, 22, 10, 2, 15, 20, 86, 34, 21, 7, 21, 15),
(163, 'DAL', 105, 44, 10, 34, 18, 5, 5, 12, 19, 82, 34, 28, 12, 29, 25),
(163, 'WSH', 102, 42, 9, 33, 25, 8, 3, 13, 27, 84, 37, 22, 10, 21, 18),
(164, 'BKN', 118, 49, 10, 39, 26, 7, 6, 20, 25, 92, 44, 31, 9, 29, 21),
(164, 'MIL', 122, 51, 16, 35, 23, 12, 4, 13, 28, 108, 48, 24, 5, 28, 21),
(165, 'DET', 86, 43, 15, 28, 21, 9, 1, 14, 16, 87, 33, 25, 7, 19, 13),
(165, 'PHX', 88, 41, 5, 36, 21, 10, 4, 17, 22, 75, 37, 15, 4, 13, 10),
(166, 'MEM', 92, 50, 15, 35, 16, 8, 4, 13, 16, 80, 35, 10, 3, 26, 19),
(166, 'TOR', 96, 35, 7, 28, 24, 9, 6, 8, 20, 83, 38, 26, 9, 13, 11),
(167, 'MIN', 115, 35, 15, 20, 26, 15, 2, 14, 23, 89, 44, 22, 11, 22, 16),
(167, 'NYK', 99, 33, 8, 25, 19, 6, 3, 22, 22, 69, 34, 16, 9, 28, 22),
(168, 'DEN', 107, 42, 12, 30, 25, 6, 5, 8, 20, 82, 40, 29, 10, 22, 17),
(168, 'OKC', 100, 39, 13, 26, 21, 5, 0, 10, 24, 79, 36, 23, 10, 25, 18),
(169, 'HOU', 92, 38, 6, 32, 20, 8, 6, 17, 25, 74, 30, 38, 15, 23, 17),
(169, 'LAL', 98, 47, 14, 33, 17, 8, 3, 13, 18, 91, 37, 20, 5, 23, 19),
(170, 'LAC', 110, 35, 4, 31, 31, 6, 0, 13, 21, 77, 43, 31, 13, 17, 11),
(170, 'MIA', 93, 30, 6, 24, 11, 10, 3, 12, 15, 67, 30, 26, 6, 31, 27),
(171, 'CHI', 88, 42, 13, 29, 23, 6, 4, 14, 26, 84, 36, 19, 5, 16, 11),
(171, 'SAC', 103, 40, 7, 33, 26, 5, 4, 13, 21, 74, 38, 6, 4, 27, 23),
(172, 'CHA', 100, 45, 10, 35, 22, 4, 7, 7, 26, 91, 42, 20, 7, 15, 9),
(172, 'ORL', 105, 43, 6, 37, 12, 2, 5, 8, 15, 82, 39, 16, 4, 32, 23),
(173, 'PHI', 96, 39, 10, 29, 18, 10, 1, 17, 23, 78, 36, 23, 4, 33, 20),
(173, 'PHX', 122, 46, 11, 35, 24, 11, 0, 13, 25, 86, 44, 31, 13, 23, 21),
(174, 'ATL', 99, 46, 8, 38, 20, 7, 5, 9, 18, 80, 38, 24, 5, 26, 18),
(174, 'DET', 89, 45, 13, 32, 12, 6, 3, 12, 20, 83, 31, 21, 4, 24, 23),
(175, 'MIL', 82, 30, 8, 22, 19, 11, 1, 12, 18, 74, 27, 20, 6, 32, 22),
(175, 'TOR', 124, 57, 15, 42, 27, 8, 4, 16, 24, 86, 45, 25, 15, 24, 19),
(176, 'BOS', 100, 38, 9, 29, 22, 7, 7, 12, 14, 88, 38, 27, 9, 21, 15),
(176, 'MEM', 117, 50, 9, 41, 31, 4, 4, 14, 16, 91, 48, 16, 8, 14, 13),
(177, 'MIN', 92, 34, 11, 23, 16, 12, 3, 11, 17, 90, 37, 13, 4, 22, 14),
(177, 'SAS', 121, 53, 14, 39, 26, 6, 11, 20, 22, 84, 46, 21, 13, 18, 16),
(178, 'BKN', 94, 38, 10, 28, 17, 2, 6, 18, 17, 67, 31, 15, 5, 30, 27),
(178, 'OKC', 92, 36, 13, 23, 18, 9, 9, 13, 25, 85, 38, 20, 4, 19, 12),
(179, 'CLE', 78, 41, 9, 32, 13, 12, 4, 19, 21, 75, 27, 27, 6, 23, 18),
(179, 'WSH', 91, 45, 10, 35, 24, 10, 5, 17, 21, 84, 41, 10, 4, 9, 5),
(180, 'DAL', 140, 39, 11, 28, 37, 4, 2, 9, 16, 82, 51, 35, 18, 28, 20),
(180, 'LAL', 106, 33, 13, 20, 24, 3, 4, 10, 24, 85, 44, 13, 5, 21, 13),
(181, 'DEN', 117, 41, 8, 33, 24, 8, 10, 10, 24, 82, 43, 24, 11, 25, 20),
(181, 'NOP', 97, 40, 8, 32, 19, 7, 3, 12, 22, 78, 31, 16, 5, 34, 30),
(182, 'GSW', 101, 40, 6, 34, 28, 10, 5, 13, 18, 82, 41, 23, 6, 19, 13),
(182, 'UTA', 88, 45, 14, 31, 26, 12, 5, 19, 16, 82, 35, 17, 6, 19, 12),
(183, 'CHI', 87, 48, 11, 37, 14, 9, 2, 14, 18, 83, 30, 22, 8, 28, 19),
(183, 'POR', 105, 46, 6, 40, 26, 8, 5, 17, 19, 79, 39, 16, 9, 22, 18),
(184, 'IND', 83, 47, 15, 32, 18, 9, 5, 14, 20, 84, 31, 23, 7, 20, 14),
(184, 'PHX', 106, 51, 13, 38, 17, 10, 4, 12, 19, 85, 38, 31, 12, 20, 18),
(185, 'MIA', 99, 33, 7, 26, 17, 7, 5, 16, 20, 71, 37, 26, 12, 18, 13),
(185, 'ORL', 92, 44, 18, 26, 18, 10, 2, 14, 20, 78, 35, 16, 3, 27, 19),
(186, 'CLE', 93, 46, 11, 35, 24, 4, 6, 18, 28, 81, 35, 16, 3, 29, 20),
(186, 'TOR', 110, 34, 8, 26, 20, 8, 6, 8, 26, 80, 32, 24, 8, 42, 38),
(187, 'NYK', 91, 40, 6, 34, 15, 7, 2, 18, 22, 66, 33, 17, 6, 21, 19),
(187, 'PHI', 83, 36, 10, 26, 13, 8, 1, 18, 21, 75, 30, 26, 8, 25, 15),
(188, 'DAL', 92, 50, 16, 34, 17, 6, 5, 14, 22, 88, 35, 35, 6, 22, 16),
(188, 'HOU', 95, 47, 14, 33, 17, 8, 0, 17, 23, 82, 30, 46, 15, 23, 20),
(189, 'MIN', 101, 37, 15, 22, 23, 10, 7, 10, 24, 90, 37, 17, 6, 27, 21),
(189, 'SAC', 113, 50, 14, 36, 24, 4, 2, 18, 19, 81, 40, 26, 8, 30, 25),
(190, 'MIL', 100, 36, 8, 28, 21, 11, 7, 14, 20, 84, 36, 15, 5, 26, 23),
(190, 'WSH', 111, 53, 20, 33, 27, 7, 6, 14, 24, 93, 43, 18, 8, 22, 17),
(191, 'BKN', 87, 44, 13, 31, 24, 5, 5, 11, 14, 91, 34, 27, 9, 10, 10),
(191, 'SAS', 99, 48, 6, 42, 29, 7, 9, 14, 9, 79, 41, 21, 8, 11, 9),
(192, 'NOP', 106, 44, 18, 26, 19, 11, 7, 9, 22, 93, 42, 17, 4, 22, 18),
(192, 'UTA', 94, 42, 11, 31, 15, 6, 8, 18, 25, 71, 33, 14, 5, 29, 23),
(193, 'LAC', 91, 32, 5, 27, 14, 10, 1, 10, 27, 77, 32, 25, 7, 28, 20),
(193, 'MEM', 107, 52, 12, 40, 20, 3, 3, 17, 21, 85, 42, 21, 7, 23, 16),
(194, 'BOS', 88, 46, 12, 34, 17, 12, 1, 8, 15, 95, 37, 23, 5, 12, 9),
(194, 'POR', 94, 55, 10, 45, 20, 7, 3, 16, 13, 86, 37, 19, 7, 15, 13),
(195, 'CHA', 93, 33, 5, 28, 18, 9, 1, 11, 19, 79, 37, 21, 7, 16, 12),
(195, 'MIA', 94, 36, 3, 33, 19, 4, 5, 16, 16, 66, 33, 23, 11, 19, 17),
(196, 'GSW', 91, 52, 13, 39, 26, 7, 8, 9, 18, 93, 33, 25, 7, 24, 18),
(196, 'OKC', 86, 57, 13, 44, 13, 3, 12, 11, 23, 90, 32, 17, 3, 27, 19),
(197, 'DEN', 101, 57, 14, 43, 20, 7, 2, 16, 28, 90, 34, 37, 10, 38, 23),
(197, 'LAL', 94, 50, 9, 41, 15, 10, 6, 13, 28, 89, 33, 24, 3, 34, 25),
(198, 'CHA', 92, 33, 5, 28, 21, 6, 4, 5, 17, 75, 31, 20, 2, 35, 28),
(198, 'LAC', 113, 43, 8, 35, 28, 2, 2, 8, 24, 88, 45, 32, 15, 10, 8),
(199, 'CLE', 106, 44, 12, 32, 30, 14, 9, 12, 23, 81, 42, 16, 6, 22, 16),
(199, 'ORL', 74, 40, 13, 27, 14, 5, 3, 17, 17, 80, 29, 17, 5, 15, 11),
(200, 'PHI', 104, 29, 7, 22, 28, 11, 6, 10, 20, 84, 42, 8, 0, 24, 20),
(200, 'POR', 114, 52, 18, 34, 30, 6, 5, 15, 19, 89, 44, 27, 7, 23, 19),
(201, 'PHX', 100, 42, 11, 31, 22, 6, 3, 20, 26, 84, 39, 33, 14, 11, 8),
(201, 'TOR', 104, 37, 8, 29, 21, 9, 3, 12, 20, 82, 37, 17, 4, 32, 26),
(202, 'HOU', 91, 38, 10, 28, 19, 13, 4, 16, 19, 76, 32, 36, 14, 19, 13),
(202, 'NYK', 86, 40, 9, 31, 25, 8, 5, 17, 20, 76, 35, 22, 6, 15, 10),
(203, 'DAL', 100, 37, 6, 31, 21, 6, 6, 12, 28, 80, 40, 24, 8, 21, 12),
(203, 'IND', 111, 44, 8, 36, 20, 6, 4, 12, 21, 77, 37, 26, 13, 36, 24),
(204, 'CHI', 97, 35, 7, 28, 20, 9, 3, 16, 14, 72, 36, 20, 9, 23, 16),
(204, 'UTA', 95, 41, 11, 30, 22, 9, 6, 13, 20, 86, 42, 9, 3, 10, 8),
(205, 'ATL', 106, 43, 12, 31, 17, 16, 6, 10, 23, 85, 36, 25, 7, 34, 27),
(205, 'WSH', 102, 47, 16, 31, 25, 2, 3, 20, 25, 84, 36, 20, 9, 29, 21),
(206, 'GSW', 114, 45, 5, 40, 21, 6, 9, 11, 24, 75, 43, 28, 13, 23, 15),
(206, 'MIA', 97, 40, 12, 28, 16, 7, 4, 9, 22, 85, 33, 23, 10, 27, 21),
(207, 'DET', 86, 36, 8, 28, 23, 7, 5, 19, 18, 78, 36, 20, 7, 17, 7),
(207, 'MIL', 98, 50, 19, 31, 22, 9, 2, 16, 24, 90, 39, 22, 10, 13, 10),
(208, 'NOP', 89, 40, 14, 26, 15, 3, 6, 10, 23, 79, 33, 17, 3, 29, 20),
(208, 'SAC', 99, 38, 7, 31, 16, 9, 4, 9, 22, 77, 37, 14, 5, 24, 20),
(209, 'CHI', 109, 37, 11, 26, 20, 9, 4, 12, 22, 82, 35, 21, 7, 37, 32),
(209, 'DEN', 114, 45, 14, 31, 22, 5, 7, 14, 25, 85, 43, 16, 8, 27, 20),
(210, 'CHA', 97, 47, 10, 37, 29, 3, 5, 6, 20, 94, 41, 15, 5, 15, 10),
(210, 'POR', 105, 50, 10, 40, 21, 4, 7, 8, 18, 92, 39, 27, 12, 20, 15),
(211, 'CLE', 113, 32, 7, 25, 23, 13, 2, 9, 18, 74, 38, 20, 6, 38, 31),
(211, 'WSH', 87, 26, 7, 19, 24, 5, 5, 18, 28, 71, 33, 13, 5, 22, 16),
(212, 'GSW', 111, 47, 8, 39, 30, 7, 6, 15, 19, 85, 44, 26, 12, 19, 11),
(212, 'ORL', 96, 46, 12, 34, 21, 8, 1, 14, 18, 87, 36, 20, 6, 24, 18),
(213, 'BKN', 99, 40, 4, 36, 25, 10, 7, 24, 19, 71, 35, 24, 8, 28, 21),
(213, 'PHI', 91, 42, 13, 29, 23, 11, 5, 20, 24, 85, 34, 24, 9, 17, 14),
(214, 'DAL', 109, 56, 20, 36, 20, 12, 5, 11, 16, 95, 38, 31, 4, 38, 29),
(214, 'NYK', 102, 53, 15, 38, 21, 7, 3, 21, 32, 92, 39, 28, 14, 16, 10),
(215, 'ATL', 115, 32, 9, 23, 31, 2, 4, 13, 24, 82, 42, 24, 10, 24, 21),
(215, 'TOR', 126, 36, 11, 25, 24, 7, 7, 11, 24, 82, 42, 29, 14, 33, 28),
(216, 'DET', 98, 38, 12, 26, 18, 8, 4, 15, 17, 78, 35, 27, 10, 24, 18),
(216, 'LAC', 104, 39, 9, 30, 21, 9, 3, 15, 19, 78, 37, 28, 12, 19, 18),
(217, 'HOU', 102, 41, 13, 28, 26, 13, 5, 4, 25, 94, 42, 35, 12, 15, 6),
(217, 'SAC', 89, 48, 10, 38, 16, 2, 8, 20, 19, 71, 31, 16, 5, 28, 22),
(218, 'MIL', 103, 43, 13, 30, 22, 12, 7, 17, 22, 85, 40, 16, 5, 19, 18),
(218, 'MIN', 86, 38, 14, 24, 19, 11, 6, 19, 22, 81, 31, 14, 3, 34, 21),
(219, 'OKC', 97, 45, 12, 33, 21, 9, 7, 16, 26, 83, 40, 26, 12, 10, 5),
(219, 'UTA', 82, 38, 8, 30, 11, 9, 2, 19, 16, 70, 31, 16, 3, 28, 17),
(220, 'IND', 100, 36, 7, 29, 23, 9, 1, 12, 23, 87, 40, 21, 10, 18, 10),
(220, 'SAS', 106, 45, 8, 37, 21, 8, 5, 15, 20, 74, 41, 15, 5, 29, 19),
(221, 'DEN', 112, 47, 20, 27, 19, 10, 4, 17, 22, 90, 39, 25, 8, 34, 26),
(221, 'PHX', 120, 41, 13, 28, 27, 9, 8, 16, 22, 88, 45, 25, 13, 21, 17),
(222, 'LAL', 93, 42, 12, 30, 16, 6, 9, 11, 18, 81, 33, 19, 8, 24, 19),
(222, 'MEM', 99, 45, 10, 35, 25, 7, 6, 14, 20, 80, 36, 22, 5, 25, 22),
(223, 'BOS', 102, 42, 12, 30, 20, 7, 2, 13, 30, 92, 37, 22, 6, 29, 22),
(223, 'CHI', 109, 52, 18, 34, 18, 5, 13, 13, 21, 90, 37, 17, 5, 37, 30),
(224, 'CHA', 101, 44, 8, 36, 27, 4, 8, 13, 14, 87, 38, 19, 6, 23, 19),
(224, 'GSW', 106, 46, 16, 30, 28, 7, 8, 12, 26, 99, 42, 26, 7, 16, 15),
(225, 'ATL', 100, 42, 11, 31, 26, 6, 7, 18, 14, 76, 38, 17, 5, 22, 19),
(225, 'NOP', 91, 42, 16, 26, 23, 8, 4, 12, 19, 89, 36, 24, 7, 16, 12),
(226, 'DET', 88, 39, 14, 25, 25, 8, 5, 14, 19, 83, 34, 23, 6, 25, 14),
(226, 'MIL', 104, 44, 10, 34, 30, 9, 6, 19, 20, 77, 39, 29, 13, 16, 13),
(227, 'DAL', 106, 37, 6, 31, 27, 7, 9, 8, 17, 86, 40, 26, 11, 22, 15),
(227, 'TOR', 102, 55, 15, 40, 17, 7, 1, 17, 23, 91, 38, 33, 14, 16, 12),
(228, 'HOU', 85, 40, 8, 32, 17, 7, 6, 14, 27, 82, 32, 37, 10, 15, 11),
(228, 'LAC', 102, 45, 8, 37, 23, 8, 4, 10, 18, 81, 38, 25, 9, 22, 17),
(229, 'NYK', 78, 33, 7, 26, 17, 3, 6, 12, 22, 75, 29, 19, 2, 24, 18),
(229, 'OKC', 105, 57, 18, 39, 20, 9, 0, 14, 30, 86, 38, 24, 10, 23, 19),
(230, 'IND', 98, 53, 17, 36, 25, 7, 3, 11, 17, 94, 41, 16, 4, 14, 12),
(230, 'ORL', 83, 32, 2, 30, 16, 7, 5, 18, 17, 70, 31, 18, 7, 16, 14),
(231, 'SAC', 104, 46, 8, 38, 22, 4, 4, 14, 20, 75, 38, 10, 6, 26, 22),
(231, 'SAS', 112, 33, 4, 29, 29, 8, 9, 6, 19, 82, 42, 24, 12, 20, 16),
(232, 'DEN', 122, 58, 16, 42, 20, 10, 3, 18, 27, 88, 41, 21, 8, 36, 32),
(232, 'PHX', 97, 34, 9, 25, 14, 4, 5, 15, 27, 85, 33, 23, 8, 29, 23),
(233, 'MEM', 112, 46, 8, 38, 28, 7, 4, 9, 14, 84, 45, 13, 6, 26, 16),
(233, 'POR', 99, 45, 15, 30, 22, 6, 6, 7, 18, 97, 39, 28, 8, 18, 13),
(234, 'LAL', 119, 35, 12, 23, 27, 12, 1, 14, 22, 89, 48, 21, 8, 22, 15),
(234, 'MIN', 120, 31, 6, 25, 37, 8, 1, 18, 20, 79, 45, 18, 10, 24, 20),
(235, 'DAL', 110, 40, 13, 27, 28, 13, 5, 12, 22, 89, 40, 30, 8, 30, 22),
(235, 'PHI', 103, 55, 22, 33, 26, 10, 4, 24, 26, 85, 36, 21, 6, 31, 25),
(236, 'NOP', 80, 42, 13, 29, 12, 8, 1, 12, 14, 81, 30, 17, 6, 21, 14),
(236, 'WSH', 83, 46, 12, 34, 21, 9, 9, 14, 18, 76, 35, 12, 5, 12, 8),
(237, 'ATL', 105, 44, 5, 39, 31, 8, 5, 12, 17, 75, 40, 23, 12, 16, 13),
(237, 'CHA', 75, 38, 13, 25, 20, 3, 4, 12, 16, 88, 29, 23, 5, 16, 12),
(238, 'CLE', 109, 44, 9, 35, 20, 4, 6, 9, 20, 78, 41, 16, 7, 32, 20),
(238, 'IND', 97, 48, 15, 33, 26, 2, 1, 7, 23, 89, 35, 22, 7, 26, 20),
(239, 'LAC', 112, 37, 9, 28, 21, 6, 5, 11, 25, 80, 45, 28, 11, 15, 11),
(239, 'UTA', 96, 37, 12, 25, 19, 6, 2, 13, 15, 75, 34, 21, 7, 33, 21),
(240, 'HOU', 117, 44, 13, 31, 26, 7, 5, 13, 24, 87, 44, 38, 15, 16, 14),
(240, 'MIL', 103, 32, 8, 24, 23, 7, 5, 10, 16, 74, 33, 19, 6, 35, 31),
(241, 'BOS', 89, 42, 12, 30, 21, 5, 5, 15, 21, 87, 36, 18, 6, 15, 11),
(241, 'SAS', 111, 45, 10, 35, 25, 9, 5, 14, 11, 85, 41, 26, 11, 20, 18),
(242, 'BKN', 84, 34, 7, 27, 16, 9, 0, 10, 25, 86, 32, 14, 2, 24, 18),
(242, 'CHI', 102, 50, 7, 43, 19, 6, 5, 19, 24, 69, 34, 24, 7, 34, 27),
(243, 'DET', 93, 44, 15, 29, 25, 11, 5, 13, 20, 91, 33, 23, 11, 24, 16),
(243, 'GSW', 104, 49, 9, 40, 24, 5, 8, 16, 19, 79, 37, 21, 9, 27, 21),
(244, 'MEM', 97, 35, 10, 25, 25, 13, 4, 13, 27, 79, 38, 13, 3, 28, 18),
(244, 'SAC', 85, 42, 11, 31, 16, 7, 4, 23, 25, 70, 33, 11, 1, 27, 18),
(245, 'MIA', 86, 41, 10, 31, 20, 8, 1, 14, 20, 72, 30, 23, 7, 31, 19),
(245, 'NYK', 79, 50, 20, 30, 14, 6, 3, 12, 22, 88, 31, 24, 3, 20, 14),
(246, 'ORL', 93, 47, 10, 37, 14, 8, 3, 22, 22, 76, 35, 15, 5, 25, 18),
(246, 'PHX', 90, 43, 11, 32, 22, 5, 3, 19, 18, 85, 34, 26, 7, 18, 15),
(247, 'MIN', 93, 43, 11, 32, 24, 12, 4, 14, 23, 90, 39, 9, 2, 20, 13),
(247, 'POR', 107, 54, 15, 39, 27, 8, 9, 18, 17, 86, 39, 33, 12, 25, 17),
(248, 'LAL', 129, 54, 12, 42, 24, 4, 7, 10, 21, 96, 47, 24, 10, 34, 25),
(248, 'TOR', 122, 53, 14, 39, 25, 6, 6, 8, 28, 104, 45, 34, 9, 31, 23),
(249, 'PHI', 103, 42, 8, 34, 22, 9, 3, 10, 29, 89, 38, 29, 12, 25, 15),
(249, 'SAS', 109, 52, 11, 41, 25, 6, 3, 14, 20, 83, 36, 26, 9, 35, 28),
(250, 'MIA', 86, 33, 7, 26, 12, 5, 2, 11, 20, 72, 33, 22, 2, 30, 18),
(250, 'WSH', 107, 42, 7, 35, 29, 7, 3, 12, 23, 72, 39, 19, 10, 24, 19),
(251, 'DEN', 103, 39, 8, 31, 23, 7, 6, 10, 22, 87, 41, 26, 9, 17, 12),
(251, 'UTA', 101, 48, 14, 34, 18, 3, 6, 14, 15, 84, 36, 18, 7, 30, 22),
(252, 'LAC', 127, 50, 9, 41, 33, 5, 7, 14, 26, 80, 41, 34, 15, 36, 30),
(252, 'MIN', 101, 32, 6, 26, 26, 9, 3, 10, 27, 82, 35, 12, 2, 40, 29),
(253, 'CLE', 111, 40, 7, 33, 22, 5, 5, 19, 17, 73, 39, 21, 6, 38, 27),
(253, 'MIL', 108, 40, 12, 28, 31, 11, 3, 13, 26, 92, 45, 20, 7, 13, 11),
(254, 'ATL', 109, 31, 4, 27, 36, 8, 8, 16, 14, 82, 43, 24, 11, 14, 12),
(254, 'BOS', 105, 42, 9, 33, 33, 10, 3, 21, 20, 84, 41, 23, 12, 13, 11),
(255, 'DET', 96, 49, 16, 33, 20, 6, 5, 14, 16, 90, 33, 21, 6, 31, 24),
(255, 'LAL', 106, 47, 12, 35, 25, 9, 6, 14, 26, 81, 39, 17, 10, 24, 18),
(256, 'BKN', 98, 49, 21, 28, 22, 7, 5, 14, 20, 89, 39, 17, 6, 20, 14),
(256, 'NYK', 93, 40, 13, 27, 22, 8, 3, 14, 21, 81, 35, 28, 11, 14, 12),
(257, 'CHI', 129, 52, 15, 37, 38, 5, 6, 18, 22, 103, 47, 26, 8, 34, 27),
(257, 'DAL', 132, 46, 12, 34, 30, 9, 6, 14, 28, 102, 47, 30, 15, 27, 23),
(258, 'NOP', 112, 49, 16, 33, 23, 13, 11, 13, 21, 88, 39, 17, 5, 45, 29),
(258, 'OKC', 104, 45, 9, 36, 16, 7, 6, 17, 32, 84, 37, 24, 7, 27, 23),
(259, 'DEN', 103, 41, 7, 34, 21, 8, 2, 14, 19, 81, 41, 20, 7, 19, 14),
(259, 'POR', 105, 37, 4, 33, 26, 7, 5, 12, 19, 86, 43, 22, 5, 17, 14),
(260, 'IND', 99, 41, 8, 33, 20, 8, 3, 19, 24, 85, 41, 13, 4, 17, 13),
(260, 'PHX', 116, 44, 9, 35, 18, 13, 5, 12, 19, 86, 43, 25, 12, 26, 18),
(261, 'SAC', 109, 34, 13, 21, 28, 5, 3, 15, 23, 75, 39, 10, 3, 37, 28),
(261, 'TOR', 117, 35, 13, 22, 22, 8, 3, 13, 29, 88, 44, 23, 10, 21, 19),
(262, 'GSW', 98, 49, 13, 36, 25, 8, 5, 15, 15, 82, 38, 27, 8, 18, 14),
(262, 'ORL', 97, 40, 8, 32, 19, 11, 3, 11, 17, 87, 39, 17, 6, 14, 13),
(263, 'CHA', 95, 42, 7, 35, 17, 5, 3, 5, 21, 90, 36, 15, 2, 23, 21),
(263, 'CHI', 102, 49, 4, 45, 27, 4, 1, 11, 18, 80, 37, 28, 12, 21, 16),
(264, 'LAL', 95, 43, 9, 34, 16, 8, 6, 13, 20, 85, 33, 29, 12, 21, 17),
(264, 'WSH', 111, 53, 12, 41, 33, 6, 3, 11, 15, 93, 45, 19, 6, 19, 15),
(265, 'BOS', 109, 49, 8, 41, 28, 8, 6, 12, 21, 93, 37, 30, 13, 27, 22),
(265, 'DET', 102, 55, 16, 39, 20, 7, 7, 11, 23, 102, 37, 27, 8, 29, 20),
(266, 'BKN', 95, 54, 9, 45, 20, 2, 2, 10, 10, 90, 37, 19, 9, 18, 12),
(266, 'SAS', 93, 58, 18, 40, 23, 5, 6, 8, 19, 101, 36, 32, 12, 12, 9),
(267, 'ATL', 112, 30, 5, 25, 25, 9, 1, 16, 24, 74, 40, 25, 12, 23, 20),
(267, 'MIA', 102, 30, 4, 26, 25, 10, 5, 18, 24, 64, 36, 16, 6, 32, 24),
(268, 'HOU', 105, 52, 23, 29, 22, 14, 8, 19, 26, 93, 41, 28, 10, 20, 13),
(268, 'MEM', 96, 39, 10, 29, 26, 9, 7, 20, 15, 76, 39, 13, 2, 27, 16),
(269, 'DAL', 107, 46, 17, 29, 20, 8, 6, 16, 23, 92, 42, 27, 8, 22, 15),
(269, 'MIL', 105, 39, 8, 31, 24, 11, 2, 18, 24, 73, 38, 11, 7, 32, 22),
(270, 'MIN', 77, 50, 11, 39, 17, 8, 5, 18, 21, 84, 30, 17, 3, 17, 14),
(270, 'PHI', 85, 49, 13, 36, 15, 12, 7, 18, 17, 82, 32, 24, 5, 25, 16),
(271, 'TOR', 123, 37, 8, 29, 15, 7, 3, 9, 16, 79, 45, 21, 12, 24, 21),
(271, 'UTA', 104, 35, 13, 22, 21, 7, 5, 8, 15, 87, 42, 28, 8, 15, 12),
(272, 'LAC', 114, 44, 6, 38, 32, 11, 6, 17, 17, 78, 42, 31, 12, 25, 18),
(272, 'ORL', 86, 34, 6, 28, 21, 11, 2, 16, 24, 79, 33, 20, 7, 25, 13),
(273, 'CLE', 90, 33, 6, 27, 19, 8, 1, 17, 16, 70, 32, 18, 5, 26, 21),
(273, 'NYK', 87, 47, 17, 30, 26, 11, 3, 21, 25, 88, 37, 26, 8, 6, 5),
(274, 'IND', 82, 51, 11, 40, 19, 5, 5, 17, 19, 91, 36, 18, 5, 8, 5),
(274, 'POR', 88, 48, 5, 43, 20, 9, 5, 12, 16, 83, 33, 21, 4, 23, 18),
(275, 'GSW', 112, 56, 18, 38, 31, 11, 8, 9, 8, 100, 47, 22, 10, 17, 8),
(275, 'NOP', 85, 47, 10, 37, 23, 8, 4, 17, 15, 89, 37, 15, 3, 13, 8),
(276, 'CHA', 103, 41, 10, 31, 19, 2, 7, 7, 20, 88, 42, 18, 4, 18, 15),
(276, 'NYK', 102, 34, 4, 30, 23, 5, 4, 6, 21, 79, 37, 22, 10, 22, 18),
(277, 'OKC', 103, 40, 6, 34, 27, 7, 8, 16, 24, 71, 35, 23, 9, 31, 24),
(277, 'PHI', 91, 44, 19, 25, 25, 13, 2, 17, 24, 84, 32, 28, 8, 30, 19),
(278, 'DEN', 89, 36, 10, 26, 16, 8, 7, 19, 22, 82, 31, 22, 5, 30, 22),
(278, 'WSH', 119, 52, 14, 38, 35, 12, 11, 15, 20, 85, 45, 20, 7, 27, 22),
(279, 'BOS', 113, 54, 10, 44, 29, 6, 2, 16, 19, 90, 46, 20, 8, 22, 13),
(279, 'LAL', 96, 38, 7, 31, 14, 2, 4, 12, 18, 92, 38, 16, 6, 19, 14),
(280, 'ATL', 98, 46, 6, 40, 22, 12, 4, 10, 22, 81, 35, 34, 13, 24, 15),
(280, 'BKN', 75, 51, 9, 42, 16, 4, 2, 17, 21, 80, 30, 18, 3, 19, 12),
(281, 'CLE', 105, 48, 15, 33, 28, 7, 2, 13, 21, 84, 41, 20, 9, 21, 14),
(281, 'TOR', 91, 40, 14, 26, 25, 4, 4, 11, 17, 86, 35, 24, 8, 20, 13),
(282, 'MEM', 101, 37, 7, 30, 19, 4, 7, 10, 19, 80, 37, 12, 5, 26, 22),
(282, 'SAS', 107, 44, 12, 32, 25, 5, 8, 14, 22, 84, 40, 25, 14, 16, 13),
(283, 'HOU', 114, 42, 7, 35, 19, 3, 3, 22, 28, 78, 38, 32, 12, 31, 26),
(283, 'MIN', 112, 43, 14, 29, 23, 12, 5, 14, 26, 97, 45, 10, 3, 27, 19),
(284, 'DAL', 106, 44, 16, 28, 13, 5, 1, 11, 16, 88, 40, 19, 4, 30, 22),
(284, 'PHX', 118, 41, 7, 34, 27, 5, 3, 13, 25, 80, 45, 26, 13, 17, 15),
(285, 'MIA', 85, 20, 3, 17, 21, 16, 3, 18, 22, 68, 30, 18, 7, 27, 18),
(285, 'MIL', 109, 45, 12, 33, 21, 11, 3, 24, 26, 69, 39, 16, 9, 26, 22),
(286, 'ORL', 98, 38, 9, 29, 15, 6, 3, 8, 20, 74, 37, 17, 7, 20, 17),
(286, 'UTA', 93, 41, 13, 28, 23, 4, 6, 11, 21, 79, 36, 16, 8, 21, 13),
(287, 'IND', 101, 43, 9, 34, 18, 10, 5, 8, 33, 96, 36, 26, 6, 29, 23),
(287, 'SAC', 102, 49, 11, 38, 16, 6, 2, 14, 24, 83, 36, 10, 2, 40, 28),
(288, 'DET', 101, 47, 12, 35, 22, 11, 6, 19, 24, 87, 34, 23, 6, 35, 27),
(288, 'PHI', 108, 53, 12, 41, 27, 12, 8, 18, 27, 87, 40, 23, 7, 30, 21),
(289, 'CHI', 102, 50, 17, 33, 24, 6, 3, 22, 23, 83, 36, 21, 7, 27, 23),
(289, 'GSW', 112, 40, 15, 25, 27, 14, 6, 11, 21, 89, 40, 30, 12, 25, 20),
(290, 'HOU', 100, 57, 19, 38, 16, 7, 7, 22, 23, 81, 33, 27, 11, 31, 23),
(290, 'PHX', 95, 40, 16, 24, 16, 14, 8, 12, 20, 93, 34, 28, 7, 26, 20),
(291, 'MIN', 101, 33, 8, 25, 20, 10, 2, 8, 22, 83, 35, 16, 6, 32, 25),
(291, 'SAS', 123, 43, 8, 35, 30, 5, 6, 16, 24, 82, 47, 18, 7, 25, 22),
(292, 'ORL', 105, 40, 10, 30, 26, 4, 5, 10, 25, 83, 42, 26, 9, 14, 12),
(292, 'SAC', 96, 35, 9, 26, 22, 5, 2, 11, 16, 79, 35, 15, 4, 28, 22),
(293, 'LAC', 120, 38, 6, 32, 34, 7, 6, 7, 20, 78, 43, 32, 17, 24, 17),
(293, 'NOP', 100, 45, 12, 33, 26, 4, 2, 11, 18, 80, 38, 23, 8, 25, 16),
(294, 'BOS', 101, 49, 9, 40, 20, 10, 7, 15, 21, 88, 36, 17, 8, 26, 21),
(294, 'WSH', 93, 52, 16, 36, 21, 5, 8, 19, 20, 93, 34, 27, 11, 21, 14),
(295, 'ATL', 96, 43, 11, 32, 26, 9, 4, 12, 15, 87, 36, 27, 10, 19, 14),
(295, 'DEN', 84, 52, 16, 36, 25, 9, 4, 14, 22, 93, 34, 35, 6, 13, 10),
(296, 'MEM', 103, 38, 7, 31, 24, 7, 4, 12, 14, 73, 43, 13, 8, 11, 9),
(296, 'MIA', 87, 30, 10, 20, 21, 10, 2, 11, 12, 80, 39, 16, 5, 8, 4),
(297, 'DET', 94, 39, 8, 31, 25, 5, 1, 12, 21, 76, 34, 23, 7, 28, 19),
(297, 'OKC', 96, 50, 16, 34, 20, 5, 7, 15, 24, 87, 39, 21, 6, 17, 12),
(298, 'DAL', 125, 36, 8, 28, 29, 14, 8, 11, 14, 84, 49, 31, 12, 19, 15),
(298, 'MIL', 102, 36, 11, 25, 17, 7, 4, 17, 18, 84, 42, 15, 4, 17, 14),
(299, 'NYK', 99, 37, 4, 33, 20, 6, 4, 13, 23, 79, 41, 19, 5, 14, 12),
(299, 'POR', 103, 44, 16, 28, 21, 8, 2, 9, 17, 85, 36, 28, 10, 29, 21),
(300, 'LAL', 87, 34, 7, 27, 18, 4, 6, 7, 15, 90, 36, 19, 5, 15, 10),
(300, 'NOP', 104, 50, 9, 41, 28, 2, 4, 15, 14, 83, 43, 18, 8, 15, 10),
(301, 'ATL', 108, 47, 6, 41, 27, 11, 7, 16, 20, 77, 40, 21, 9, 27, 19),
(301, 'IND', 92, 42, 8, 34, 23, 6, 2, 17, 22, 84, 37, 27, 9, 17, 9),
(302, 'BOS', 132, 46, 14, 32, 27, 17, 4, 17, 30, 102, 47, 22, 9, 32, 29),
(302, 'WSH', 133, 49, 11, 38, 32, 10, 3, 23, 26, 94, 49, 16, 7, 34, 28),
(303, 'BKN', 88, 33, 10, 23, 25, 6, 2, 12, 18, 81, 36, 19, 4, 19, 12),
(303, 'CLE', 110, 55, 20, 35, 25, 10, 5, 13, 17, 90, 43, 25, 9, 22, 15),
(304, 'DEN', 107, 49, 19, 30, 21, 7, 2, 13, 28, 104, 43, 30, 10, 15, 11),
(304, 'TOR', 112, 44, 8, 36, 21, 4, 10, 14, 16, 81, 41, 33, 9, 29, 21),
(305, 'GSW', 102, 51, 15, 36, 24, 15, 6, 17, 18, 91, 42, 22, 5, 14, 13),
(305, 'MIN', 86, 49, 18, 31, 22, 12, 4, 19, 10, 88, 32, 11, 2, 29, 20),
(306, 'SAC', 101, 45, 10, 35, 18, 8, 2, 16, 24, 74, 35, 8, 3, 36, 28),
(306, 'UTA', 92, 35, 11, 24, 20, 7, 7, 13, 26, 79, 32, 17, 3, 37, 25),
(307, 'LAC', 121, 45, 10, 35, 27, 7, 5, 11, 22, 96, 44, 31, 9, 30, 24),
(307, 'PHX', 120, 43, 7, 36, 32, 9, 3, 16, 28, 91, 44, 37, 16, 20, 16),
(308, 'CLE', 105, 31, 12, 19, 27, 4, 5, 11, 17, 79, 39, 26, 9, 21, 18),
(308, 'TOR', 101, 35, 12, 23, 26, 4, 3, 15, 24, 82, 42, 23, 7, 10, 10),
(309, 'DET', 86, 47, 17, 30, 23, 7, 2, 6, 8, 97, 34, 22, 5, 16, 13),
(309, 'POR', 98, 47, 10, 37, 25, 4, 7, 13, 12, 84, 41, 21, 9, 8, 7),
(310, 'DAL', 105, 43, 12, 31, 19, 4, 7, 16, 22, 85, 38, 40, 18, 14, 11),
(310, 'MEM', 114, 41, 12, 29, 20, 10, 1, 5, 17, 85, 41, 14, 7, 29, 25),
(311, 'NOP', 104, 43, 12, 31, 22, 7, 8, 11, 14, 80, 40, 15, 4, 26, 20),
(311, 'NYK', 93, 30, 6, 24, 19, 8, 8, 13, 20, 78, 37, 19, 9, 13, 10),
(312, 'MIL', 101, 31, 9, 22, 19, 8, 2, 14, 25, 84, 34, 21, 4, 35, 29),
(312, 'OKC', 114, 54, 15, 39, 23, 10, 6, 20, 28, 82, 41, 21, 4, 34, 28),
(313, 'MIA', 103, 34, 9, 25, 25, 14, 4, 11, 14, 80, 43, 17, 9, 12, 8),
(313, 'PHX', 97, 37, 10, 27, 24, 7, 5, 22, 20, 77, 37, 35, 17, 9, 6),
(314, 'SAS', 96, 37, 11, 26, 23, 12, 8, 13, 21, 84, 39, 20, 4, 23, 14),
(314, 'UTA', 100, 43, 8, 35, 18, 5, 7, 18, 23, 80, 40, 14, 4, 22, 16),
(315, 'LAL', 98, 45, 14, 31, 27, 9, 6, 5, 23, 96, 38, 25, 5, 25, 17),
(315, 'SAC', 95, 48, 9, 39, 20, 3, 3, 16, 25, 70, 32, 15, 7, 37, 24),
(316, 'BOS', 87, 45, 6, 39, 26, 3, 1, 14, 27, 87, 38, 23, 5, 10, 6),
(316, 'CHA', 96, 44, 7, 37, 18, 5, 3, 10, 14, 84, 35, 14, 3, 29, 23),
(317, 'IND', 96, 43, 12, 31, 27, 6, 1, 11, 18, 89, 35, 27, 9, 22, 17),
(317, 'LAC', 103, 50, 10, 40, 25, 7, 7, 12, 17, 88, 42, 24, 7, 14, 12),
(318, 'ORL', 89, 39, 8, 31, 13, 7, 7, 8, 12, 84, 38, 15, 7, 9, 6),
(318, 'WSH', 91, 41, 8, 33, 26, 5, 5, 9, 13, 81, 41, 12, 5, 9, 4),
(319, 'ATL', 95, 52, 16, 36, 26, 15, 1, 14, 16, 91, 38, 30, 10, 13, 9),
(319, 'PHI', 79, 39, 7, 32, 21, 10, 10, 18, 18, 72, 30, 25, 6, 22, 13),
(320, 'BKN', 80, 44, 15, 29, 16, 9, 5, 11, 25, 88, 29, 14, 3, 24, 19),
(320, 'CHI', 105, 57, 15, 42, 21, 6, 11, 15, 18, 79, 37, 22, 8, 32, 23),
(321, 'MIN', 90, 56, 20, 36, 22, 13, 3, 18, 19, 81, 32, 12, 1, 33, 25),
(321, 'POR', 82, 38, 11, 27, 20, 7, 10, 20, 25, 80, 31, 35, 10, 12, 10),
(322, 'DAL', 112, 29, 5, 24, 17, 5, 5, 8, 18, 83, 44, 21, 9, 17, 15),
(322, 'NOP', 107, 45, 16, 29, 16, 5, 3, 11, 20, 88, 40, 18, 7, 24, 20),
(323, 'NYK', 95, 36, 10, 26, 22, 4, 1, 17, 25, 76, 37, 15, 6, 17, 15),
(323, 'SAS', 109, 35, 8, 27, 22, 10, 4, 9, 16, 73, 37, 19, 10, 30, 25),
(324, 'GSW', 105, 43, 6, 37, 21, 9, 5, 15, 16, 81, 40, 23, 8, 20, 17),
(324, 'HOU', 93, 44, 12, 32, 15, 9, 2, 15, 17, 90, 37, 35, 9, 15, 10),
(325, 'DEN', 102, 50, 17, 33, 21, 7, 4, 10, 18, 85, 38, 23, 8, 27, 18),
(325, 'MIA', 82, 42, 16, 26, 18, 1, 6, 10, 20, 82, 30, 22, 7, 21, 15),
(326, 'CLE', 94, 48, 15, 33, 20, 5, 4, 14, 20, 85, 31, 28, 9, 30, 23),
(326, 'OKC', 103, 46, 11, 35, 22, 9, 11, 11, 23, 87, 38, 26, 7, 22, 20),
(327, 'HOU', 113, 42, 14, 28, 18, 13, 3, 14, 27, 95, 38, 44, 15, 31, 22),
(327, 'SAC', 109, 44, 11, 33, 22, 8, 4, 21, 23, 84, 39, 18, 8, 34, 23),
(328, 'CHI', 115, 47, 14, 33, 18, 5, 3, 7, 11, 88, 44, 15, 5, 28, 22),
(328, 'POR', 106, 37, 11, 26, 20, 3, 5, 10, 17, 88, 43, 24, 12, 11, 8),
(329, 'LAC', 96, 37, 12, 25, 14, 7, 2, 18, 20, 75, 32, 20, 6, 31, 26),
(329, 'WSH', 104, 37, 9, 28, 28, 10, 6, 14, 25, 80, 39, 16, 9, 21, 17),
(330, 'ATL', 87, 42, 5, 37, 24, 12, 3, 12, 12, 78, 29, 29, 9, 27, 20),
(330, 'ORL', 81, 46, 9, 37, 14, 3, 4, 18, 27, 77, 30, 26, 9, 16, 12),
(331, 'BOS', 95, 41, 12, 29, 28, 3, 3, 17, 18, 85, 37, 22, 7, 18, 14),
(331, 'NYK', 101, 40, 11, 29, 26, 13, 5, 13, 20, 81, 40, 16, 6, 18, 15),
(332, 'BKN', 88, 47, 13, 34, 25, 16, 5, 17, 15, 81, 36, 20, 5, 17, 11),
(332, 'PHI', 70, 37, 10, 27, 18, 10, 4, 23, 20, 69, 22, 28, 11, 20, 15),
(333, 'IND', 94, 39, 6, 33, 24, 4, 7, 12, 22, 80, 33, 22, 8, 23, 20),
(333, 'TOR', 106, 52, 16, 36, 21, 2, 3, 10, 23, 91, 38, 26, 10, 22, 20),
(334, 'CHA', 107, 49, 13, 36, 16, 8, 11, 14, 29, 98, 41, 17, 6, 27, 19),
(334, 'MEM', 113, 47, 7, 40, 21, 7, 9, 20, 22, 85, 39, 13, 6, 38, 29),
(335, 'MIN', 92, 31, 9, 22, 21, 11, 9, 15, 16, 78, 36, 7, 1, 29, 19),
(335, 'OKC', 111, 47, 16, 31, 23, 11, 6, 17, 23, 88, 45, 24, 6, 20, 15),
(336, 'CLE', 114, 40, 11, 29, 22, 6, 6, 6, 19, 89, 44, 22, 8, 23, 18),
(336, 'NOP', 119, 39, 6, 33, 21, 5, 6, 7, 15, 79, 44, 28, 12, 25, 19),
(337, 'DET', 105, 47, 13, 34, 17, 11, 3, 18, 18, 84, 40, 15, 4, 27, 21),
(337, 'PHX', 103, 37, 10, 27, 16, 11, 5, 17, 24, 83, 39, 31, 10, 19, 15),
(338, 'MIA', 100, 35, 7, 28, 19, 6, 3, 9, 16, 72, 36, 20, 7, 31, 21),
(338, 'UTA', 95, 44, 12, 32, 16, 4, 6, 11, 18, 77, 34, 28, 8, 22, 19),
(339, 'LAL', 112, 49, 14, 35, 27, 11, 4, 14, 19, 96, 44, 24, 12, 15, 12),
(339, 'SAS', 110, 47, 12, 35, 23, 10, 5, 19, 16, 90, 42, 31, 12, 21, 14),
(340, 'DAL', 98, 53, 17, 36, 14, 11, 0, 15, 23, 89, 36, 25, 5, 30, 21),
(340, 'GSW', 105, 45, 9, 36, 21, 7, 7, 13, 24, 83, 37, 32, 10, 27, 21),
(341, 'BKN', 114, 43, 4, 39, 29, 4, 4, 13, 24, 72, 42, 23, 16, 20, 14),
(341, 'CHA', 87, 34, 9, 25, 16, 3, 4, 6, 19, 79, 31, 22, 8, 27, 17),
(342, 'IND', 85, 49, 12, 37, 16, 8, 2, 13, 18, 88, 34, 15, 4, 16, 13),
(342, 'POR', 95, 46, 11, 35, 21, 9, 5, 12, 21, 90, 40, 17, 5, 12, 10),
(343, 'ATL', 99, 41, 9, 32, 24, 4, 4, 10, 19, 84, 35, 27, 8, 24, 21),
(343, 'ORL', 100, 36, 7, 29, 26, 6, 6, 15, 15, 74, 37, 21, 10, 21, 16),
(344, 'LAC', 106, 35, 10, 25, 24, 8, 3, 12, 24, 91, 39, 29, 14, 19, 14),
(344, 'MIL', 111, 39, 6, 33, 25, 3, 4, 15, 19, 76, 43, 11, 7, 24, 18),
(345, 'MEM', 120, 42, 9, 33, 33, 9, 4, 14, 24, 93, 45, 26, 11, 27, 19),
(345, 'PHI', 115, 45, 10, 35, 22, 11, 4, 16, 24, 82, 40, 28, 11, 34, 24),
(346, 'DEN', 96, 51, 15, 36, 24, 7, 7, 15, 26, 96, 36, 28, 7, 26, 17),
(346, 'HOU', 108, 52, 13, 39, 20, 8, 7, 14, 21, 88, 39, 34, 10, 34, 20),
(347, 'DET', 95, 43, 8, 35, 22, 10, 9, 13, 18, 79, 35, 20, 6, 23, 19),
(347, 'SAC', 90, 55, 22, 33, 21, 4, 7, 16, 18, 93, 33, 29, 11, 19, 13),
(348, 'GSW', 128, 46, 8, 38, 22, 7, 9, 19, 19, 86, 44, 24, 11, 35, 29),
(348, 'NOP', 122, 44, 12, 32, 22, 14, 6, 13, 27, 101, 47, 27, 8, 25, 20),
(349, 'CHI', 93, 44, 8, 36, 21, 4, 8, 19, 18, 71, 33, 18, 9, 21, 18),
(349, 'MIA', 75, 40, 13, 27, 12, 13, 5, 13, 22, 80, 28, 22, 4, 18, 15),
(351, 'LAL', 100, 45, 11, 34, 22, 10, 5, 11, 17, 81, 34, 17, 5, 34, 27),
(351, 'MIN', 94, 46, 14, 32, 25, 6, 3, 14, 21, 90, 38, 10, 3, 20, 15),
(352, 'OKC', 112, 63, 14, 49, 20, 7, 5, 18, 19, 80, 39, 18, 4, 34, 30),
(352, 'PHX', 88, 40, 14, 26, 21, 11, 3, 10, 22, 99, 34, 31, 7, 18, 13),
(353, 'NYK', 90, 43, 12, 31, 15, 11, 4, 22, 22, 78, 29, 29, 9, 28, 23),
(353, 'TOR', 95, 42, 9, 33, 24, 14, 2, 23, 25, 78, 36, 24, 9, 18, 14),
(354, 'DEN', 91, 45, 15, 30, 20, 10, 4, 21, 29, 83, 34, 16, 8, 21, 15),
(354, 'SAS', 99, 43, 11, 32, 26, 9, 11, 13, 20, 74, 34, 16, 5, 35, 26),
(355, 'CHA', 88, 37, 5, 32, 22, 4, 5, 10, 14, 83, 38, 16, 5, 14, 7),
(355, 'CLE', 97, 43, 8, 35, 28, 10, 5, 10, 14, 83, 38, 24, 9, 17, 12),
(356, 'IND', 110, 53, 11, 42, 21, 7, 2, 13, 20, 83, 40, 17, 7, 27, 23),
(356, 'LAL', 91, 38, 11, 27, 14, 10, 5, 9, 20, 88, 29, 26, 10, 29, 23),
(357, 'BOS', 105, 52, 16, 36, 26, 15, 5, 22, 23, 86, 38, 25, 6, 35, 23),
(357, 'PHI', 87, 48, 16, 32, 19, 11, 9, 22, 28, 93, 33, 28, 4, 21, 17),
(358, 'ATL', 93, 40, 5, 35, 26, 10, 7, 9, 17, 83, 36, 21, 7, 17, 14),
(358, 'CHI', 86, 57, 15, 42, 18, 3, 6, 14, 17, 93, 35, 29, 6, 14, 10),
(359, 'ORL', 82, 36, 6, 30, 13, 5, 7, 19, 19, 74, 36, 15, 4, 8, 6),
(359, 'TOR', 95, 39, 12, 27, 25, 8, 4, 11, 14, 83, 37, 30, 11, 15, 10),
(360, 'MIL', 96, 33, 5, 28, 23, 10, 1, 21, 27, 73, 35, 16, 8, 22, 18),
(360, 'PHX', 94, 42, 16, 26, 17, 12, 5, 20, 24, 75, 30, 38, 12, 27, 22),
(361, 'POR', 108, 46, 11, 35, 18, 8, 2, 11, 19, 89, 41, 18, 7, 22, 19),
(361, 'SAS', 95, 42, 9, 33, 19, 5, 4, 15, 21, 78, 38, 11, 4, 22, 15);
