INSERT INTO team (teamName, abbriviation, pts, reb, DRB, ORB, ast, stl, bs, tov, pf, min, fga, fgm, threepa, threepm, fta, ftm, PGA, SGA, SFA, PFA, CA) VALUES
('Atlanta Hawks ', 'ATL', 0, 0, 0, 0, 0, 0, 0, 0, 0, 0, 0, 0, 0, 0, 0, 0, 0, 0, 0, 0, 0),
('Brooklyn Nets ', 'BKN', 0, 0, 0, 0, 0, 0, 0, 0, 0, 0, 0, 0, 0, 0, 0, 0, 0, 0, 0, 0, 0),
('Boston Celtics ', 'BOS', 0, 0, 0, 0, 0, 0, 0, 0, 0, 0, 0, 0, 0, 0, 0, 0, 0, 0, 0, 0, 0),
('Charlotte Hornets ', 'CHA', 0, 0, 0, 0, 0, 0, 0, 0, 0, 0, 0, 0, 0, 0, 0, 0, 0, 0, 0, 0, 0),
('Chicago Bulls ', 'CHI', 0, 0, 0, 0, 0, 0, 0, 0, 0, 0, 0, 0, 0, 0, 0, 0, 0, 0, 0, 0, 0),
('Cleveland Cavaliers ', 'CLE', 0, 0, 0, 0, 0, 0, 0, 0, 0, 0, 0, 0, 0, 0, 0, 0, 0, 0, 0, 0, 0),
('Dallas Mavericks ', 'DAL', 0, 0, 0, 0, 0, 0, 0, 0, 0, 0, 0, 0, 0, 0, 0, 0, 0, 0, 0, 0, 0),
('Denver Nuggets ', 'DEN', 0, 0, 0, 0, 0, 0, 0, 0, 0, 0, 0, 0, 0, 0, 0, 0, 0, 0, 0, 0, 0),
('Detroit Pistons ', 'DET', 0, 0, 0, 0, 0, 0, 0, 0, 0, 0, 0, 0, 0, 0, 0, 0, 0, 0, 0, 0, 0),
('Golden State Warriors ', 'GSW', 0, 0, 0, 0, 0, 0, 0, 0, 0, 0, 0, 0, 0, 0, 0, 0, 0, 0, 0, 0, 0),
('Houston Rockets ', 'HOU', 0, 0, 0, 0, 0, 0, 0, 0, 0, 0, 0, 0, 0, 0, 0, 0, 0, 0, 0, 0, 0),
('Indiana Pacers ', 'IND', 0, 0, 0, 0, 0, 0, 0, 0, 0, 0, 0, 0, 0, 0, 0, 0, 0, 0, 0, 0, 0),
('Los Angeles Clippers ', 'LAC', 0, 0, 0, 0, 0, 0, 0, 0, 0, 0, 0, 0, 0, 0, 0, 0, 0, 0, 0, 0, 0),
('Los Angeles Lakers ', 'LAL', 0, 0, 0, 0, 0, 0, 0, 0, 0, 0, 0, 0, 0, 0, 0, 0, 0, 0, 0, 0, 0),
('Memphis Grizzlies ', 'MEM', 0, 0, 0, 0, 0, 0, 0, 0, 0, 0, 0, 0, 0, 0, 0, 0, 0, 0, 0, 0, 0),
('Miami Heat ', 'MIA', 0, 0, 0, 0, 0, 0, 0, 0, 0, 0, 0, 0, 0, 0, 0, 0, 0, 0, 0, 0, 0),
('Milwaukee Bucks ', 'MIL', 0, 0, 0, 0, 0, 0, 0, 0, 0, 0, 0, 0, 0, 0, 0, 0, 0, 0, 0, 0, 0),
('Minnesota Timberwolves ', 'MIN', 0, 0, 0, 0, 0, 0, 0, 0, 0, 0, 0, 0, 0, 0, 0, 0, 0, 0, 0, 0, 0),
('New Orleans Pelicans ', 'NOP', 0, 0, 0, 0, 0, 0, 0, 0, 0, 0, 0, 0, 0, 0, 0, 0, 0, 0, 0, 0, 0),
('New York Knicks ', 'NYK', 0, 0, 0, 0, 0, 0, 0, 0, 0, 0, 0, 0, 0, 0, 0, 0, 0, 0, 0, 0, 0),
('Oklahoma City Thunder ', 'OKC', 0, 0, 0, 0, 0, 0, 0, 0, 0, 0, 0, 0, 0, 0, 0, 0, 0, 0, 0, 0, 0),
('Orlando Magic ', 'ORL', 0, 0, 0, 0, 0, 0, 0, 0, 0, 0, 0, 0, 0, 0, 0, 0, 0, 0, 0, 0, 0),
('Philadelphia 76ers ', 'PHI', 0, 0, 0, 0, 0, 0, 0, 0, 0, 0, 0, 0, 0, 0, 0, 0, 0, 0, 0, 0, 0),
('Phoenix Suns ', 'PHX', 0, 0, 0, 0, 0, 0, 0, 0, 0, 0, 0, 0, 0, 0, 0, 0, 0, 0, 0, 0, 0),
('Portland Trail Blazers ', 'POR', 0, 0, 0, 0, 0, 0, 0, 0, 0, 0, 0, 0, 0, 0, 0, 0, 0, 0, 0, 0, 0),
('Sacramento Kings ', 'SAC', 0, 0, 0, 0, 0, 0, 0, 0, 0, 0, 0, 0, 0, 0, 0, 0, 0, 0, 0, 0, 0),
('San Antonio Spurs ', 'SAS', 0, 0, 0, 0, 0, 0, 0, 0, 0, 0, 0, 0, 0, 0, 0, 0, 0, 0, 0, 0, 0),
('Toronto Raptors ', 'TOR', 0, 0, 0, 0, 0, 0, 0, 0, 0, 0, 0, 0, 0, 0, 0, 0, 0, 0, 0, 0, 0),
('Utah Jazz ', 'UTA', 0, 0, 0, 0, 0, 0, 0, 0, 0, 0, 0, 0, 0, 0, 0, 0, 0, 0, 0, 0, 0),
('Washington Wizards', 'WSH', 0, 0, 0, 0, 0, 0, 0, 0, 0, 0, 0, 0, 0, 0, 0, 0, 0, 0, 0, 0, 0);



INSERT INTO matchup (matchupID, team1, team2) VALUES
(0, 'ATL', 'BKN'),
(1, 'ATL', 'BOS'),
(2, 'ATL', 'CHA'),
(3, 'ATL', 'CHI'),
(4, 'ATL', 'CLE'),
(5, 'ATL', 'DAL'),
(6, 'ATL', 'DEN'),
(7, 'ATL', 'DET'),
(8, 'ATL', 'GSW'),
(9, 'ATL', 'HOU'),
(10, 'ATL', 'IND'),
(11, 'ATL', 'LAC'),
(12, 'ATL', 'LAL'),
(13, 'ATL', 'MEM'),
(14, 'ATL', 'MIA'),
(15, 'ATL', 'MIL'),
(16, 'ATL', 'MIN'),
(17, 'ATL', 'NOP'),
(18, 'ATL', 'NYK'),
(19, 'ATL', 'OKC'),
(20, 'ATL', 'ORL'),
(21, 'ATL', 'PHI'),
(22, 'ATL', 'PHX'),
(23, 'ATL', 'POR'),
(24, 'ATL', 'SAC'),
(25, 'ATL', 'SAS'),
(26, 'ATL', 'TOR'),
(27, 'ATL', 'UTA'),
(28, 'ATL', 'WSH'),
(29, 'BKN', 'BOS'),
(30, 'BKN', 'CHA'),
(31, 'BKN', 'CHI'),
(32, 'BKN', 'CLE'),
(33, 'BKN', 'DAL'),
(34, 'BKN', 'DEN'),
(35, 'BKN', 'DET'),
(36, 'BKN', 'GSW'),
(37, 'BKN', 'HOU'),
(38, 'BKN', 'IND'),
(39, 'BKN', 'LAC'),
(40, 'BKN', 'LAL'),
(41, 'BKN', 'MEM'),
(42, 'BKN', 'MIA'),
(43, 'BKN', 'MIL'),
(44, 'BKN', 'MIN'),
(45, 'BKN', 'NOP'),
(46, 'BKN', 'NYK'),
(47, 'BKN', 'OKC'),
(48, 'BKN', 'ORL'),
(49, 'BKN', 'PHI'),
(50, 'BKN', 'PHX'),
(51, 'BKN', 'POR'),
(52, 'BKN', 'SAC'),
(53, 'BKN', 'SAS'),
(54, 'BKN', 'TOR'),
(55, 'BKN', 'UTA'),
(56, 'BKN', 'WSH'),
(57, 'BOS', 'CHA'),
(58, 'BOS', 'CHI'),
(59, 'BOS', 'CLE'),
(60, 'BOS', 'DAL'),
(61, 'BOS', 'DEN'),
(62, 'BOS', 'DET'),
(63, 'BOS', 'GSW'),
(64, 'BOS', 'HOU'),
(65, 'BOS', 'IND'),
(66, 'BOS', 'LAC'),
(67, 'BOS', 'LAL'),
(68, 'BOS', 'MEM'),
(69, 'BOS', 'MIA'),
(70, 'BOS', 'MIL'),
(71, 'BOS', 'MIN'),
(72, 'BOS', 'NOP'),
(73, 'BOS', 'NYK'),
(74, 'BOS', 'OKC'),
(75, 'BOS', 'ORL'),
(76, 'BOS', 'PHI'),
(77, 'BOS', 'PHX'),
(78, 'BOS', 'POR'),
(79, 'BOS', 'SAC'),
(80, 'BOS', 'SAS'),
(81, 'BOS', 'TOR'),
(82, 'BOS', 'UTA'),
(83, 'BOS', 'WSH'),
(84, 'CHA', 'CHI'),
(85, 'CHA', 'CLE'),
(86, 'CHA', 'DAL'),
(87, 'CHA', 'DEN'),
(88, 'CHA', 'DET'),
(89, 'CHA', 'GSW'),
(90, 'CHA', 'HOU'),
(91, 'CHA', 'IND'),
(92, 'CHA', 'LAC'),
(93, 'CHA', 'LAL'),
(94, 'CHA', 'MEM'),
(95, 'CHA', 'MIA'),
(96, 'CHA', 'MIL'),
(97, 'CHA', 'MIN'),
(98, 'CHA', 'NOP'),
(99, 'CHA', 'NYK'),
(100, 'CHA', 'OKC'),
(101, 'CHA', 'ORL'),
(102, 'CHA', 'PHI'),
(103, 'CHA', 'PHX'),
(104, 'CHA', 'POR'),
(105, 'CHA', 'SAC'),
(106, 'CHA', 'SAS'),
(107, 'CHA', 'TOR'),
(108, 'CHA', 'UTA'),
(109, 'CHA', 'WSH'),
(110, 'CHI', 'CLE'),
(111, 'CHI', 'DAL'),
(112, 'CHI', 'DEN'),
(113, 'CHI', 'DET'),
(114, 'CHI', 'GSW'),
(115, 'CHI', 'HOU'),
(116, 'CHI', 'IND'),
(117, 'CHI', 'LAC'),
(118, 'CHI', 'LAL'),
(119, 'CHI', 'MEM'),
(120, 'CHI', 'MIA'),
(121, 'CHI', 'MIL'),
(122, 'CHI', 'MIN'),
(123, 'CHI', 'NOP'),
(124, 'CHI', 'NYK'),
(125, 'CHI', 'OKC'),
(126, 'CHI', 'ORL'),
(127, 'CHI', 'PHI'),
(128, 'CHI', 'PHX'),
(129, 'CHI', 'POR'),
(130, 'CHI', 'SAC'),
(131, 'CHI', 'SAS'),
(132, 'CHI', 'TOR'),
(133, 'CHI', 'UTA'),
(134, 'CHI', 'WSH'),
(135, 'CLE', 'DAL'),
(136, 'CLE', 'DEN'),
(137, 'CLE', 'DET'),
(138, 'CLE', 'GSW'),
(139, 'CLE', 'HOU'),
(140, 'CLE', 'IND'),
(141, 'CLE', 'LAC'),
(142, 'CLE', 'LAL'),
(143, 'CLE', 'MEM'),
(144, 'CLE', 'MIA'),
(145, 'CLE', 'MIL'),
(146, 'CLE', 'MIN'),
(147, 'CLE', 'NOP'),
(148, 'CLE', 'NYK'),
(149, 'CLE', 'OKC'),
(150, 'CLE', 'ORL'),
(151, 'CLE', 'PHI'),
(152, 'CLE', 'PHX'),
(153, 'CLE', 'POR'),
(154, 'CLE', 'SAC'),
(155, 'CLE', 'SAS'),
(156, 'CLE', 'TOR'),
(157, 'CLE', 'UTA'),
(158, 'CLE', 'WSH'),
(159, 'DAL', 'DEN'),
(160, 'DAL', 'DET'),
(161, 'DAL', 'GSW'),
(162, 'DAL', 'HOU'),
(163, 'DAL', 'IND'),
(164, 'DAL', 'LAC'),
(165, 'DAL', 'LAL'),
(166, 'DAL', 'MEM'),
(167, 'DAL', 'MIA'),
(168, 'DAL', 'MIL'),
(169, 'DAL', 'MIN'),
(170, 'DAL', 'NOP'),
(171, 'DAL', 'NYK'),
(172, 'DAL', 'OKC'),
(173, 'DAL', 'ORL'),
(174, 'DAL', 'PHI'),
(175, 'DAL', 'PHX'),
(176, 'DAL', 'POR'),
(177, 'DAL', 'SAC'),
(178, 'DAL', 'SAS'),
(179, 'DAL', 'TOR'),
(180, 'DAL', 'UTA'),
(181, 'DAL', 'WSH'),
(182, 'DEN', 'DET'),
(183, 'DEN', 'GSW'),
(184, 'DEN', 'HOU'),
(185, 'DEN', 'IND'),
(186, 'DEN', 'LAC'),
(187, 'DEN', 'LAL'),
(188, 'DEN', 'MEM'),
(189, 'DEN', 'MIA'),
(190, 'DEN', 'MIL'),
(191, 'DEN', 'MIN'),
(192, 'DEN', 'NOP'),
(193, 'DEN', 'NYK'),
(194, 'DEN', 'OKC'),
(195, 'DEN', 'ORL'),
(196, 'DEN', 'PHI'),
(197, 'DEN', 'PHX'),
(198, 'DEN', 'POR'),
(199, 'DEN', 'SAC'),
(200, 'DEN', 'SAS'),
(201, 'DEN', 'TOR'),
(202, 'DEN', 'UTA'),
(203, 'DEN', 'WSH'),
(204, 'DET', 'GSW'),
(205, 'DET', 'HOU'),
(206, 'DET', 'IND'),
(207, 'DET', 'LAC'),
(208, 'DET', 'LAL'),
(209, 'DET', 'MEM'),
(210, 'DET', 'MIA'),
(211, 'DET', 'MIL'),
(212, 'DET', 'MIN'),
(213, 'DET', 'NOP'),
(214, 'DET', 'NYK'),
(215, 'DET', 'OKC'),
(216, 'DET', 'ORL'),
(217, 'DET', 'PHI'),
(218, 'DET', 'PHX'),
(219, 'DET', 'POR'),
(220, 'DET', 'SAC'),
(221, 'DET', 'SAS'),
(222, 'DET', 'TOR'),
(223, 'DET', 'UTA'),
(224, 'DET', 'WSH'),
(225, 'GSW', 'HOU'),
(226, 'GSW', 'IND'),
(227, 'GSW', 'LAC'),
(228, 'GSW', 'LAL'),
(229, 'GSW', 'MEM'),
(230, 'GSW', 'MIA'),
(231, 'GSW', 'MIL'),
(232, 'GSW', 'MIN'),
(233, 'GSW', 'NOP'),
(234, 'GSW', 'NYK'),
(235, 'GSW', 'OKC'),
(236, 'GSW', 'ORL'),
(237, 'GSW', 'PHI'),
(238, 'GSW', 'PHX'),
(239, 'GSW', 'POR'),
(240, 'GSW', 'SAC'),
(241, 'GSW', 'SAS'),
(242, 'GSW', 'TOR'),
(243, 'GSW', 'UTA'),
(244, 'GSW', 'WSH'),
(245, 'HOU', 'IND'),
(246, 'HOU', 'LAC'),
(247, 'HOU', 'LAL'),
(248, 'HOU', 'MEM'),
(249, 'HOU', 'MIA'),
(250, 'HOU', 'MIL'),
(251, 'HOU', 'MIN'),
(252, 'HOU', 'NOP'),
(253, 'HOU', 'NYK'),
(254, 'HOU', 'OKC'),
(255, 'HOU', 'ORL'),
(256, 'HOU', 'PHI'),
(257, 'HOU', 'PHX'),
(258, 'HOU', 'POR'),
(259, 'HOU', 'SAC'),
(260, 'HOU', 'SAS'),
(261, 'HOU', 'TOR'),
(262, 'HOU', 'UTA'),
(263, 'HOU', 'WSH'),
(264, 'IND', 'LAC'),
(265, 'IND', 'LAL'),
(266, 'IND', 'MEM'),
(267, 'IND', 'MIA'),
(268, 'IND', 'MIL'),
(269, 'IND', 'MIN'),
(270, 'IND', 'NOP'),
(271, 'IND', 'NYK'),
(272, 'IND', 'OKC'),
(273, 'IND', 'ORL'),
(274, 'IND', 'PHI'),
(275, 'IND', 'PHX'),
(276, 'IND', 'POR'),
(277, 'IND', 'SAC'),
(278, 'IND', 'SAS'),
(279, 'IND', 'TOR'),
(280, 'IND', 'UTA'),
(281, 'IND', 'WSH'),
(282, 'LAC', 'LAL'),
(283, 'LAC', 'MEM'),
(284, 'LAC', 'MIA'),
(285, 'LAC', 'MIL'),
(286, 'LAC', 'MIN'),
(287, 'LAC', 'NOP'),
(288, 'LAC', 'NYK'),
(289, 'LAC', 'OKC'),
(290, 'LAC', 'ORL'),
(291, 'LAC', 'PHI'),
(292, 'LAC', 'PHX'),
(293, 'LAC', 'POR'),
(294, 'LAC', 'SAC'),
(295, 'LAC', 'SAS'),
(296, 'LAC', 'TOR'),
(297, 'LAC', 'UTA'),
(298, 'LAC', 'WSH'),
(299, 'LAL', 'MEM'),
(300, 'LAL', 'MIA'),
(301, 'LAL', 'MIL'),
(302, 'LAL', 'MIN'),
(303, 'LAL', 'NOP'),
(304, 'LAL', 'NYK'),
(305, 'LAL', 'OKC'),
(306, 'LAL', 'ORL'),
(307, 'LAL', 'PHI'),
(308, 'LAL', 'PHX'),
(309, 'LAL', 'POR'),
(310, 'LAL', 'SAC'),
(311, 'LAL', 'SAS'),
(312, 'LAL', 'TOR'),
(313, 'LAL', 'UTA'),
(314, 'LAL', 'WSH'),
(315, 'MEM', 'MIA'),
(316, 'MEM', 'MIL'),
(317, 'MEM', 'MIN'),
(318, 'MEM', 'NOP'),
(319, 'MEM', 'NYK'),
(320, 'MEM', 'OKC'),
(321, 'MEM', 'ORL'),
(322, 'MEM', 'PHI'),
(323, 'MEM', 'PHX'),
(324, 'MEM', 'POR'),
(325, 'MEM', 'SAC'),
(326, 'MEM', 'SAS'),
(327, 'MEM', 'TOR'),
(328, 'MEM', 'UTA'),
(329, 'MEM', 'WSH'),
(330, 'MIA', 'MIL'),
(331, 'MIA', 'MIN'),
(332, 'MIA', 'NOP'),
(333, 'MIA', 'NYK'),
(334, 'MIA', 'OKC'),
(335, 'MIA', 'ORL'),
(336, 'MIA', 'PHI'),
(337, 'MIA', 'PHX'),
(338, 'MIA', 'POR'),
(339, 'MIA', 'SAC'),
(340, 'MIA', 'SAS'),
(341, 'MIA', 'TOR'),
(342, 'MIA', 'UTA'),
(343, 'MIA', 'WSH'),
(344, 'MIL', 'MIN'),
(345, 'MIL', 'NOP'),
(346, 'MIL', 'NYK'),
(347, 'MIL', 'OKC'),
(348, 'MIL', 'ORL'),
(349, 'MIL', 'PHI'),
(350, 'MIL', 'PHX'),
(351, 'MIL', 'POR'),
(352, 'MIL', 'SAC'),
(353, 'MIL', 'SAS'),
(354, 'MIL', 'TOR'),
(355, 'MIL', 'UTA'),
(356, 'MIL', 'WSH'),
(357, 'MIN', 'NOP'),
(358, 'MIN', 'NYK'),
(359, 'MIN', 'OKC'),
(360, 'MIN', 'ORL'),
(361, 'MIN', 'PHI'),
(362, 'MIN', 'PHX'),
(363, 'MIN', 'POR'),
(364, 'MIN', 'SAC'),
(365, 'MIN', 'SAS'),
(366, 'MIN', 'TOR'),
(367, 'MIN', 'UTA'),
(368, 'MIN', 'WSH'),
(369, 'NOP', 'NYK'),
(370, 'NOP', 'OKC'),
(371, 'NOP', 'ORL'),
(372, 'NOP', 'PHI'),
(373, 'NOP', 'PHX'),
(374, 'NOP', 'POR'),
(375, 'NOP', 'SAC'),
(376, 'NOP', 'SAS'),
(377, 'NOP', 'TOR'),
(378, 'NOP', 'UTA'),
(379, 'NOP', 'WSH'),
(380, 'NYK', 'OKC'),
(381, 'NYK', 'ORL'),
(382, 'NYK', 'PHI'),
(383, 'NYK', 'PHX'),
(384, 'NYK', 'POR'),
(385, 'NYK', 'SAC'),
(386, 'NYK', 'SAS'),
(387, 'NYK', 'TOR'),
(388, 'NYK', 'UTA'),
(389, 'NYK', 'WSH'),
(390, 'OKC', 'ORL'),
(391, 'OKC', 'PHI'),
(392, 'OKC', 'PHX'),
(393, 'OKC', 'POR'),
(394, 'OKC', 'SAC'),
(395, 'OKC', 'SAS'),
(396, 'OKC', 'TOR'),
(397, 'OKC', 'UTA'),
(398, 'OKC', 'WSH'),
(399, 'ORL', 'PHI'),
(400, 'ORL', 'PHX'),
(401, 'ORL', 'POR'),
(402, 'ORL', 'SAC'),
(403, 'ORL', 'SAS'),
(404, 'ORL', 'TOR'),
(405, 'ORL', 'UTA'),
(406, 'ORL', 'WSH'),
(407, 'PHI', 'PHX'),
(408, 'PHI', 'POR'),
(409, 'PHI', 'SAC'),
(410, 'PHI', 'SAS'),
(411, 'PHI', 'TOR'),
(412, 'PHI', 'UTA'),
(413, 'PHI', 'WSH'),
(414, 'PHX', 'POR'),
(415, 'PHX', 'SAC'),
(416, 'PHX', 'SAS'),
(417, 'PHX', 'TOR'),
(418, 'PHX', 'UTA'),
(419, 'PHX', 'WSH'),
(420, 'POR', 'SAC'),
(421, 'POR', 'SAS'),
(422, 'POR', 'TOR'),
(423, 'POR', 'UTA'),
(424, 'POR', 'WSH'),
(425, 'SAC', 'SAS'),
(426, 'SAC', 'TOR'),
(427, 'SAC', 'UTA'),
(428, 'SAC', 'WSH'),
(429, 'SAS', 'TOR'),
(430, 'SAS', 'UTA'),
(431, 'SAS', 'WSH'),
(432, 'TOR', 'UTA'),
(433, 'TOR', 'WSH');

INSERT INTO game (gameID, matchupID, date, location) VALUES
(280, 0, '20141205', 'BKN'),
(682, 0, '20150128', 'ATL'),
(1137, 0, '20150404', 'ATL'),
(1164, 0, '20150408', 'BKN'),
(254, 1, '20141202', 'ATL'),
(580, 1, '20150114', 'BOS'),
(787, 1, '20150211', 'BOS'),
(71, 2, '20141107', 'CHA'),
(237, 2, '20141129', 'ATL'),
(1086, 2, '20150328', 'CHA'),
(1176, 2, '20150410', 'ATL'),
(2441, 2, '20151030', 'ATL'),
(358, 3, '20141215', 'ATL'),
(602, 3, '20150117', 'CHI'),
(133, 4, '20141115', 'CLE'),
(370, 4, '20141217', 'CLE'),
(466, 4, '20141230', 'ATL'),
(915, 4, '20150306', 'ATL'),
(413, 5, '20141222', 'DAL'),
(841, 5, '20150225', 'ATL'),
(295, 6, '20141207', 'ATL'),
(957, 6, '20150311', 'DEN'),
(174, 7, '20141121', 'ATL'),
(540, 7, '20150109', 'DET'),
(613, 7, '20150119', 'ATL'),
(1108, 7, '20150331', 'DET'),
(748, 8, '20150206', 'ATL'),
(1013, 8, '20150318', 'GSW'),
(396, 9, '20141220', 'HOU'),
(891, 9, '20150303', 'ATL'),
(32, 10, '20141101', 'ATL'),
(301, 10, '20141208', 'IND'),
(628, 10, '20150121', 'ATL'),
(420, 11, '20141223', 'ATL'),
(519, 11, '20150105', 'LAC'),
(155, 12, '20141118', 'ATL'),
(988, 12, '20150315', 'LAL'),
(526, 13, '20150107', 'ATL'),
(765, 13, '20150208', 'MEM'),
(124, 14, '20141114', 'ATL'),
(267, 14, '20141203', 'MIA'),
(869, 14, '20150228', 'MIA'),
(1076, 14, '20150327', 'ATL'),
(434, 15, '20141226', 'ATL'),
(449, 15, '20141227', 'MIL'),
(820, 15, '20150222', 'MIL'),
(1102, 15, '20150330', 'ATL'),
(661, 16, '20150125', 'ATL'),
(777, 16, '20150209', 'MIN'),
(225, 17, '20141128', 'ATL'),
(720, 17, '20150202', 'NOP'),
(84, 18, '20141108', 'ATL'),
(100, 18, '20141110', 'NYK'),
(1205, 18, '20150413', 'ATL'),
(642, 19, '20150123', 'ATL'),
(1025, 19, '20150320', 'OKC'),
(330, 20, '20141212', 'ATL'),
(343, 20, '20141213', 'ORL'),
(856, 20, '20150227', 'ATL'),
(1061, 20, '20150325', 'ORL'),
(319, 21, '20141210', 'ATL'),
(568, 21, '20150113', 'PHI'),
(706, 21, '20150131', 'ATL'),
(926, 21, '20150307', 'PHI'),
(973, 22, '20150313', 'PHX'),
(1154, 22, '20150407', 'ATL'),
(501, 23, '20150103', 'POR'),
(695, 23, '20150130', 'ATL'),
(938, 24, '20150309', 'ATL'),
(997, 24, '20150316', 'SAC'),
(64, 25, '20141105', 'SAS'),
(1038, 25, '20150322', 'ATL'),
(8, 26, '20141029', 'TOR'),
(215, 26, '20141126', 'ATL'),
(592, 26, '20150116', 'TOR'),
(803, 26, '20150220', 'ATL'),
(110, 27, '20141112', 'ATL'),
(492, 27, '20150102', 'UTA'),
(205, 28, '20141125', 'WSH'),
(558, 28, '20150111', 'ATL'),
(730, 28, '20150204', 'ATL'),
(1198, 28, '20150412', 'WSH'),
(6, 29, '20141029', 'BOS'),
(432, 29, '20141226', 'BOS'),
(527, 29, '20150107', 'BKN'),
(1048, 29, '20150323', 'BKN'),
(2449, 29, '20151122', 'BKN'),
(341, 30, '20141213', 'CHA'),
(898, 30, '20150304', 'BKN'),
(1059, 30, '20150325', 'CHA'),
(242, 31, '20141130', 'BKN'),
(320, 31, '20141210', 'CHI'),
(467, 31, '20141230', 'CHI'),
(1206, 31, '20150413', 'BKN'),
(303, 32, '20141208', 'BKN'),
(386, 32, '20141219', 'CLE'),
(1004, 32, '20150318', 'CLE'),
(1077, 32, '20150327', 'BKN'),
(511, 33, '20150105', 'BKN'),
(872, 33, '20150228', 'DAL'),
(421, 34, '20141223', 'BKN'),
(832, 34, '20150223', 'DEN'),
(33, 35, '20141101', 'DET'),
(403, 35, '20141221', 'BKN'),
(551, 35, '20150110', 'DET'),
(121, 36, '20141113', 'GSW'),
(884, 36, '20150302', 'BKN'),
(564, 37, '20150112', 'BKN'),
(861, 37, '20150227', 'HOU'),
(448, 38, '20141227', 'BKN'),
(1031, 38, '20150321', 'IND'),
(1107, 38, '20150331', 'BKN'),
(640, 39, '20150122', 'LAC'),
(718, 39, '20150202', 'BKN'),
(813, 40, '20150220', 'LAL'),
(1092, 40, '20150329', 'BKN'),
(576, 41, '20150114', 'BKN'),
(784, 41, '20150210', 'MEM'),
(149, 42, '20141117', 'BKN'),
(364, 42, '20141216', 'BKN'),
(505, 42, '20150104', 'MIA'),
(954, 42, '20150311', 'MIA'),
(164, 43, '20141119', 'BKN'),
(776, 43, '20150209', 'MIL'),
(1021, 43, '20150320', 'BKN'),
(1193, 43, '20150412', 'MIL'),
(60, 44, '20141105', 'BKN'),
(993, 44, '20150316', 'MIN'),
(847, 45, '20150225', 'NOP'),
(946, 45, '20150310', 'BKN'),
(75, 46, '20141107', 'BKN'),
(256, 46, '20141202', 'NYK'),
(744, 46, '20150206', 'BKN'),
(1115, 46, '20150401', 'NYK'),
(44, 47, '20141103', 'BKN'),
(178, 47, '20141121', 'OKC'),
(90, 48, '20141109', 'BKN'),
(485, 48, '20150102', 'ORL'),
(213, 49, '20141126', 'PHI'),
(332, 49, '20141212', 'BKN'),
(539, 49, '20150109', 'BKN'),
(977, 49, '20150314', 'PHI'),
(116, 50, '20141112', 'PHX'),
(916, 50, '20150306', 'BKN'),
(138, 51, '20141115', 'POR'),
(1153, 51, '20150406', 'BKN'),
(461, 52, '20141229', 'BKN'),
(635, 52, '20150121', 'SAC'),
(191, 53, '20141122', 'SAS'),
(266, 53, '20141203', 'BKN'),
(2443, 53, '20151030', 'SAS'),
(374, 54, '20141217', 'TOR'),
(697, 54, '20150130', 'BKN'),
(732, 54, '20150204', 'TOR'),
(1129, 54, '20150403', 'BKN'),
(655, 55, '20150124', 'UTA'),
(932, 55, '20150308', 'BKN'),
(590, 56, '20150116', 'WSH'),
(604, 56, '20150117', 'BKN'),
(757, 56, '20150207', 'WSH'),
(1177, 56, '20150410', 'BKN'),
(316, 57, '20141210', 'CHA'),
(510, 57, '20150105', 'BOS'),
(857, 57, '20150227', 'BOS'),
(1100, 57, '20150330', 'CHA'),
(86, 58, '20141108', 'CHI'),
(223, 58, '20141128', 'BOS'),
(496, 58, '20150103', 'CHI'),
(591, 58, '20150116', 'BOS'),
(125, 59, '20141114', 'BOS'),
(890, 59, '20150303', 'CLE'),
(1178, 59, '20150410', 'CLE'),
(1194, 59, '20150412', 'BOS'),
(46, 60, '20141103', 'DAL'),
(486, 60, '20150102', 'BOS'),
(649, 61, '20150123', 'DEN'),
(731, 61, '20150204', 'BOS'),
(265, 62, '20141203', 'BOS'),
(1042, 62, '20150322', 'BOS'),
(1163, 62, '20150408', 'DET'),
(665, 63, '20150125', 'GSW'),
(878, 63, '20150301', 'BOS'),
(34, 64, '20141101', 'HOU'),
(696, 64, '20150130', 'BOS'),
(74, 65, '20141107', 'BOS'),
(538, 65, '20150109', 'IND'),
(975, 65, '20150314', 'IND'),
(1114, 65, '20150401', 'BOS'),
(614, 66, '20150119', 'LAC'),
(1095, 66, '20150329', 'BOS'),
(279, 67, '20141205', 'BOS'),
(827, 67, '20150222', 'LAL'),
(176, 68, '20141121', 'MEM'),
(953, 68, '20150311', 'BOS'),
(404, 69, '20141221', 'MIA'),
(714, 69, '20150201', 'BOS'),
(939, 69, '20150309', 'MIA'),
(1064, 69, '20150325', 'BOS'),
(761, 70, '20150207', 'MIL'),
(1128, 70, '20150403', 'BOS'),
(385, 71, '20141219', 'BOS'),
(684, 71, '20150128', 'MIN'),
(563, 72, '20150112', 'BOS'),
(919, 72, '20150306', 'NOP'),
(331, 73, '20141212', 'BOS'),
(726, 73, '20150203', 'NYK'),
(842, 73, '20150225', 'BOS'),
(1078, 73, '20150327', 'NYK'),
(111, 74, '20141112', 'BOS'),
(1010, 74, '20150318', 'OKC'),
(371, 75, '20141217', 'BOS'),
(418, 75, '20141223', 'ORL'),
(934, 75, '20150308', 'ORL'),
(968, 75, '20150313', 'BOS'),
(162, 76, '20141119', 'PHI'),
(357, 76, '20141215', 'PHI'),
(749, 76, '20150206', 'BOS'),
(991, 76, '20150316', 'BOS'),
(148, 77, '20141117', 'BOS'),
(833, 77, '20150223', 'PHX'),
(194, 78, '20141123', 'BOS'),
(639, 78, '20150122', 'POR'),
(475, 79, '20141231', 'BOS'),
(811, 79, '20150220', 'SAC'),
(241, 80, '20141130', 'BOS'),
(1027, 80, '20150320', 'SAS'),
(59, 81, '20141105', 'BOS'),
(553, 81, '20150110', 'TOR'),
(1139, 81, '20150404', 'TOR'),
(1214, 81, '20150414', 'BOS'),
(2439, 81, '20151030', 'BOS'),
(671, 82, '20150126', 'UTA'),
(897, 82, '20150304', 'BOS'),
(294, 83, '20141207', 'BOS'),
(302, 83, '20141208', 'WSH'),
(445, 83, '20141227', 'WSH'),
(263, 84, '20141203', 'CHA'),
(843, 84, '20150225', 'CHI'),
(966, 84, '20150313', 'CHA'),
(1050, 84, '20150323', 'CHI'),
(355, 85, '20141215', 'CLE'),
(484, 85, '20150102', 'CHA'),
(643, 85, '20150123', 'CLE'),
(146, 86, '20141117', 'CHA'),
(825, 86, '20150222', 'DAL'),
(409, 87, '20141222', 'CHA'),
(711, 87, '20150131', 'DEN'),
(781, 88, '20150210', 'CHA'),
(933, 88, '20150308', 'DET'),
(1111, 88, '20150401', 'CHA'),
(1195, 88, '20150412', 'DET'),
(140, 89, '20141115', 'GSW'),
(224, 89, '20141128', 'CHA'),
(478, 90, '20141231', 'HOU'),
(1202, 90, '20150413', 'CHA'),
(160, 91, '20141119', 'IND'),
(600, 91, '20150117', 'CHA'),
(766, 91, '20150208', 'CHA'),
(1126, 91, '20150403', 'IND'),
(198, 92, '20141124', 'CHA'),
(1003, 92, '20150317', 'LAC'),
(97, 93, '20141109', 'LAL'),
(889, 93, '20150303', 'CHA'),
(28, 94, '20141101', 'CHA'),
(334, 94, '20141212', 'MEM'),
(57, 95, '20141105', 'CHA'),
(195, 95, '20141123', 'MIA'),
(625, 95, '20150121', 'CHA'),
(1155, 95, '20150407', 'MIA'),
(4, 96, '20141029', 'CHA'),
(423, 96, '20141223', 'MIL'),
(459, 96, '20141229', 'CHA'),
(611, 97, '20150119', 'CHA'),
(1044, 97, '20150322', 'MIN'),
(54, 98, '20141104', 'NOP'),
(522, 98, '20150107', 'CHA'),
(41, 99, '20141102', 'NYK'),
(276, 99, '20141205', 'CHA'),
(549, 99, '20150110', 'NYK'),
(652, 99, '20150124', 'CHA'),
(438, 100, '20141226', 'OKC'),
(814, 100, '20150221', 'CHA'),
(172, 101, '20141121', 'CHA'),
(444, 101, '20141227', 'CHA'),
(495, 101, '20150103', 'ORL'),
(880, 101, '20150301', 'ORL'),
(384, 102, '20141219', 'PHI'),
(759, 102, '20150207', 'PHI'),
(1136, 102, '20150404', 'CHA'),
(130, 103, '20141114', 'PHX'),
(369, 103, '20141217', 'CHA'),
(107, 104, '20141111', 'POR'),
(210, 104, '20141126', 'CHA'),
(951, 105, '20150311', 'CHA'),
(1028, 105, '20150320', 'SAC'),
(2466, 105, '20151123', 'CHA'),
(574, 106, '20150114', 'CHA'),
(687, 106, '20150128', 'SAS'),
(535, 107, '20150108', 'TOR'),
(910, 107, '20150306', 'CHA'),
(1160, 107, '20150408', 'CHA'),
(395, 108, '20141220', 'CHA'),
(996, 108, '20150316', 'UTA'),
(717, 109, '20150202', 'WSH'),
(740, 109, '20150205', 'CHA'),
(937, 109, '20150309', 'CHA'),
(1075, 109, '20150327', 'WSH'),
(22, 110, '20141031', 'CHI'),
(619, 110, '20150119', 'CLE'),
(798, 110, '20150212', 'CHI'),
(1147, 110, '20150405', 'CLE'),
(257, 111, '20141202', 'CHI'),
(646, 111, '20150123', 'DAL'),
(209, 112, '20141125', 'DEN'),
(482, 112, '20150101', 'CHI'),
(101, 113, '20141110', 'CHI'),
(804, 113, '20150220', 'DET'),
(1032, 113, '20150321', 'DET'),
(1130, 113, '20150403', 'CHI'),
(2440, 113, '20151030', 'DET'),
(289, 114, '20141206', 'CHI'),
(677, 114, '20150127', 'GSW'),
(512, 115, '20150105', 'CHI'),
(733, 115, '20150204', 'HOU'),
(135, 116, '20141115', 'CHI'),
(460, 116, '20141229', 'IND'),
(911, 116, '20150306', 'IND'),
(1008, 116, '20150318', 'CHI'),
(154, 117, '20141117', 'LAC'),
(875, 117, '20150301', 'CHI'),
(430, 118, '20141225', 'CHI'),
(693, 118, '20150129', 'LAL'),
(389, 119, '20141219', 'MEM'),
(940, 119, '20150309', 'CHI'),
(349, 120, '20141214', 'MIA'),
(657, 120, '20150125', 'CHI'),
(1173, 120, '20150409', 'MIA'),
(62, 121, '20141105', 'MIL'),
(554, 121, '20150110', 'CHI'),
(829, 121, '20150223', 'CHI'),
(1117, 121, '20150401', 'MIL'),
(35, 122, '20141101', 'MIN'),
(860, 122, '20150227', 'CHI'),
(447, 123, '20141227', 'CHI'),
(756, 123, '20150207', 'NOP'),
(10, 124, '20141029', 'NYK'),
(379, 124, '20141218', 'CHI'),
(1087, 124, '20150328', 'CHI'),
(908, 125, '20150305', 'CHI'),
(981, 125, '20150315', 'OKC'),
(53, 126, '20141104', 'CHI'),
(566, 126, '20150112', 'CHI'),
(768, 126, '20150208', 'ORL'),
(1161, 126, '20150408', 'ORL'),
(73, 127, '20141107', 'PHI'),
(952, 127, '20150311', 'PHI'),
(1189, 127, '20150411', 'CHI'),
(702, 128, '20150130', 'PHX'),
(816, 128, '20150221', 'CHI'),
(183, 129, '20141121', 'POR'),
(328, 129, '20141212', 'CHI'),
(171, 130, '20141120', 'SAC'),
(783, 130, '20150210', 'CHI'),
(637, 131, '20150122', 'CHI'),
(930, 131, '20150308', 'SAS'),
(119, 132, '20141113', 'TOR'),
(410, 132, '20141222', 'CHI'),
(1024, 132, '20150320', 'CHI'),
(1063, 132, '20150325', 'TOR'),
(204, 133, '20141124', 'UTA'),
(528, 133, '20150107', 'CHI'),
(419, 134, '20141223', 'WSH'),
(543, 134, '20150109', 'WSH'),
(579, 134, '20150114', 'CHI'),
(892, 134, '20150303', 'CHI'),
(503, 135, '20150104', 'CLE'),
(947, 135, '20150310', 'DAL'),
(81, 136, '20141107', 'DEN'),
(147, 136, '20141117', 'CLE'),
(453, 137, '20141228', 'CLE'),
(674, 137, '20150127', 'DET'),
(837, 137, '20150224', 'DET'),
(1203, 137, '20150413', 'CLE'),
(547, 138, '20150109', 'GSW'),
(852, 138, '20150226', 'CLE'),
(523, 139, '20150107', 'CLE'),
(876, 139, '20150301', 'HOU'),
(238, 140, '20141129', 'CLE'),
(745, 140, '20150206', 'IND'),
(854, 140, '20150227', 'IND'),
(1022, 140, '20150320', 'CLE'),
(599, 141, '20150116', 'LAC'),
(741, 141, '20150205', 'CLE'),
(586, 142, '20150115', 'LAL'),
(764, 142, '20150208', 'CLE'),
(401, 143, '20141221', 'CLE'),
(1065, 143, '20150325', 'MEM'),
(429, 144, '20141225', 'MIA'),
(794, 144, '20150211', 'CLE'),
(994, 144, '20150316', 'MIA'),
(1123, 144, '20150402', 'CLE'),
(2436, 144, '20151030', 'CLE'),
(253, 145, '20141202', 'CLE'),
(479, 145, '20141231', 'CLE'),
(1036, 145, '20150322', 'MIL'),
(1167, 145, '20150408', 'MIL'),
(416, 146, '20141223', 'CLE'),
(709, 146, '20150131', 'MIN'),
(98, 147, '20141110', 'CLE'),
(336, 147, '20141212', 'NOP'),
(18, 148, '20141030', 'CLE'),
(273, 148, '20141204', 'NYK'),
(819, 148, '20150222', 'NYK'),
(326, 149, '20141211', 'OKC'),
(658, 149, '20150125', 'CLE'),
(199, 150, '20141124', 'CLE'),
(433, 150, '20141226', 'ORL'),
(984, 150, '20150315', 'ORL'),
(2467, 150, '20151123', 'CLE'),
(509, 151, '20150105', 'PHI'),
(716, 151, '20150202', 'CLE'),
(1094, 151, '20150329', 'CLE'),
(570, 152, '20150113', 'PHX'),
(923, 152, '20150307', 'CLE'),
(55, 153, '20141104', 'POR'),
(679, 153, '20150128', 'CLE'),
(561, 154, '20150111', 'SAC'),
(698, 154, '20150130', 'CLE'),
(159, 155, '20141119', 'CLE'),
(964, 155, '20150312', 'SAS'),
(186, 156, '20141122', 'CLE'),
(281, 156, '20141205', 'TOR'),
(308, 156, '20141209', 'CLE'),
(899, 156, '20150304', 'TOR'),
(66, 157, '20141105', 'UTA'),
(626, 157, '20150121', 'CLE'),
(179, 158, '20141121', 'WSH'),
(211, 158, '20141126', 'CLE'),
(807, 158, '20150220', 'WSH'),
(581, 159, '20150114', 'DEN'),
(594, 159, '20150116', 'DAL'),
(1184, 159, '20150410', 'DEN'),
(372, 160, '20141217', 'DET'),
(529, 160, '20150107', 'DAL'),
(340, 161, '20141213', 'DAL'),
(739, 161, '20150204', 'GSW'),
(921, 161, '20150306', 'GSW'),
(1141, 161, '20150404', 'DAL'),
(188, 162, '20141122', 'HOU'),
(683, 162, '20150128', 'HOU'),
(808, 162, '20150220', 'DAL'),
(1124, 162, '20150402', 'DAL'),
(203, 163, '20141124', 'DAL'),
(1098, 163, '20150329', 'IND'),
(550, 164, '20150110', 'LAC'),
(779, 164, '20150209', 'DAL'),
(971, 164, '20150313', 'DAL'),
(180, 165, '20141121', 'DAL'),
(439, 165, '20141226', 'DAL'),
(936, 165, '20150308', 'LAL'),
(1201, 165, '20150412', 'LAL'),
(310, 166, '20141209', 'MEM'),
(616, 166, '20150119', 'MEM'),
(676, 166, '20150127', 'DAL'),
(1026, 166, '20150320', 'DAL'),
(94, 167, '20141109', 'DAL'),
(700, 167, '20150130', 'MIA'),
(269, 168, '20141203', 'MIL'),
(298, 168, '20141207', 'DAL'),
(137, 169, '20141115', 'DAL'),
(631, 169, '20150121', 'MIN'),
(722, 169, '20150202', 'DAL'),
(27, 170, '20141101', 'NOP'),
(322, 170, '20141210', 'DAL'),
(660, 170, '20150125', 'NOP'),
(887, 170, '20150302', 'DAL'),
(214, 171, '20141126', 'DAL'),
(367, 171, '20141216', 'NYK'),
(455, 172, '20141228', 'DAL'),
(799, 172, '20150219', 'OKC'),
(995, 172, '20150316', 'DAL'),
(1119, 172, '20150401', 'OKC'),
(2451, 172, '20151122', 'OKC'),
(704, 173, '20150131', 'ORL'),
(1011, 173, '20150318', 'DAL'),
(120, 174, '20141113', 'DAL'),
(235, 174, '20141129', 'PHI'),
(284, 175, '20141205', 'DAL'),
(425, 175, '20141223', 'PHX'),
(1045, 175, '20150322', 'PHX'),
(1171, 175, '20150408', 'DAL'),
(70, 176, '20141106', 'POR'),
(760, 176, '20150207', 'DAL'),
(909, 176, '20150305', 'POR'),
(106, 177, '20141111', 'DAL'),
(572, 177, '20150113', 'SAC'),
(742, 177, '20150205', 'SAC'),
(2, 178, '20141028', 'SAS'),
(397, 178, '20141220', 'DAL'),
(1056, 178, '20150324', 'DAL'),
(1083, 178, '20150327', 'SAS'),
(227, 179, '20141128', 'TOR'),
(839, 179, '20150224', 'DAL'),
(19, 180, '20141030', 'DAL'),
(80, 180, '20141107', 'UTA'),
(795, 180, '20150211', 'DAL'),
(1210, 180, '20150413', 'UTA'),
(163, 181, '20141119', 'WSH'),
(470, 181, '20141230', 'DAL'),
(11, 182, '20141029', 'DEN'),
(750, 182, '20150206', 'DET'),
(615, 183, '20150119', 'GSW'),
(972, 183, '20150313', 'DEN'),
(2452, 183, '20151122', 'DEN'),
(346, 184, '20141213', 'HOU'),
(378, 184, '20141217', 'DEN'),
(929, 184, '20150307', 'DEN'),
(1016, 184, '20150319', 'HOU'),
(122, 185, '20141114', 'IND'),
(398, 185, '20141220', 'DEN'),
(391, 186, '20141219', 'DEN'),
(672, 186, '20150126', 'LAC'),
(1143, 186, '20150404', 'DEN'),
(1213, 186, '20150413', 'LAC'),
(197, 187, '20141123', 'LAL'),
(471, 187, '20141230', 'DEN'),
(785, 187, '20150210', 'LAL'),
(1169, 187, '20150408', 'DEN'),
(500, 188, '20150103', 'DEN'),
(692, 188, '20150129', 'MEM'),
(992, 188, '20150316', 'MEM'),
(325, 189, '20141210', 'DEN'),
(1023, 189, '20150320', 'MIA'),
(809, 190, '20150220', 'MIL'),
(894, 190, '20150303', 'DEN'),
(440, 191, '20141226', 'DEN'),
(514, 191, '20150105', 'MIN'),
(606, 191, '20150117', 'DEN'),
(901, 191, '20150304', 'MIN'),
(2444, 191, '20151030', 'DEN'),
(181, 192, '20141121', 'DEN'),
(685, 192, '20150128', 'NOP'),
(882, 192, '20150301', 'DEN'),
(983, 192, '20150315', 'NOP'),
(142, 193, '20141116', 'NYK'),
(942, 193, '20150309', 'DEN'),
(36, 194, '20141101', 'OKC'),
(168, 194, '20141119', 'DEN'),
(780, 194, '20150209', 'DEN'),
(824, 194, '20150222', 'OKC'),
(530, 195, '20150107', 'DEN'),
(1043, 195, '20150322', 'ORL'),
(724, 196, '20150203', 'PHI'),
(1068, 196, '20150325', 'DEN'),
(221, 197, '20141126', 'PHX'),
(232, 197, '20141128', 'DEN'),
(848, 197, '20150225', 'DEN'),
(96, 198, '20141109', 'POR'),
(115, 198, '20141112', 'DEN'),
(259, 198, '20141202', 'DEN'),
(1090, 198, '20150328', 'POR'),
(47, 199, '20141103', 'DEN'),
(67, 199, '20141105', 'SAC'),
(546, 199, '20150109', 'SAC'),
(1196, 199, '20150412', 'DEN'),
(354, 200, '20141214', 'DEN'),
(624, 200, '20150120', 'DEN'),
(920, 200, '20150306', 'SAS'),
(1133, 200, '20150403', 'SAS'),
(304, 201, '20141208', 'TOR'),
(457, 201, '20141228', 'DEN'),
(251, 202, '20141201', 'UTA'),
(864, 202, '20150227', 'DEN'),
(1084, 202, '20150327', 'DEN'),
(1120, 202, '20150401', 'UTA'),
(278, 203, '20141205', 'WSH'),
(666, 203, '20150125', 'DEN'),
(243, 204, '20141130', 'DET'),
(959, 204, '20150311', 'GSW'),
(707, 205, '20150131', 'DET'),
(917, 205, '20150306', 'HOU'),
(435, 206, '20141226', 'DET'),
(587, 206, '20150116', 'IND'),
(729, 206, '20150204', 'IND'),
(1179, 206, '20150410', 'DET'),
(216, 207, '20141126', 'DET'),
(362, 207, '20141215', 'LAC'),
(255, 208, '20141202', 'DET'),
(950, 208, '20150310', 'LAL'),
(136, 209, '20141115', 'MEM'),
(999, 209, '20150317', 'DET'),
(725, 210, '20150203', 'DET'),
(1096, 210, '20150329', 'MIA'),
(1138, 210, '20150404', 'DET'),
(76, 211, '20141107', 'DET'),
(207, 211, '20141125', 'MIL'),
(226, 211, '20141128', 'DET'),
(653, 211, '20150124', 'MIL'),
(2469, 211, '20151123', 'MIL'),
(17, 212, '20141030', 'MIN'),
(767, 212, '20150208', 'DET'),
(577, 213, '20150114', 'DET'),
(902, 213, '20150304', 'NOP'),
(61, 214, '20141105', 'DET'),
(487, 214, '20150102', 'NYK'),
(858, 214, '20150227', 'DET'),
(129, 215, '20141114', 'OKC'),
(297, 215, '20141207', 'DET'),
(150, 216, '20141117', 'DET'),
(465, 216, '20141230', 'ORL'),
(629, 216, '20150121', 'DET'),
(1073, 216, '20150327', 'ORL'),
(288, 217, '20141206', 'DET'),
(601, 217, '20150117', 'DET'),
(680, 217, '20150128', 'PHI'),
(1005, 217, '20150318', 'PHI'),
(165, 218, '20141119', 'DET'),
(337, 218, '20141212', 'PHX'),
(309, 219, '20141209', 'DET'),
(974, 219, '20150313', 'POR'),
(347, 220, '20141213', 'SAC'),
(504, 220, '20150104', 'DET'),
(521, 221, '20150106', 'SAS'),
(788, 221, '20150211', 'DET'),
(387, 222, '20141219', 'DET'),
(565, 222, '20150112', 'TOR'),
(664, 222, '20150125', 'TOR'),
(1053, 222, '20150324', 'DET'),
(91, 223, '20141109', 'DET'),
(979, 223, '20150314', 'UTA'),
(109, 224, '20141112', 'WSH'),
(821, 224, '20150222', 'DET'),
(868, 224, '20150228', 'WSH'),
(87, 225, '20141108', 'HOU'),
(324, 225, '20141210', 'GSW'),
(603, 225, '20150117', 'HOU'),
(636, 225, '20150121', 'GSW'),
(2445, 225, '20151030', 'HOU'),
(533, 226, '20150107', 'GSW'),
(822, 226, '20150222', 'IND'),
(68, 227, '20141105', 'GSW'),
(431, 227, '20141225', 'LAC'),
(931, 227, '20150308', 'GSW'),
(1110, 227, '20150331', 'LAC'),
(38, 228, '20141101', 'GSW'),
(145, 228, '20141116', 'LAL'),
(426, 228, '20141223', 'LAL'),
(998, 228, '20150316', 'GSW'),
(365, 229, '20141216', 'MEM'),
(1081, 229, '20150327', 'MEM'),
(1212, 229, '20150413', 'GSW'),
(206, 230, '20141125', 'MIA'),
(582, 230, '20150114', 'GSW'),
(906, 231, '20150304', 'GSW'),
(1088, 231, '20150328', 'MIL'),
(305, 232, '20141208', 'MIN'),
(452, 232, '20141227', 'GSW'),
(791, 232, '20150211', 'MIN'),
(1192, 232, '20150411', 'GSW'),
(275, 233, '20141204', 'GSW'),
(348, 233, '20141214', 'NOP'),
(1029, 233, '20150320', 'GSW'),
(1156, 233, '20150407', 'NOP'),
(758, 234, '20150207', 'NYK'),
(980, 234, '20150314', 'GSW'),
(196, 235, '20141123', 'OKC'),
(382, 235, '20141218', 'GSW'),
(518, 235, '20150105', 'GSW'),
(593, 235, '20150116', 'OKC'),
(212, 236, '20141126', 'ORL'),
(262, 236, '20141202', 'GSW'),
(474, 237, '20141230', 'GSW'),
(773, 237, '20150209', 'PHI'),
(95, 238, '20141109', 'PHX'),
(713, 238, '20150131', 'GSW'),
(943, 238, '20150309', 'PHX'),
(1125, 238, '20150402', 'GSW'),
(42, 239, '20141102', 'POR'),
(1058, 239, '20150324', 'POR'),
(1174, 239, '20150409', 'GSW'),
(14, 240, '20141029', 'SAC'),
(415, 240, '20141222', 'GSW'),
(651, 240, '20150123', 'GSW'),
(728, 240, '20150203', 'SAC'),
(108, 241, '20141111', 'GSW'),
(812, 241, '20150220', 'GSW'),
(1149, 241, '20150405', 'SAS'),
(493, 242, '20150102', 'GSW'),
(859, 242, '20150227', 'TOR'),
(182, 243, '20141121', 'GSW'),
(571, 243, '20150113', 'UTA'),
(701, 243, '20150130', 'UTA'),
(1035, 243, '20150321', 'GSW'),
(836, 244, '20150224', 'WSH'),
(1052, 244, '20150323', 'GSW'),
(617, 245, '20150119', 'HOU'),
(1047, 245, '20150323', 'IND'),
(228, 246, '20141128', 'HOU'),
(797, 246, '20150211', 'LAC'),
(844, 246, '20150225', 'HOU'),
(982, 246, '20150315', 'LAC'),
(3, 247, '20141028', 'LAL'),
(169, 247, '20141119', 'HOU'),
(667, 247, '20150125', 'LAL'),
(151, 248, '20141117', 'MEM'),
(268, 248, '20141203', 'HOU'),
(436, 248, '20141226', 'MEM'),
(900, 248, '20150304', 'HOU'),
(50, 249, '20141104', 'MIA'),
(497, 249, '20150103', 'HOU'),
(240, 250, '20141129', 'MIL'),
(751, 250, '20150206', 'HOU'),
(117, 251, '20141112', 'MIN'),
(283, 251, '20141205', 'MIN'),
(830, 251, '20150223', 'HOU'),
(1080, 251, '20150327', 'HOU'),
(380, 252, '20141218', 'HOU'),
(488, 252, '20150102', 'NOP'),
(1067, 252, '20150325', 'NOP'),
(1199, 252, '20150412', 'HOU'),
(202, 253, '20141124', 'HOU'),
(536, 253, '20150108', 'NYK'),
(144, 254, '20141116', 'OKC'),
(585, 254, '20150115', 'HOU'),
(1146, 254, '20150405', 'OKC'),
(575, 255, '20150114', 'ORL'),
(1001, 255, '20150317', 'HOU'),
(43, 256, '20141103', 'PHI'),
(127, 256, '20141114', 'HOU'),
(290, 257, '20141206', 'HOU'),
(650, 257, '20150123', 'PHX'),
(782, 257, '20150210', 'PHX'),
(1033, 257, '20150321', 'HOU'),
(411, 258, '20141222', 'HOU'),
(769, 258, '20150208', 'HOU'),
(960, 258, '20150311', 'POR'),
(217, 259, '20141126', 'HOU'),
(327, 259, '20141211', 'SAC'),
(1116, 259, '20150401', 'HOU'),
(69, 260, '20141106', 'HOU'),
(454, 260, '20141228', 'SAS'),
(1168, 260, '20150408', 'SAS'),
(1181, 260, '20150410', 'HOU'),
(817, 261, '20150221', 'HOU'),
(1103, 261, '20150330', 'TOR'),
(12, 262, '20141029', 'UTA'),
(555, 262, '20150110', 'HOU'),
(963, 262, '20150312', 'UTA'),
(463, 263, '20141229', 'HOU'),
(1091, 263, '20150329', 'WSH'),
(317, 264, '20141210', 'IND'),
(377, 264, '20141217', 'LAC'),
(356, 265, '20141215', 'IND'),
(508, 265, '20150104', 'LAL'),
(21, 266, '20141031', 'IND'),
(112, 267, '20141112', 'MIA'),
(476, 267, '20141231', 'IND'),
(644, 267, '20150123', 'MIA'),
(1148, 267, '20150405', 'IND'),
(49, 268, '20141104', 'IND'),
(490, 268, '20150102', 'MIL'),
(961, 268, '20150312', 'IND'),
(1072, 268, '20150326', 'MIL'),
(407, 269, '20141221', 'MIN'),
(567, 269, '20150113', 'IND'),
(417, 270, '20141223', 'IND'),
(792, 270, '20150211', 'NOP'),
(691, 271, '20150129', 'IND'),
(895, 271, '20150304', 'IND'),
(925, 271, '20150307', 'NYK'),
(1165, 271, '20150408', 'NYK'),
(838, 272, '20150224', 'OKC'),
(1197, 272, '20150412', 'IND'),
(230, 273, '20141128', 'IND'),
(662, 273, '20150125', 'ORL'),
(945, 273, '20150310', 'IND'),
(5, 274, '20141029', 'IND'),
(552, 274, '20150110', 'PHI'),
(802, 274, '20150220', 'PHI'),
(879, 274, '20150301', 'IND'),
(184, 275, '20141122', 'IND'),
(260, 275, '20141202', 'PHX'),
(274, 276, '20141204', 'POR'),
(342, 276, '20141213', 'IND'),
(287, 277, '20141205', 'SAC'),
(703, 277, '20150131', 'IND'),
(220, 278, '20141126', 'SAS'),
(772, 278, '20150209', 'IND'),
(333, 279, '20141212', 'TOR'),
(673, 279, '20150127', 'IND'),
(989, 279, '20150316', 'IND'),
(99, 280, '20141110', 'IND'),
(516, 280, '20150105', 'UTA'),
(63, 281, '20141105', 'WSH'),
(83, 281, '20141108', 'IND'),
(1062, 281, '20150325', 'WSH'),
(1215, 281, '20150414', 'IND'),
(26, 282, '20141031', 'LAL'),
(534, 282, '20150107', 'LAC'),
(1152, 282, '20150405', 'LAL'),
(1159, 282, '20150407', 'LAC'),
(193, 283, '20141123', 'MEM'),
(835, 283, '20150223', 'LAC'),
(862, 283, '20150227', 'MEM'),
(1190, 283, '20150411', 'LAC'),
(170, 284, '20141120', 'MIA'),
(559, 284, '20150111', 'LAC'),
(344, 285, '20141213', 'MIL'),
(399, 285, '20141220', 'LAC'),
(252, 286, '20141201', 'LAC'),
(886, 286, '20150302', 'MIN'),
(944, 286, '20150309', 'LAC'),
(293, 287, '20141206', 'LAC'),
(699, 287, '20150130', 'NOP'),
(1039, 287, '20150322', 'LAC'),
(477, 288, '20141231', 'LAC'),
(1060, 288, '20150325', 'NYK'),
(20, 289, '20141030', 'LAC'),
(763, 289, '20150208', 'OKC'),
(956, 289, '20150311', 'OKC'),
(161, 290, '20141119', 'ORL'),
(272, 290, '20141203', 'LAC'),
(502, 291, '20150103', 'LAC'),
(1074, 291, '20150327', 'PHI'),
(141, 292, '20141115', 'LAC'),
(307, 292, '20141208', 'LAC'),
(659, 292, '20150125', 'PHX'),
(1216, 292, '20150414', 'PHX'),
(82, 293, '20141108', 'LAC'),
(583, 293, '20150114', 'POR'),
(907, 293, '20150304', 'LAC'),
(1121, 293, '20150401', 'POR'),
(39, 294, '20141102', 'LAC'),
(607, 294, '20150117', 'SAC'),
(818, 294, '20150221', 'LAC'),
(1012, 294, '20150318', 'SAC'),
(102, 295, '20141110', 'LAC'),
(414, 295, '20141222', 'SAS'),
(712, 295, '20150131', 'SAS'),
(800, 295, '20150219', 'LAC'),
(443, 296, '20141227', 'LAC'),
(747, 296, '20150206', 'TOR'),
(2448, 296, '20151122', 'LAC'),
(48, 297, '20141103', 'LAC'),
(239, 297, '20141129', 'UTA'),
(464, 297, '20141229', 'LAC'),
(688, 297, '20150128', 'UTA'),
(329, 298, '20141212', 'WSH'),
(1030, 298, '20150320', 'LAC'),
(104, 299, '20141111', 'MEM'),
(222, 299, '20141126', 'LAL'),
(494, 299, '20150102', 'LAL'),
(918, 299, '20150306', 'MEM'),
(573, 300, '20150113', 'LAL'),
(904, 300, '20150304', 'MIA'),
(734, 301, '20150204', 'MIL'),
(866, 301, '20150227', 'LAL'),
(234, 302, '20141128', 'LAL'),
(351, 302, '20141214', 'MIN'),
(1066, 302, '20150325', 'MIN'),
(1186, 302, '20150410', 'LAL'),
(114, 303, '20141112', 'NOP'),
(300, 303, '20141207', 'LAL'),
(632, 303, '20150121', 'NOP'),
(1122, 303, '20150401', 'LAL'),
(715, 304, '20150201', 'NYK'),
(965, 304, '20150312', 'LAL'),
(392, 305, '20141219', 'LAL'),
(881, 305, '20150301', 'LAL'),
(1055, 305, '20150324', 'OKC'),
(548, 306, '20150109', 'LAL'),
(746, 306, '20150206', 'ORL'),
(1046, 307, '20150322', 'LAL'),
(1101, 307, '20150330', 'PHI'),
(13, 308, '20141029', 'PHX'),
(56, 308, '20141104', 'LAL'),
(458, 308, '20141228', 'LAL'),
(622, 308, '20150119', 'PHX'),
(517, 309, '20150105', 'POR'),
(562, 309, '20150111', 'LAL'),
(796, 309, '20150211', 'POR'),
(1135, 309, '20150403', 'LAL'),
(2453, 309, '20151122', 'LAL'),
(315, 310, '20141209', 'LAL'),
(402, 310, '20141221', 'SAC'),
(1211, 310, '20150413', 'SAC'),
(2446, 310, '20151030', 'SAC'),
(131, 311, '20141114', 'LAL'),
(339, 311, '20141212', 'SAS'),
(648, 311, '20150123', 'SAS'),
(248, 312, '20141130', 'LAL'),
(1079, 312, '20150327', 'TOR'),
(597, 313, '20150116', 'UTA'),
(849, 313, '20150225', 'UTA'),
(1018, 313, '20150319', 'LAL'),
(264, 314, '20141203', 'WSH'),
(678, 314, '20150127', 'LAL'),
(296, 315, '20141207', 'MEM'),
(446, 315, '20141227', 'MIA'),
(88, 316, '20141108', 'MIL'),
(978, 316, '20150314', 'MEM'),
(9, 317, '20141029', 'MEM'),
(752, 317, '20150206', 'MIN'),
(871, 317, '20150228', 'MIN'),
(45, 318, '20141103', 'MEM'),
(541, 318, '20150109', 'NOP'),
(922, 318, '20150307', 'NOP'),
(1166, 318, '20150408', 'MEM'),
(513, 319, '20150105', 'MEM'),
(1049, 319, '20150323', 'NYK'),
(78, 320, '20141107', 'OKC'),
(708, 320, '20150131', 'MEM'),
(793, 320, '20150211', 'OKC'),
(1131, 320, '20150403', 'MEM'),
(588, 321, '20150116', 'ORL'),
(668, 321, '20150126', 'MEM'),
(345, 322, '20141213', 'PHI'),
(654, 322, '20150124', 'MEM'),
(65, 323, '20141105', 'PHX'),
(560, 323, '20150111', 'MEM'),
(723, 323, '20150202', 'PHX'),
(233, 324, '20141128', 'POR'),
(605, 324, '20150117', 'MEM'),
(826, 324, '20150222', 'POR'),
(1034, 324, '20150321', 'MEM'),
(118, 325, '20141113', 'MEM'),
(244, 325, '20141130', 'SAC'),
(850, 325, '20150225', 'SAC'),
(1104, 325, '20150330', 'MEM'),
(282, 326, '20141205', 'MEM'),
(375, 326, '20141217', 'SAS'),
(468, 326, '20141230', 'MEM'),
(1097, 326, '20150329', 'SAS'),
(166, 327, '20141119', 'TOR'),
(630, 327, '20150121', 'MEM'),
(412, 328, '20141222', 'MEM'),
(738, 328, '20150204', 'UTA'),
(893, 328, '20150303', 'MEM'),
(1185, 328, '20150410', 'UTA'),
(962, 329, '20150312', 'WSH'),
(1140, 329, '20150404', 'MEM'),
(143, 330, '20141116', 'MIA'),
(285, 330, '20141205', 'MIL'),
(675, 330, '20150127', 'MIA'),
(1054, 330, '20150324', 'MIL'),
(85, 331, '20141108', 'MIA'),
(735, 331, '20150204', 'MIN'),
(815, 332, '20150221', 'MIA'),
(863, 332, '20150227', 'NOP'),
(245, 333, '20141130', 'NYK'),
(775, 333, '20150209', 'MIA'),
(805, 333, '20150220', 'NYK'),
(2468, 333, '20151123', 'MIA'),
(623, 334, '20150120', 'MIA'),
(1037, 334, '20150322', 'OKC'),
(185, 335, '20141122', 'ORL'),
(462, 335, '20141229', 'MIA'),
(840, 335, '20150225', 'ORL'),
(1207, 335, '20150413', 'MIA'),
(30, 336, '20141101', 'PHI'),
(422, 336, '20141223', 'MIA'),
(828, 336, '20150223', 'MIA'),
(313, 337, '20141209', 'PHX'),
(885, 337, '20150302', 'MIA'),
(537, 338, '20150108', 'POR'),
(1006, 338, '20150318', 'MIA'),
(598, 339, '20150116', 'SAC'),
(924, 339, '20150307', 'MIA'),
(755, 340, '20150206', 'SAS'),
(1109, 340, '20150331', 'MIA'),
(40, 341, '20141102', 'MIA'),
(969, 341, '20150313', 'TOR'),
(1188, 341, '20150411', 'MIA'),
(338, 342, '20141212', 'UTA'),
(373, 342, '20141217', 'MIA'),
(7, 343, '20141029', 'MIA'),
(250, 343, '20141201', 'WSH'),
(388, 343, '20141219', 'MIA'),
(914, 343, '20150306', 'WSH'),
(218, 344, '20141126', 'MIN'),
(544, 344, '20150109', 'MIL'),
(941, 345, '20150309', 'MIL'),
(1002, 345, '20150317', 'NOP'),
(156, 346, '20141118', 'MIL'),
(506, 346, '20150104', 'NYK'),
(584, 346, '20150115', 'MIL'),
(1180, 346, '20150410', 'NYK'),
(105, 347, '20141111', 'MIL'),
(312, 347, '20141209', 'OKC'),
(123, 348, '20141114', 'ORL'),
(690, 348, '20150129', 'ORL'),
(955, 348, '20150311', 'MIL'),
(1142, 348, '20150404', 'MIL'),
(23, 349, '20141031', 'MIL'),
(524, 349, '20150107', 'PHI'),
(845, 349, '20150225', 'MIL'),
(1204, 349, '20150413', 'PHI'),
(360, 350, '20141215', 'PHX'),
(520, 350, '20150106', 'MIL'),
(376, 351, '20141217', 'POR'),
(710, 351, '20150131', 'MIL'),
(381, 352, '20141218', 'SAC'),
(790, 352, '20150211', 'MIL'),
(663, 353, '20150125', 'SAS'),
(1009, 353, '20150318', 'MIL'),
(175, 354, '20141121', 'TOR'),
(620, 354, '20150119', 'MIL'),
(719, 354, '20150202', 'TOR'),
(638, 355, '20150122', 'MIL'),
(874, 355, '20150228', 'UTA'),
(31, 356, '20141101', 'WSH'),
(190, 356, '20141122', 'MIL'),
(928, 356, '20150307', 'MIL'),
(2442, 356, '20151030', 'MIL'),
(128, 357, '20141114', 'NOP'),
(647, 357, '20150123', 'MIN'),
(1093, 357, '20150329', 'NOP'),
(1208, 357, '20150413', 'MIN'),
(167, 358, '20141119', 'MIN'),
(1015, 358, '20150319', 'NYK'),
(335, 359, '20141212', 'MIN'),
(670, 359, '20150126', 'OKC'),
(970, 359, '20150313', 'OKC'),
(72, 360, '20141107', 'ORL'),
(1132, 360, '20150403', 'MIN'),
(270, 361, '20141203', 'MIN'),
(694, 361, '20150130', 'PHI'),
(2470, 361, '20151123', 'MIN'),
(531, 362, '20150107', 'MIN'),
(596, 362, '20150116', 'PHX'),
(806, 362, '20150220', 'MIN'),
(958, 362, '20150311', 'PHX'),
(247, 363, '20141130', 'POR'),
(321, 363, '20141210', 'MIN'),
(927, 363, '20150307', 'MIN'),
(1172, 363, '20150408', 'POR'),
(189, 364, '20141122', 'MIN'),
(483, 364, '20150101', 'MIN'),
(1158, 364, '20150407', 'SAC'),
(177, 365, '20141121', 'MIN'),
(291, 365, '20141206', 'SAS'),
(556, 365, '20150110', 'MIN'),
(985, 365, '20150315', 'SAS'),
(1007, 366, '20150318', 'TOR'),
(1118, 366, '20150401', 'MIN'),
(472, 367, '20141230', 'UTA'),
(498, 367, '20150103', 'MIN'),
(1051, 367, '20150323', 'UTA'),
(1105, 367, '20150330', 'MIN'),
(363, 368, '20141216', 'WSH'),
(846, 368, '20150225', 'MIN'),
(311, 369, '20141209', 'NOP'),
(618, 369, '20150119', 'NYK'),
(258, 370, '20141202', 'NOP'),
(408, 370, '20141221', 'OKC'),
(736, 370, '20150204', 'NOP'),
(753, 370, '20150206', 'OKC'),
(1, 371, '20141028', 'NOP'),
(801, 371, '20150220', 'ORL'),
(589, 372, '20150116', 'PHI'),
(669, 372, '20150126', 'NOP'),
(469, 373, '20141230', 'NOP'),
(1017, 373, '20150319', 'PHX'),
(1182, 373, '20150410', 'NOP'),
(2450, 373, '20151122', 'NOP'),
(153, 374, '20141117', 'POR'),
(394, 374, '20141220', 'NOP'),
(1145, 374, '20150404', 'POR'),
(158, 375, '20141118', 'SAC'),
(208, 375, '20141125', 'NOP'),
(1082, 375, '20150327', 'NOP'),
(1134, 375, '20150403', 'SAC'),
(89, 376, '20141108', 'SAS'),
(437, 376, '20141226', 'NOP'),
(480, 376, '20141231', 'SAS'),
(608, 377, '20150118', 'TOR'),
(831, 377, '20150223', 'NOP'),
(192, 378, '20141122', 'UTA'),
(366, 378, '20141216', 'NOP'),
(778, 378, '20150209', 'NOP'),
(236, 379, '20141129', 'WSH'),
(515, 379, '20150105', 'NOP'),
(229, 380, '20141128', 'OKC'),
(686, 380, '20150128', 'NYK'),
(113, 381, '20141112', 'NYK'),
(645, 381, '20150123', 'NYK'),
(786, 381, '20150211', 'ORL'),
(1187, 381, '20150411', 'ORL'),
(187, 382, '20141122', 'NYK'),
(627, 382, '20150121', 'PHI'),
(1020, 382, '20150320', 'PHI'),
(1150, 382, '20150405', 'NYK'),
(393, 383, '20141220', 'NYK'),
(987, 383, '20150315', 'PHX'),
(299, 384, '20141207', 'NYK'),
(456, 384, '20141228', 'POR'),
(451, 385, '20141227', 'SAC'),
(888, 385, '20150303', 'NYK'),
(323, 386, '20141210', 'SAS'),
(1000, 386, '20150317', 'NYK'),
(353, 387, '20141214', 'NYK'),
(400, 387, '20141221', 'TOR'),
(870, 387, '20150228', 'NYK'),
(1040, 387, '20150322', 'TOR'),
(126, 388, '20141114', 'NYK'),
(949, 388, '20150310', 'UTA'),
(51, 389, '20141104', 'NYK'),
(427, 389, '20141225', 'NYK'),
(525, 389, '20150107', 'WSH'),
(1127, 389, '20150403', 'WSH'),
(609, 390, '20150118', 'ORL'),
(721, 390, '20150202', 'OKC'),
(2437, 390, '20151030', 'ORL'),
(277, 391, '20141205', 'PHI'),
(903, 391, '20150304', 'OKC'),
(352, 392, '20141214', 'OKC'),
(481, 392, '20141231', 'OKC'),
(853, 392, '20150226', 'PHX'),
(1099, 392, '20150329', 'PHX'),
(15, 393, '20141029', 'POR'),
(424, 393, '20141223', 'OKC'),
(867, 393, '20150227', 'POR'),
(1209, 393, '20150413', 'OKC'),
(92, 394, '20141109', 'OKC'),
(368, 394, '20141216', 'SAC'),
(532, 394, '20150107', 'SAC'),
(1183, 394, '20150410', 'OKC'),
(428, 395, '20141225', 'SAS'),
(1070, 395, '20150325', 'SAS'),
(1157, 395, '20150407', 'OKC'),
(52, 396, '20141104', 'TOR'),
(935, 396, '20150308', 'OKC'),
(157, 397, '20141118', 'UTA'),
(219, 397, '20141126', 'OKC'),
(542, 397, '20150109', 'OKC'),
(1089, 397, '20150328', 'UTA'),
(2472, 397, '20151123', 'UTA'),
(489, 398, '20150102', 'OKC'),
(633, 398, '20150121', 'WSH'),
(58, 399, '20141105', 'PHI'),
(405, 399, '20141221', 'ORL'),
(823, 399, '20150222', 'ORL'),
(246, 400, '20141130', 'PHX'),
(896, 400, '20150304', 'ORL'),
(557, 401, '20150110', 'POR'),
(1019, 401, '20150320', 'ORL'),
(292, 402, '20141206', 'SAC'),
(912, 402, '20150306', 'ORL'),
(737, 403, '20150204', 'SAS'),
(1112, 403, '20150401', 'ORL'),
(29, 404, '20141101', 'ORL'),
(103, 404, '20141111', 'TOR'),
(359, 404, '20141215', 'TOR'),
(1175, 404, '20150410', 'ORL'),
(286, 405, '20141205', 'UTA'),
(383, 405, '20141219', 'ORL'),
(16, 406, '20141030', 'ORL'),
(132, 406, '20141115', 'WSH'),
(318, 406, '20141210', 'ORL'),
(774, 406, '20150209', 'WSH'),
(173, 407, '20141121', 'PHI'),
(491, 407, '20150102', 'PHX'),
(200, 408, '20141124', 'PHI'),
(441, 408, '20141226', 'POR'),
(967, 409, '20150313', 'PHI'),
(1057, 409, '20150324', 'SAC'),
(152, 410, '20141117', 'SAS'),
(249, 410, '20141201', 'PHI'),
(93, 411, '20141109', 'TOR'),
(578, 411, '20150114', 'TOR'),
(641, 411, '20150123', 'PHI'),
(883, 411, '20150302', 'PHI'),
(450, 412, '20141227', 'UTA'),
(913, 412, '20150306', 'PHI'),
(2438, 412, '20151030', 'PHI'),
(612, 413, '20150119', 'WSH'),
(855, 413, '20150227', 'PHI'),
(1113, 413, '20150401', 'WSH'),
(1162, 413, '20150408', 'PHI'),
(634, 414, '20150121', 'PHX'),
(743, 414, '20150205', 'POR'),
(1085, 414, '20150327', 'PHX'),
(1106, 414, '20150330', 'POR'),
(2447, 414, '20151030', 'PHX'),
(79, 415, '20141107', 'PHX'),
(442, 415, '20141226', 'SAC'),
(771, 415, '20150208', 'SAC'),
(1071, 415, '20150325', 'PHX'),
(24, 416, '20141031', 'PHX'),
(545, 416, '20150109', 'SAS'),
(873, 416, '20150228', 'PHX'),
(1200, 416, '20150412', 'SAS'),
(2471, 416, '20151123', 'SAS'),
(201, 417, '20141124', 'TOR'),
(507, 417, '20150104', 'PHX'),
(37, 418, '20141101', 'UTA'),
(754, 418, '20150206', 'PHX'),
(1144, 418, '20150404', 'PHX'),
(406, 419, '20141221', 'WSH'),
(689, 419, '20150128', 'PHX'),
(25, 420, '20141031', 'SAC'),
(621, 420, '20150119', 'POR'),
(877, 420, '20150301', 'SAC'),
(361, 421, '20141215', 'POR'),
(390, 421, '20141219', 'SAS'),
(595, 421, '20150116', 'SAS'),
(851, 421, '20150225', 'POR'),
(473, 422, '20141230', 'POR'),
(986, 422, '20150315', 'TOR'),
(727, 423, '20150203', 'POR'),
(810, 423, '20150220', 'UTA'),
(1069, 423, '20150325', 'UTA'),
(1191, 423, '20150411', 'POR'),
(656, 424, '20150124', 'POR'),
(990, 424, '20150316', 'WSH'),
(139, 425, '20141115', 'SAC'),
(231, 425, '20141128', 'SAS'),
(865, 425, '20150227', 'SAC'),
(905, 425, '20150304', 'SAS'),
(261, 426, '20141202', 'SAC'),
(681, 426, '20150128', 'TOR'),
(306, 427, '20141208', 'SAC'),
(762, 427, '20150207', 'UTA'),
(1151, 427, '20150405', 'SAC'),
(1170, 427, '20150408', 'UTA'),
(976, 428, '20150314', 'WSH'),
(1041, 428, '20150322', 'SAC'),
(770, 429, '20150208', 'TOR'),
(948, 429, '20150310', 'SAS'),
(314, 430, '20141209', 'UTA'),
(610, 430, '20150118', 'SAS'),
(834, 430, '20150223', 'UTA'),
(499, 431, '20150103', 'SAS'),
(569, 431, '20150113', 'WSH'),
(134, 432, '20141115', 'TOR'),
(271, 432, '20141203', 'UTA'),
(77, 433, '20141107', 'TOR'),
(705, 433, '20150131', 'WSH'),
(789, 433, '20150211', 'TOR');

