INSERT INTO team (teamName, abbriviation, pts, reb, DRB, ORB, ast, stl, bs, tov, pf, min, fga, fgm, threepa, threepm, fta, ftm, PGA, SGA, SFA, PFA, CA) VALUES
('Atlanta Hawks ', 'ATL', 0, 0, 0, 0, 0, 0, 0, 0, 0, 0, 0, 0, 0, 0, 0, 0, 0, 0, 0, 0, 0),
('Brooklyn Nets ', 'BKN', 0, 0, 0, 0, 0, 0, 0, 0, 0, 0, 0, 0, 0, 0, 0, 0, 0, 0, 0, 0, 0),
('Boston Celtics ', 'BOS', 0, 0, 0, 0, 0, 0, 0, 0, 0, 0, 0, 0, 0, 0, 0, 0, 0, 0, 0, 0, 0),
('Charlotte Hornets ', 'CHA', 0, 0, 0, 0, 0, 0, 0, 0, 0, 0, 0, 0, 0, 0, 0, 0, 0, 0, 0, 0, 0),
('Chicago Bulls ', 'CHI', 0, 0, 0, 0, 0, 0, 0, 0, 0, 0, 0, 0, 0, 0, 0, 0, 0, 0, 0, 0, 0),
('Cleveland Cavaliers ', 'CLE', 0, 0, 0, 0, 0, 0, 0, 0, 0, 0, 0, 0, 0, 0, 0, 0, 0, 0, 0, 0, 0),
('Dallas Mavericks ', 'DAL', 0, 0, 0, 0, 0, 0, 0, 0, 0, 0, 0, 0, 0, 0, 0, 0, 0, 0, 0, 0, 0),
('Denver Nuggets ', 'DEN', 0, 0, 0, 0, 0, 0, 0, 0, 0, 0, 0, 0, 0, 0, 0, 0, 0, 0, 0, 0, 0),
('Detroit Pistons ', 'DET', 0, 0, 0, 0, 0, 0, 0, 0, 0, 0, 0, 0, 0, 0, 0, 0, 0, 0, 0, 0, 0),
('Golden State Warriors ', 'GSW', 0, 0, 0, 0, 0, 0, 0, 0, 0, 0, 0, 0, 0, 0, 0, 0, 0, 0, 0, 0, 0),
('Houston Rockets ', 'HOU', 0, 0, 0, 0, 0, 0, 0, 0, 0, 0, 0, 0, 0, 0, 0, 0, 0, 0, 0, 0, 0),
('Indiana Pacers ', 'IND', 0, 0, 0, 0, 0, 0, 0, 0, 0, 0, 0, 0, 0, 0, 0, 0, 0, 0, 0, 0, 0),
('Los Angeles Clippers ', 'LAC', 0, 0, 0, 0, 0, 0, 0, 0, 0, 0, 0, 0, 0, 0, 0, 0, 0, 0, 0, 0, 0),
('Los Angeles Lakers ', 'LAL', 0, 0, 0, 0, 0, 0, 0, 0, 0, 0, 0, 0, 0, 0, 0, 0, 0, 0, 0, 0, 0),
('Memphis Grizzlies ', 'MEM', 0, 0, 0, 0, 0, 0, 0, 0, 0, 0, 0, 0, 0, 0, 0, 0, 0, 0, 0, 0, 0),
('Miami Heat ', 'MIA', 0, 0, 0, 0, 0, 0, 0, 0, 0, 0, 0, 0, 0, 0, 0, 0, 0, 0, 0, 0, 0),
('Milwaukee Bucks ', 'MIL', 0, 0, 0, 0, 0, 0, 0, 0, 0, 0, 0, 0, 0, 0, 0, 0, 0, 0, 0, 0, 0),
('Minnesota Timberwolves ', 'MIN', 0, 0, 0, 0, 0, 0, 0, 0, 0, 0, 0, 0, 0, 0, 0, 0, 0, 0, 0, 0, 0),
('New Orleans Pelicans ', 'NOP', 0, 0, 0, 0, 0, 0, 0, 0, 0, 0, 0, 0, 0, 0, 0, 0, 0, 0, 0, 0, 0),
('New York Knicks ', 'NYK', 0, 0, 0, 0, 0, 0, 0, 0, 0, 0, 0, 0, 0, 0, 0, 0, 0, 0, 0, 0, 0),
('Oklahoma City Thunder ', 'OKC', 0, 0, 0, 0, 0, 0, 0, 0, 0, 0, 0, 0, 0, 0, 0, 0, 0, 0, 0, 0, 0),
('Orlando Magic ', 'ORL', 0, 0, 0, 0, 0, 0, 0, 0, 0, 0, 0, 0, 0, 0, 0, 0, 0, 0, 0, 0, 0),
('Philadelphia 76ers ', 'PHI', 0, 0, 0, 0, 0, 0, 0, 0, 0, 0, 0, 0, 0, 0, 0, 0, 0, 0, 0, 0, 0),
('Phoenix Suns ', 'PHX', 0, 0, 0, 0, 0, 0, 0, 0, 0, 0, 0, 0, 0, 0, 0, 0, 0, 0, 0, 0, 0),
('Portland Trail Blazers ', 'POR', 0, 0, 0, 0, 0, 0, 0, 0, 0, 0, 0, 0, 0, 0, 0, 0, 0, 0, 0, 0, 0),
('Sacramento Kings ', 'SAC', 0, 0, 0, 0, 0, 0, 0, 0, 0, 0, 0, 0, 0, 0, 0, 0, 0, 0, 0, 0, 0),
('San Antonio Spurs ', 'SAS', 0, 0, 0, 0, 0, 0, 0, 0, 0, 0, 0, 0, 0, 0, 0, 0, 0, 0, 0, 0, 0),
('Toronto Raptors ', 'TOR', 0, 0, 0, 0, 0, 0, 0, 0, 0, 0, 0, 0, 0, 0, 0, 0, 0, 0, 0, 0, 0),
('Utah Jazz ', 'UTA', 0, 0, 0, 0, 0, 0, 0, 0, 0, 0, 0, 0, 0, 0, 0, 0, 0, 0, 0, 0, 0),
('Washington Wizards', 'WSH', 0, 0, 0, 0, 0, 0, 0, 0, 0, 0, 0, 0, 0, 0, 0, 0, 0, 0, 0, 0, 0);



INSERT INTO matchup (matchupID, team1, team2) VALUES
(0, 'ATL', 'BKN'),
(1, 'ATL', 'BOS'),
(2, 'ATL', 'CHA'),
(3, 'ATL', 'CHI'),
(4, 'ATL', 'CLE'),
(5, 'ATL', 'DAL'),
(6, 'ATL', 'DEN'),
(7, 'ATL', 'DET'),
(8, 'ATL', 'GSW'),
(9, 'ATL', 'HOU'),
(10, 'ATL', 'IND'),
(11, 'ATL', 'LAC'),
(12, 'ATL', 'LAL'),
(13, 'ATL', 'MEM'),
(14, 'ATL', 'MIA'),
(15, 'ATL', 'MIL'),
(16, 'ATL', 'MIN'),
(17, 'ATL', 'NOP'),
(18, 'ATL', 'NYK'),
(19, 'ATL', 'OKC'),
(20, 'ATL', 'ORL'),
(21, 'ATL', 'PHI'),
(22, 'ATL', 'PHX'),
(23, 'ATL', 'POR'),
(24, 'ATL', 'SAC'),
(25, 'ATL', 'SAS'),
(26, 'ATL', 'TOR'),
(27, 'ATL', 'UTA'),
(28, 'ATL', 'WSH'),
(29, 'BKN', 'BOS'),
(30, 'BKN', 'CHA'),
(31, 'BKN', 'CHI'),
(32, 'BKN', 'CLE'),
(33, 'BKN', 'DAL'),
(34, 'BKN', 'DEN'),
(35, 'BKN', 'DET'),
(36, 'BKN', 'GSW'),
(37, 'BKN', 'HOU'),
(38, 'BKN', 'IND'),
(39, 'BKN', 'LAC'),
(40, 'BKN', 'LAL'),
(41, 'BKN', 'MEM'),
(42, 'BKN', 'MIA'),
(43, 'BKN', 'MIL'),
(44, 'BKN', 'MIN'),
(45, 'BKN', 'NOP'),
(46, 'BKN', 'NYK'),
(47, 'BKN', 'OKC'),
(48, 'BKN', 'ORL'),
(49, 'BKN', 'PHI'),
(50, 'BKN', 'PHX'),
(51, 'BKN', 'POR'),
(52, 'BKN', 'SAC'),
(53, 'BKN', 'SAS'),
(54, 'BKN', 'TOR'),
(55, 'BKN', 'UTA'),
(56, 'BKN', 'WSH'),
(57, 'BOS', 'CHA'),
(58, 'BOS', 'CHI'),
(59, 'BOS', 'CLE'),
(60, 'BOS', 'DAL'),
(61, 'BOS', 'DEN'),
(62, 'BOS', 'DET'),
(63, 'BOS', 'GSW'),
(64, 'BOS', 'HOU'),
(65, 'BOS', 'IND'),
(66, 'BOS', 'LAC'),
(67, 'BOS', 'LAL'),
(68, 'BOS', 'MEM'),
(69, 'BOS', 'MIA'),
(70, 'BOS', 'MIL'),
(71, 'BOS', 'MIN'),
(72, 'BOS', 'NOP'),
(73, 'BOS', 'NYK'),
(74, 'BOS', 'OKC'),
(75, 'BOS', 'ORL'),
(76, 'BOS', 'PHI'),
(77, 'BOS', 'PHX'),
(78, 'BOS', 'POR'),
(79, 'BOS', 'SAC'),
(80, 'BOS', 'SAS'),
(81, 'BOS', 'TOR'),
(82, 'BOS', 'UTA'),
(83, 'BOS', 'WSH'),
(84, 'CHA', 'CHI'),
(85, 'CHA', 'CLE'),
(86, 'CHA', 'DAL'),
(87, 'CHA', 'DEN'),
(88, 'CHA', 'DET'),
(89, 'CHA', 'GSW'),
(90, 'CHA', 'HOU'),
(91, 'CHA', 'IND'),
(92, 'CHA', 'LAC'),
(93, 'CHA', 'LAL'),
(94, 'CHA', 'MEM'),
(95, 'CHA', 'MIA'),
(96, 'CHA', 'MIL'),
(97, 'CHA', 'MIN'),
(98, 'CHA', 'NOP'),
(99, 'CHA', 'NYK'),
(100, 'CHA', 'OKC'),
(101, 'CHA', 'ORL'),
(102, 'CHA', 'PHI'),
(103, 'CHA', 'PHX'),
(104, 'CHA', 'POR'),
(105, 'CHA', 'SAC'),
(106, 'CHA', 'SAS'),
(107, 'CHA', 'TOR'),
(108, 'CHA', 'UTA'),
(109, 'CHA', 'WSH'),
(110, 'CHI', 'CLE'),
(111, 'CHI', 'DAL'),
(112, 'CHI', 'DEN'),
(113, 'CHI', 'DET'),
(114, 'CHI', 'GSW'),
(115, 'CHI', 'HOU'),
(116, 'CHI', 'IND'),
(117, 'CHI', 'LAC'),
(118, 'CHI', 'LAL'),
(119, 'CHI', 'MEM'),
(120, 'CHI', 'MIA'),
(121, 'CHI', 'MIL'),
(122, 'CHI', 'MIN'),
(123, 'CHI', 'NOP'),
(124, 'CHI', 'NYK'),
(125, 'CHI', 'OKC'),
(126, 'CHI', 'ORL'),
(127, 'CHI', 'PHI'),
(128, 'CHI', 'PHX'),
(129, 'CHI', 'POR'),
(130, 'CHI', 'SAC'),
(131, 'CHI', 'SAS'),
(132, 'CHI', 'TOR'),
(133, 'CHI', 'UTA'),
(134, 'CHI', 'WSH'),
(135, 'CLE', 'DAL'),
(136, 'CLE', 'DEN'),
(137, 'CLE', 'DET'),
(138, 'CLE', 'GSW'),
(139, 'CLE', 'HOU'),
(140, 'CLE', 'IND'),
(141, 'CLE', 'LAC'),
(142, 'CLE', 'LAL'),
(143, 'CLE', 'MEM'),
(144, 'CLE', 'MIA'),
(145, 'CLE', 'MIL'),
(146, 'CLE', 'MIN'),
(147, 'CLE', 'NOP'),
(148, 'CLE', 'NYK'),
(149, 'CLE', 'OKC'),
(150, 'CLE', 'ORL'),
(151, 'CLE', 'PHI'),
(152, 'CLE', 'PHX'),
(153, 'CLE', 'POR'),
(154, 'CLE', 'SAC'),
(155, 'CLE', 'SAS'),
(156, 'CLE', 'TOR'),
(157, 'CLE', 'UTA'),
(158, 'CLE', 'WSH'),
(159, 'DAL', 'DEN'),
(160, 'DAL', 'DET'),
(161, 'DAL', 'GSW'),
(162, 'DAL', 'HOU'),
(163, 'DAL', 'IND'),
(164, 'DAL', 'LAC'),
(165, 'DAL', 'LAL'),
(166, 'DAL', 'MEM'),
(167, 'DAL', 'MIA'),
(168, 'DAL', 'MIL'),
(169, 'DAL', 'MIN'),
(170, 'DAL', 'NOP'),
(171, 'DAL', 'NYK'),
(172, 'DAL', 'OKC'),
(173, 'DAL', 'ORL'),
(174, 'DAL', 'PHI'),
(175, 'DAL', 'PHX'),
(176, 'DAL', 'POR'),
(177, 'DAL', 'SAC'),
(178, 'DAL', 'SAS'),
(179, 'DAL', 'TOR'),
(180, 'DAL', 'UTA'),
(181, 'DAL', 'WSH'),
(182, 'DEN', 'DET'),
(183, 'DEN', 'GSW'),
(184, 'DEN', 'HOU'),
(185, 'DEN', 'IND'),
(186, 'DEN', 'LAC'),
(187, 'DEN', 'LAL'),
(188, 'DEN', 'MEM'),
(189, 'DEN', 'MIA'),
(190, 'DEN', 'MIL'),
(191, 'DEN', 'MIN'),
(192, 'DEN', 'NOP'),
(193, 'DEN', 'NYK'),
(194, 'DEN', 'OKC'),
(195, 'DEN', 'ORL'),
(196, 'DEN', 'PHI'),
(197, 'DEN', 'PHX'),
(198, 'DEN', 'POR'),
(199, 'DEN', 'SAC'),
(200, 'DEN', 'SAS'),
(201, 'DEN', 'TOR'),
(202, 'DEN', 'UTA'),
(203, 'DEN', 'WSH'),
(204, 'DET', 'GSW'),
(205, 'DET', 'HOU'),
(206, 'DET', 'IND'),
(207, 'DET', 'LAC'),
(208, 'DET', 'LAL'),
(209, 'DET', 'MEM'),
(210, 'DET', 'MIA'),
(211, 'DET', 'MIL'),
(212, 'DET', 'MIN'),
(213, 'DET', 'NOP'),
(214, 'DET', 'NYK'),
(215, 'DET', 'OKC'),
(216, 'DET', 'ORL'),
(217, 'DET', 'PHI'),
(218, 'DET', 'PHX'),
(219, 'DET', 'POR'),
(220, 'DET', 'SAC'),
(221, 'DET', 'SAS'),
(222, 'DET', 'TOR'),
(223, 'DET', 'UTA'),
(224, 'DET', 'WSH'),
(225, 'GSW', 'HOU'),
(226, 'GSW', 'IND'),
(227, 'GSW', 'LAC'),
(228, 'GSW', 'LAL'),
(229, 'GSW', 'MEM'),
(230, 'GSW', 'MIA'),
(231, 'GSW', 'MIL'),
(232, 'GSW', 'MIN'),
(233, 'GSW', 'NOP'),
(234, 'GSW', 'NYK'),
(235, 'GSW', 'OKC'),
(236, 'GSW', 'ORL'),
(237, 'GSW', 'PHI'),
(238, 'GSW', 'PHX'),
(239, 'GSW', 'POR'),
(240, 'GSW', 'SAC'),
(241, 'GSW', 'SAS'),
(242, 'GSW', 'TOR'),
(243, 'GSW', 'UTA'),
(244, 'GSW', 'WSH'),
(245, 'HOU', 'IND'),
(246, 'HOU', 'LAC'),
(247, 'HOU', 'LAL'),
(248, 'HOU', 'MEM'),
(249, 'HOU', 'MIA'),
(250, 'HOU', 'MIL'),
(251, 'HOU', 'MIN'),
(252, 'HOU', 'NOP'),
(253, 'HOU', 'NYK'),
(254, 'HOU', 'OKC'),
(255, 'HOU', 'ORL'),
(256, 'HOU', 'PHI'),
(257, 'HOU', 'PHX'),
(258, 'HOU', 'POR'),
(259, 'HOU', 'SAC'),
(260, 'HOU', 'SAS'),
(261, 'HOU', 'TOR'),
(262, 'HOU', 'UTA'),
(263, 'HOU', 'WSH'),
(264, 'IND', 'LAC'),
(265, 'IND', 'LAL'),
(266, 'IND', 'MEM'),
(267, 'IND', 'MIA'),
(268, 'IND', 'MIL'),
(269, 'IND', 'MIN'),
(270, 'IND', 'NOP'),
(271, 'IND', 'NYK'),
(272, 'IND', 'OKC'),
(273, 'IND', 'ORL'),
(274, 'IND', 'PHI'),
(275, 'IND', 'PHX'),
(276, 'IND', 'POR'),
(277, 'IND', 'SAC'),
(278, 'IND', 'SAS'),
(279, 'IND', 'TOR'),
(280, 'IND', 'UTA'),
(281, 'IND', 'WSH'),
(282, 'LAC', 'LAL'),
(283, 'LAC', 'MEM'),
(284, 'LAC', 'MIA'),
(285, 'LAC', 'MIL'),
(286, 'LAC', 'MIN'),
(287, 'LAC', 'NOP'),
(288, 'LAC', 'NYK'),
(289, 'LAC', 'OKC'),
(290, 'LAC', 'ORL'),
(291, 'LAC', 'PHI'),
(292, 'LAC', 'PHX'),
(293, 'LAC', 'POR'),
(294, 'LAC', 'SAC'),
(295, 'LAC', 'SAS'),
(296, 'LAC', 'TOR'),
(297, 'LAC', 'UTA'),
(298, 'LAC', 'WSH'),
(299, 'LAL', 'MEM'),
(300, 'LAL', 'MIA'),
(301, 'LAL', 'MIL'),
(302, 'LAL', 'MIN'),
(303, 'LAL', 'NOP'),
(304, 'LAL', 'NYK'),
(305, 'LAL', 'OKC'),
(306, 'LAL', 'ORL'),
(307, 'LAL', 'PHI'),
(308, 'LAL', 'PHX'),
(309, 'LAL', 'POR'),
(310, 'LAL', 'SAC'),
(311, 'LAL', 'SAS'),
(312, 'LAL', 'TOR'),
(313, 'LAL', 'UTA'),
(314, 'LAL', 'WSH'),
(315, 'MEM', 'MIA'),
(316, 'MEM', 'MIL'),
(317, 'MEM', 'MIN'),
(318, 'MEM', 'NOP'),
(319, 'MEM', 'NYK'),
(320, 'MEM', 'OKC'),
(321, 'MEM', 'ORL'),
(322, 'MEM', 'PHI'),
(323, 'MEM', 'PHX'),
(324, 'MEM', 'POR'),
(325, 'MEM', 'SAC'),
(326, 'MEM', 'SAS'),
(327, 'MEM', 'TOR'),
(328, 'MEM', 'UTA'),
(329, 'MEM', 'WSH'),
(330, 'MIA', 'MIL'),
(331, 'MIA', 'MIN'),
(332, 'MIA', 'NOP'),
(333, 'MIA', 'NYK'),
(334, 'MIA', 'OKC'),
(335, 'MIA', 'ORL'),
(336, 'MIA', 'PHI'),
(337, 'MIA', 'PHX'),
(338, 'MIA', 'POR'),
(339, 'MIA', 'SAC'),
(340, 'MIA', 'SAS'),
(341, 'MIA', 'TOR'),
(342, 'MIA', 'UTA'),
(343, 'MIA', 'WSH'),
(344, 'MIL', 'MIN'),
(345, 'MIL', 'NOP'),
(346, 'MIL', 'NYK'),
(347, 'MIL', 'OKC'),
(348, 'MIL', 'ORL'),
(349, 'MIL', 'PHI'),
(350, 'MIL', 'PHX'),
(351, 'MIL', 'POR'),
(352, 'MIL', 'SAC'),
(353, 'MIL', 'SAS'),
(354, 'MIL', 'TOR'),
(355, 'MIL', 'UTA'),
(356, 'MIL', 'WSH'),
(357, 'MIN', 'NOP'),
(358, 'MIN', 'NYK'),
(359, 'MIN', 'OKC'),
(360, 'MIN', 'ORL'),
(361, 'MIN', 'PHI'),
(362, 'MIN', 'PHX'),
(363, 'MIN', 'POR'),
(364, 'MIN', 'SAC'),
(365, 'MIN', 'SAS'),
(366, 'MIN', 'TOR'),
(367, 'MIN', 'UTA'),
(368, 'MIN', 'WSH'),
(369, 'NOP', 'NYK'),
(370, 'NOP', 'OKC'),
(371, 'NOP', 'ORL'),
(372, 'NOP', 'PHI'),
(373, 'NOP', 'PHX'),
(374, 'NOP', 'POR'),
(375, 'NOP', 'SAC'),
(376, 'NOP', 'SAS'),
(377, 'NOP', 'TOR'),
(378, 'NOP', 'UTA'),
(379, 'NOP', 'WSH'),
(380, 'NYK', 'OKC'),
(381, 'NYK', 'ORL'),
(382, 'NYK', 'PHI'),
(383, 'NYK', 'PHX'),
(384, 'NYK', 'POR'),
(385, 'NYK', 'SAC'),
(386, 'NYK', 'SAS'),
(387, 'NYK', 'TOR'),
(388, 'NYK', 'UTA'),
(389, 'NYK', 'WSH'),
(390, 'OKC', 'ORL'),
(391, 'OKC', 'PHI'),
(392, 'OKC', 'PHX'),
(393, 'OKC', 'POR'),
(394, 'OKC', 'SAC'),
(395, 'OKC', 'SAS'),
(396, 'OKC', 'TOR'),
(397, 'OKC', 'UTA'),
(398, 'OKC', 'WSH'),
(399, 'ORL', 'PHI'),
(400, 'ORL', 'PHX'),
(401, 'ORL', 'POR'),
(402, 'ORL', 'SAC'),
(403, 'ORL', 'SAS'),
(404, 'ORL', 'TOR'),
(405, 'ORL', 'UTA'),
(406, 'ORL', 'WSH'),
(407, 'PHI', 'PHX'),
(408, 'PHI', 'POR'),
(409, 'PHI', 'SAC'),
(410, 'PHI', 'SAS'),
(411, 'PHI', 'TOR'),
(412, 'PHI', 'UTA'),
(413, 'PHI', 'WSH'),
(414, 'PHX', 'POR'),
(415, 'PHX', 'SAC'),
(416, 'PHX', 'SAS'),
(417, 'PHX', 'TOR'),
(418, 'PHX', 'UTA'),
(419, 'PHX', 'WSH'),
(420, 'POR', 'SAC'),
(421, 'POR', 'SAS'),
(422, 'POR', 'TOR'),
(423, 'POR', 'UTA'),
(424, 'POR', 'WSH'),
(425, 'SAC', 'SAS'),
(426, 'SAC', 'TOR'),
(427, 'SAC', 'UTA'),
(428, 'SAC', 'WSH'),
(429, 'SAS', 'TOR'),
(430, 'SAS', 'UTA'),
(431, 'SAS', 'WSH'),
(432, 'TOR', 'UTA'),
(433, 'TOR', 'WSH');

INSERT INTO game (gameID, matchupID, date, location) VALUES
(280, 0, '20141205', 'BKN'),
(682, 0, '20150128', 'ATL'),
(1137, 0, '20150404', 'ATL'),
(1164, 0, '20150408', 'BKN'),
(254, 1, '20141202', 'ATL'),
(580, 1, '20150114', 'BOS'),
(787, 1, '20150211', 'BOS'),
(71, 2, '20141107', 'CHA'),
(237, 2, '20141129', 'ATL'),
(1086, 2, '20150328', 'CHA'),
(1176, 2, '20150410', 'ATL'),
(2441, 2, '20151030', 'ATL'),
(358, 3, '20141215', 'ATL'),
(602, 3, '20150117', 'CHI'),
(133, 4, '20141115', 'CLE'),
(370, 4, '20141217', 'CLE'),
(466, 4, '20141230', 'ATL'),
(915, 4, '20150306', 'ATL'),
(413, 5, '20141222', 'DAL'),
(841, 5, '20150225', 'ATL'),
(295, 6, '20141207', 'ATL'),
(957, 6, '20150311', 'DEN'),
(174, 7, '20141121', 'ATL'),
(540, 7, '20150109', 'DET'),
(613, 7, '20150119', 'ATL'),
(1108, 7, '20150331', 'DET'),
(748, 8, '20150206', 'ATL'),
(1013, 8, '20150318', 'GSW'),
(396, 9, '20141220', 'HOU'),
(891, 9, '20150303', 'ATL'),
(32, 10, '20141101', 'ATL'),
(301, 10, '20141208', 'IND'),
(628, 10, '20150121', 'ATL'),
(420, 11, '20141223', 'ATL'),
(519, 11, '20150105', 'LAC'),
(155, 12, '20141118', 'ATL'),
(988, 12, '20150315', 'LAL'),
(526, 13, '20150107', 'ATL'),
(765, 13, '20150208', 'MEM'),
(124, 14, '20141114', 'ATL'),
(267, 14, '20141203', 'MIA'),
(869, 14, '20150228', 'MIA'),
(1076, 14, '20150327', 'ATL'),
(434, 15, '20141226', 'ATL'),
(449, 15, '20141227', 'MIL'),
(820, 15, '20150222', 'MIL'),
(1102, 15, '20150330', 'ATL'),
(661, 16, '20150125', 'ATL'),
(777, 16, '20150209', 'MIN'),
(225, 17, '20141128', 'ATL'),
(720, 17, '20150202', 'NOP'),
(84, 18, '20141108', 'ATL'),
(100, 18, '20141110', 'NYK'),
(1205, 18, '20150413', 'ATL'),
(642, 19, '20150123', 'ATL'),
(1025, 19, '20150320', 'OKC'),
(330, 20, '20141212', 'ATL'),
(343, 20, '20141213', 'ORL'),
(856, 20, '20150227', 'ATL'),
(1061, 20, '20150325', 'ORL'),
(319, 21, '20141210', 'ATL'),
(568, 21, '20150113', 'PHI'),
(706, 21, '20150131', 'ATL'),
(926, 21, '20150307', 'PHI'),
(973, 22, '20150313', 'PHX'),
(1154, 22, '20150407', 'ATL'),
(501, 23, '20150103', 'POR'),
(695, 23, '20150130', 'ATL'),
(938, 24, '20150309', 'ATL'),
(997, 24, '20150316', 'SAC'),
(64, 25, '20141105', 'SAS'),
(1038, 25, '20150322', 'ATL'),
(8, 26, '20141029', 'TOR'),
(215, 26, '20141126', 'ATL'),
(592, 26, '20150116', 'TOR'),
(803, 26, '20150220', 'ATL'),
(110, 27, '20141112', 'ATL'),
(492, 27, '20150102', 'UTA'),
(205, 28, '20141125', 'WSH'),
(558, 28, '20150111', 'ATL'),
(730, 28, '20150204', 'ATL'),
(1198, 28, '20150412', 'WSH'),
(6, 29, '20141029', 'BOS'),
(432, 29, '20141226', 'BOS'),
(527, 29, '20150107', 'BKN'),
(1048, 29, '20150323', 'BKN'),
(2449, 29, '20151122', 'BKN'),
(341, 30, '20141213', 'CHA'),
(898, 30, '20150304', 'BKN'),
(1059, 30, '20150325', 'CHA'),
(242, 31, '20141130', 'BKN'),
(320, 31, '20141210', 'CHI'),
(467, 31, '20141230', 'CHI'),
(1206, 31, '20150413', 'BKN'),
(303, 32, '20141208', 'BKN'),
(386, 32, '20141219', 'CLE'),
(1004, 32, '20150318', 'CLE'),
(1077, 32, '20150327', 'BKN'),
(511, 33, '20150105', 'BKN'),
(872, 33, '20150228', 'DAL'),
(421, 34, '20141223', 'BKN'),
(832, 34, '20150223', 'DEN'),
(33, 35, '20141101', 'DET'),
(403, 35, '20141221', 'BKN'),
(551, 35, '20150110', 'DET'),
(121, 36, '20141113', 'GSW'),
(884, 36, '20150302', 'BKN'),
(564, 37, '20150112', 'BKN'),
(861, 37, '20150227', 'HOU'),
(448, 38, '20141227', 'BKN'),
(1031, 38, '20150321', 'IND'),
(1107, 38, '20150331', 'BKN'),
(640, 39, '20150122', 'LAC'),
(718, 39, '20150202', 'BKN'),
(813, 40, '20150220', 'LAL'),
(1092, 40, '20150329', 'BKN'),
(576, 41, '20150114', 'BKN'),
(784, 41, '20150210', 'MEM'),
(149, 42, '20141117', 'BKN'),
(364, 42, '20141216', 'BKN'),
(505, 42, '20150104', 'MIA'),
(954, 42, '20150311', 'MIA'),
(164, 43, '20141119', 'BKN'),
(776, 43, '20150209', 'MIL'),
(1021, 43, '20150320', 'BKN'),
(1193, 43, '20150412', 'MIL'),
(60, 44, '20141105', 'BKN'),
(993, 44, '20150316', 'MIN'),
(847, 45, '20150225', 'NOP'),
(946, 45, '20150310', 'BKN'),
(75, 46, '20141107', 'BKN'),
(256, 46, '20141202', 'NYK'),
(744, 46, '20150206', 'BKN'),
(1115, 46, '20150401', 'NYK'),
(44, 47, '20141103', 'BKN'),
(178, 47, '20141121', 'OKC'),
(90, 48, '20141109', 'BKN'),
(485, 48, '20150102', 'ORL'),
(213, 49, '20141126', 'PHI'),
(332, 49, '20141212', 'BKN'),
(539, 49, '20150109', 'BKN'),
(977, 49, '20150314', 'PHI'),
(116, 50, '20141112', 'PHX'),
(916, 50, '20150306', 'BKN'),
(138, 51, '20141115', 'POR'),
(1153, 51, '20150406', 'BKN'),
(461, 52, '20141229', 'BKN'),
(635, 52, '20150121', 'SAC'),
(191, 53, '20141122', 'SAS'),
(266, 53, '20141203', 'BKN'),
(2443, 53, '20151030', 'SAS'),
(374, 54, '20141217', 'TOR'),
(697, 54, '20150130', 'BKN'),
(732, 54, '20150204', 'TOR'),
(1129, 54, '20150403', 'BKN'),
(655, 55, '20150124', 'UTA'),
(932, 55, '20150308', 'BKN'),
(590, 56, '20150116', 'WSH'),
(604, 56, '20150117', 'BKN'),
(757, 56, '20150207', 'WSH'),
(1177, 56, '20150410', 'BKN'),
(316, 57, '20141210', 'CHA'),
(510, 57, '20150105', 'BOS'),
(857, 57, '20150227', 'BOS'),
(1100, 57, '20150330', 'CHA'),
(86, 58, '20141108', 'CHI'),
(223, 58, '20141128', 'BOS'),
(496, 58, '20150103', 'CHI'),
(591, 58, '20150116', 'BOS'),
(125, 59, '20141114', 'BOS'),
(890, 59, '20150303', 'CLE'),
(1178, 59, '20150410', 'CLE'),
(1194, 59, '20150412', 'BOS'),
(46, 60, '20141103', 'DAL'),
(486, 60, '20150102', 'BOS'),
(649, 61, '20150123', 'DEN'),
(731, 61, '20150204', 'BOS'),
(265, 62, '20141203', 'BOS'),
(1042, 62, '20150322', 'BOS'),
(1163, 62, '20150408', 'DET'),
(665, 63, '20150125', 'GSW'),
(878, 63, '20150301', 'BOS'),
(34, 64, '20141101', 'HOU'),
(696, 64, '20150130', 'BOS'),
(74, 65, '20141107', 'BOS'),
(538, 65, '20150109', 'IND'),
(975, 65, '20150314', 'IND'),
(1114, 65, '20150401', 'BOS'),
(614, 66, '20150119', 'LAC'),
(1095, 66, '20150329', 'BOS'),
(279, 67, '20141205', 'BOS'),
(827, 67, '20150222', 'LAL'),
(176, 68, '20141121', 'MEM'),
(953, 68, '20150311', 'BOS'),
(404, 69, '20141221', 'MIA'),
(714, 69, '20150201', 'BOS'),
(939, 69, '20150309', 'MIA'),
(1064, 69, '20150325', 'BOS'),
(761, 70, '20150207', 'MIL'),
(1128, 70, '20150403', 'BOS'),
(385, 71, '20141219', 'BOS'),
(684, 71, '20150128', 'MIN'),
(563, 72, '20150112', 'BOS'),
(919, 72, '20150306', 'NOP'),
(331, 73, '20141212', 'BOS'),
(726, 73, '20150203', 'NYK'),
(842, 73, '20150225', 'BOS'),
(1078, 73, '20150327', 'NYK'),
(111, 74, '20141112', 'BOS'),
(1010, 74, '20150318', 'OKC'),
(371, 75, '20141217', 'BOS'),
(418, 75, '20141223', 'ORL'),
(934, 75, '20150308', 'ORL'),
(968, 75, '20150313', 'BOS'),
(162, 76, '20141119', 'PHI'),
(357, 76, '20141215', 'PHI'),
(749, 76, '20150206', 'BOS'),
(991, 76, '20150316', 'BOS'),
(148, 77, '20141117', 'BOS'),
(833, 77, '20150223', 'PHX'),
(194, 78, '20141123', 'BOS'),
(639, 78, '20150122', 'POR'),
(475, 79, '20141231', 'BOS'),
(811, 79, '20150220', 'SAC'),
(241, 80, '20141130', 'BOS'),
(1027, 80, '20150320', 'SAS'),
(59, 81, '20141105', 'BOS'),
(553, 81, '20150110', 'TOR'),
(1139, 81, '20150404', 'TOR'),
(1214, 81, '20150414', 'BOS'),
(2439, 81, '20151030', 'BOS'),
(671, 82, '20150126', 'UTA'),
(897, 82, '20150304', 'BOS'),
(294, 83, '20141207', 'BOS'),
(302, 83, '20141208', 'WSH'),
(445, 83, '20141227', 'WSH'),
(263, 84, '20141203', 'CHA'),
(843, 84, '20150225', 'CHI'),
(966, 84, '20150313', 'CHA'),
(1050, 84, '20150323', 'CHI'),
(355, 85, '20141215', 'CLE'),
(484, 85, '20150102', 'CHA'),
(643, 85, '20150123', 'CLE'),
(146, 86, '20141117', 'CHA'),
(825, 86, '20150222', 'DAL'),
(409, 87, '20141222', 'CHA'),
(711, 87, '20150131', 'DEN'),
(781, 88, '20150210', 'CHA'),
(933, 88, '20150308', 'DET'),
(1111, 88, '20150401', 'CHA'),
(1195, 88, '20150412', 'DET'),
(140, 89, '20141115', 'GSW'),
(224, 89, '20141128', 'CHA'),
(478, 90, '20141231', 'HOU'),
(1202, 90, '20150413', 'CHA'),
(160, 91, '20141119', 'IND'),
(600, 91, '20150117', 'CHA'),
(766, 91, '20150208', 'CHA'),
(1126, 91, '20150403', 'IND'),
(198, 92, '20141124', 'CHA'),
(1003, 92, '20150317', 'LAC'),
(97, 93, '20141109', 'LAL'),
(889, 93, '20150303', 'CHA'),
(28, 94, '20141101', 'CHA'),
(334, 94, '20141212', 'MEM'),
(57, 95, '20141105', 'CHA'),
(195, 95, '20141123', 'MIA'),
(625, 95, '20150121', 'CHA'),
(1155, 95, '20150407', 'MIA'),
(4, 96, '20141029', 'CHA'),
(423, 96, '20141223', 'MIL'),
(459, 96, '20141229', 'CHA'),
(611, 97, '20150119', 'CHA'),
(1044, 97, '20150322', 'MIN'),
(54, 98, '20141104', 'NOP'),
(522, 98, '20150107', 'CHA'),
(41, 99, '20141102', 'NYK'),
(276, 99, '20141205', 'CHA'),
(549, 99, '20150110', 'NYK'),
(652, 99, '20150124', 'CHA'),
(438, 100, '20141226', 'OKC'),
(814, 100, '20150221', 'CHA'),
(172, 101, '20141121', 'CHA'),
(444, 101, '20141227', 'CHA'),
(495, 101, '20150103', 'ORL'),
(880, 101, '20150301', 'ORL'),
(384, 102, '20141219', 'PHI'),
(759, 102, '20150207', 'PHI'),
(1136, 102, '20150404', 'CHA'),
(130, 103, '20141114', 'PHX'),
(369, 103, '20141217', 'CHA'),
(107, 104, '20141111', 'POR'),
(210, 104, '20141126', 'CHA'),
(951, 105, '20150311', 'CHA'),
(1028, 105, '20150320', 'SAC'),
(2466, 105, '20151123', 'CHA'),
(574, 106, '20150114', 'CHA'),
(687, 106, '20150128', 'SAS'),
(535, 107, '20150108', 'TOR'),
(910, 107, '20150306', 'CHA'),
(1160, 107, '20150408', 'CHA'),
(395, 108, '20141220', 'CHA'),
(996, 108, '20150316', 'UTA'),
(717, 109, '20150202', 'WSH'),
(740, 109, '20150205', 'CHA'),
(937, 109, '20150309', 'CHA'),
(1075, 109, '20150327', 'WSH'),
(22, 110, '20141031', 'CHI'),
(619, 110, '20150119', 'CLE'),
(798, 110, '20150212', 'CHI'),
(1147, 110, '20150405', 'CLE'),
(257, 111, '20141202', 'CHI'),
(646, 111, '20150123', 'DAL'),
(209, 112, '20141125', 'DEN'),
(482, 112, '20150101', 'CHI'),
(101, 113, '20141110', 'CHI'),
(804, 113, '20150220', 'DET'),
(1032, 113, '20150321', 'DET'),
(1130, 113, '20150403', 'CHI'),
(2440, 113, '20151030', 'DET'),
(289, 114, '20141206', 'CHI'),
(677, 114, '20150127', 'GSW'),
(512, 115, '20150105', 'CHI'),
(733, 115, '20150204', 'HOU'),
(135, 116, '20141115', 'CHI'),
(460, 116, '20141229', 'IND'),
(911, 116, '20150306', 'IND'),
(1008, 116, '20150318', 'CHI'),
(154, 117, '20141117', 'LAC'),
(875, 117, '20150301', 'CHI'),
(430, 118, '20141225', 'CHI'),
(693, 118, '20150129', 'LAL'),
(389, 119, '20141219', 'MEM'),
(940, 119, '20150309', 'CHI'),
(349, 120, '20141214', 'MIA'),
(657, 120, '20150125', 'CHI'),
(1173, 120, '20150409', 'MIA'),
(62, 121, '20141105', 'MIL'),
(554, 121, '20150110', 'CHI'),
(829, 121, '20150223', 'CHI'),
(1117, 121, '20150401', 'MIL'),
(35, 122, '20141101', 'MIN'),
(860, 122, '20150227', 'CHI'),
(447, 123, '20141227', 'CHI'),
(756, 123, '20150207', 'NOP'),
(10, 124, '20141029', 'NYK'),
(379, 124, '20141218', 'CHI'),
(1087, 124, '20150328', 'CHI'),
(908, 125, '20150305', 'CHI'),
(981, 125, '20150315', 'OKC'),
(53, 126, '20141104', 'CHI'),
(566, 126, '20150112', 'CHI'),
(768, 126, '20150208', 'ORL'),
(1161, 126, '20150408', 'ORL'),
(73, 127, '20141107', 'PHI'),
(952, 127, '20150311', 'PHI'),
(1189, 127, '20150411', 'CHI'),
(702, 128, '20150130', 'PHX'),
(816, 128, '20150221', 'CHI'),
(183, 129, '20141121', 'POR'),
(328, 129, '20141212', 'CHI'),
(171, 130, '20141120', 'SAC'),
(783, 130, '20150210', 'CHI'),
(637, 131, '20150122', 'CHI'),
(930, 131, '20150308', 'SAS'),
(119, 132, '20141113', 'TOR'),
(410, 132, '20141222', 'CHI'),
(1024, 132, '20150320', 'CHI'),
(1063, 132, '20150325', 'TOR'),
(204, 133, '20141124', 'UTA'),
(528, 133, '20150107', 'CHI'),
(419, 134, '20141223', 'WSH'),
(543, 134, '20150109', 'WSH'),
(579, 134, '20150114', 'CHI'),
(892, 134, '20150303', 'CHI'),
(503, 135, '20150104', 'CLE'),
(947, 135, '20150310', 'DAL'),
(81, 136, '20141107', 'DEN'),
(147, 136, '20141117', 'CLE'),
(453, 137, '20141228', 'CLE'),
(674, 137, '20150127', 'DET'),
(837, 137, '20150224', 'DET'),
(1203, 137, '20150413', 'CLE'),
(547, 138, '20150109', 'GSW'),
(852, 138, '20150226', 'CLE'),
(523, 139, '20150107', 'CLE'),
(876, 139, '20150301', 'HOU'),
(238, 140, '20141129', 'CLE'),
(745, 140, '20150206', 'IND'),
(854, 140, '20150227', 'IND'),
(1022, 140, '20150320', 'CLE'),
(599, 141, '20150116', 'LAC'),
(741, 141, '20150205', 'CLE'),
(586, 142, '20150115', 'LAL'),
(764, 142, '20150208', 'CLE'),
(401, 143, '20141221', 'CLE'),
(1065, 143, '20150325', 'MEM'),
(429, 144, '20141225', 'MIA'),
(794, 144, '20150211', 'CLE'),
(994, 144, '20150316', 'MIA'),
(1123, 144, '20150402', 'CLE'),
(2436, 144, '20151030', 'CLE'),
(253, 145, '20141202', 'CLE'),
(479, 145, '20141231', 'CLE'),
(1036, 145, '20150322', 'MIL'),
(1167, 145, '20150408', 'MIL'),
(416, 146, '20141223', 'CLE'),
(709, 146, '20150131', 'MIN'),
(98, 147, '20141110', 'CLE'),
(336, 147, '20141212', 'NOP'),
(18, 148, '20141030', 'CLE'),
(273, 148, '20141204', 'NYK'),
(819, 148, '20150222', 'NYK'),
(326, 149, '20141211', 'OKC'),
(658, 149, '20150125', 'CLE'),
(199, 150, '20141124', 'CLE'),
(433, 150, '20141226', 'ORL'),
(984, 150, '20150315', 'ORL'),
(2467, 150, '20151123', 'CLE'),
(509, 151, '20150105', 'PHI'),
(716, 151, '20150202', 'CLE'),
(1094, 151, '20150329', 'CLE'),
(570, 152, '20150113', 'PHX'),
(923, 152, '20150307', 'CLE'),
(55, 153, '20141104', 'POR'),
(679, 153, '20150128', 'CLE'),
(561, 154, '20150111', 'SAC'),
(698, 154, '20150130', 'CLE'),
(159, 155, '20141119', 'CLE'),
(964, 155, '20150312', 'SAS'),
(186, 156, '20141122', 'CLE'),
(281, 156, '20141205', 'TOR'),
(308, 156, '20141209', 'CLE'),
(899, 156, '20150304', 'TOR'),
(66, 157, '20141105', 'UTA'),
(626, 157, '20150121', 'CLE'),
(179, 158, '20141121', 'WSH'),
(211, 158, '20141126', 'CLE'),
(807, 158, '20150220', 'WSH'),
(581, 159, '20150114', 'DEN'),
(594, 159, '20150116', 'DAL'),
(1184, 159, '20150410', 'DEN'),
(372, 160, '20141217', 'DET'),
(529, 160, '20150107', 'DAL'),
(340, 161, '20141213', 'DAL'),
(739, 161, '20150204', 'GSW'),
(921, 161, '20150306', 'GSW'),
(1141, 161, '20150404', 'DAL'),
(188, 162, '20141122', 'HOU'),
(683, 162, '20150128', 'HOU'),
(808, 162, '20150220', 'DAL'),
(1124, 162, '20150402', 'DAL'),
(203, 163, '20141124', 'DAL'),
(1098, 163, '20150329', 'IND'),
(550, 164, '20150110', 'LAC'),
(779, 164, '20150209', 'DAL'),
(971, 164, '20150313', 'DAL'),
(180, 165, '20141121', 'DAL'),
(439, 165, '20141226', 'DAL'),
(936, 165, '20150308', 'LAL'),
(1201, 165, '20150412', 'LAL'),
(310, 166, '20141209', 'MEM'),
(616, 166, '20150119', 'MEM'),
(676, 166, '20150127', 'DAL'),
(1026, 166, '20150320', 'DAL'),
(94, 167, '20141109', 'DAL'),
(700, 167, '20150130', 'MIA'),
(269, 168, '20141203', 'MIL'),
(298, 168, '20141207', 'DAL'),
(137, 169, '20141115', 'DAL'),
(631, 169, '20150121', 'MIN'),
(722, 169, '20150202', 'DAL'),
(27, 170, '20141101', 'NOP'),
(322, 170, '20141210', 'DAL'),
(660, 170, '20150125', 'NOP'),
(887, 170, '20150302', 'DAL'),
(214, 171, '20141126', 'DAL'),
(367, 171, '20141216', 'NYK'),
(455, 172, '20141228', 'DAL'),
(799, 172, '20150219', 'OKC'),
(995, 172, '20150316', 'DAL'),
(1119, 172, '20150401', 'OKC'),
(2451, 172, '20151122', 'OKC'),
(704, 173, '20150131', 'ORL'),
(1011, 173, '20150318', 'DAL'),
(120, 174, '20141113', 'DAL'),
(235, 174, '20141129', 'PHI'),
(284, 175, '20141205', 'DAL'),
(425, 175, '20141223', 'PHX'),
(1045, 175, '20150322', 'PHX'),
(1171, 175, '20150408', 'DAL'),
(70, 176, '20141106', 'POR'),
(760, 176, '20150207', 'DAL'),
(909, 176, '20150305', 'POR'),
(106, 177, '20141111', 'DAL'),
(572, 177, '20150113', 'SAC'),
(742, 177, '20150205', 'SAC'),
(2, 178, '20141028', 'SAS'),
(397, 178, '20141220', 'DAL'),
(1056, 178, '20150324', 'DAL'),
(1083, 178, '20150327', 'SAS'),
(227, 179, '20141128', 'TOR'),
(839, 179, '20150224', 'DAL'),
(19, 180, '20141030', 'DAL'),
(80, 180, '20141107', 'UTA'),
(795, 180, '20150211', 'DAL'),
(1210, 180, '20150413', 'UTA'),
(163, 181, '20141119', 'WSH'),
(470, 181, '20141230', 'DAL'),
(11, 182, '20141029', 'DEN'),
(750, 182, '20150206', 'DET'),
(615, 183, '20150119', 'GSW'),
(972, 183, '20150313', 'DEN'),
(2452, 183, '20151122', 'DEN'),
(346, 184, '20141213', 'HOU'),
(378, 184, '20141217', 'DEN'),
(929, 184, '20150307', 'DEN'),
(1016, 184, '20150319', 'HOU'),
(122, 185, '20141114', 'IND'),
(398, 185, '20141220', 'DEN'),
(391, 186, '20141219', 'DEN'),
(672, 186, '20150126', 'LAC'),
(1143, 186, '20150404', 'DEN'),
(1213, 186, '20150413', 'LAC'),
(197, 187, '20141123', 'LAL'),
(471, 187, '20141230', 'DEN'),
(785, 187, '20150210', 'LAL'),
(1169, 187, '20150408', 'DEN'),
(500, 188, '20150103', 'DEN'),
(692, 188, '20150129', 'MEM'),
(992, 188, '20150316', 'MEM'),
(325, 189, '20141210', 'DEN'),
(1023, 189, '20150320', 'MIA'),
(809, 190, '20150220', 'MIL'),
(894, 190, '20150303', 'DEN'),
(440, 191, '20141226', 'DEN'),
(514, 191, '20150105', 'MIN'),
(606, 191, '20150117', 'DEN'),
(901, 191, '20150304', 'MIN'),
(2444, 191, '20151030', 'DEN'),
(181, 192, '20141121', 'DEN'),
(685, 192, '20150128', 'NOP'),
(882, 192, '20150301', 'DEN'),
(983, 192, '20150315', 'NOP'),
(142, 193, '20141116', 'NYK'),
(942, 193, '20150309', 'DEN'),
(36, 194, '20141101', 'OKC'),
(168, 194, '20141119', 'DEN'),
(780, 194, '20150209', 'DEN'),
(824, 194, '20150222', 'OKC'),
(530, 195, '20150107', 'DEN'),
(1043, 195, '20150322', 'ORL'),
(724, 196, '20150203', 'PHI'),
(1068, 196, '20150325', 'DEN'),
(221, 197, '20141126', 'PHX'),
(232, 197, '20141128', 'DEN'),
(848, 197, '20150225', 'DEN'),
(96, 198, '20141109', 'POR'),
(115, 198, '20141112', 'DEN'),
(259, 198, '20141202', 'DEN'),
(1090, 198, '20150328', 'POR'),
(47, 199, '20141103', 'DEN'),
(67, 199, '20141105', 'SAC'),
(546, 199, '20150109', 'SAC'),
(1196, 199, '20150412', 'DEN'),
(354, 200, '20141214', 'DEN'),
(624, 200, '20150120', 'DEN'),
(920, 200, '20150306', 'SAS'),
(1133, 200, '20150403', 'SAS'),
(304, 201, '20141208', 'TOR'),
(457, 201, '20141228', 'DEN'),
(251, 202, '20141201', 'UTA'),
(864, 202, '20150227', 'DEN'),
(1084, 202, '20150327', 'DEN'),
(1120, 202, '20150401', 'UTA'),
(278, 203, '20141205', 'WSH'),
(666, 203, '20150125', 'DEN'),
(243, 204, '20141130', 'DET'),
(959, 204, '20150311', 'GSW'),
(707, 205, '20150131', 'DET'),
(917, 205, '20150306', 'HOU'),
(435, 206, '20141226', 'DET'),
(587, 206, '20150116', 'IND'),
(729, 206, '20150204', 'IND'),
(1179, 206, '20150410', 'DET'),
(216, 207, '20141126', 'DET'),
(362, 207, '20141215', 'LAC'),
(255, 208, '20141202', 'DET'),
(950, 208, '20150310', 'LAL'),
(136, 209, '20141115', 'MEM'),
(999, 209, '20150317', 'DET'),
(725, 210, '20150203', 'DET'),
(1096, 210, '20150329', 'MIA'),
(1138, 210, '20150404', 'DET'),
(76, 211, '20141107', 'DET'),
(207, 211, '20141125', 'MIL'),
(226, 211, '20141128', 'DET'),
(653, 211, '20150124', 'MIL'),
(2469, 211, '20151123', 'MIL'),
(17, 212, '20141030', 'MIN'),
(767, 212, '20150208', 'DET'),
(577, 213, '20150114', 'DET'),
(902, 213, '20150304', 'NOP'),
(61, 214, '20141105', 'DET'),
(487, 214, '20150102', 'NYK'),
(858, 214, '20150227', 'DET'),
(129, 215, '20141114', 'OKC'),
(297, 215, '20141207', 'DET'),
(150, 216, '20141117', 'DET'),
(465, 216, '20141230', 'ORL'),
(629, 216, '20150121', 'DET'),
(1073, 216, '20150327', 'ORL'),
(288, 217, '20141206', 'DET'),
(601, 217, '20150117', 'DET'),
(680, 217, '20150128', 'PHI'),
(1005, 217, '20150318', 'PHI'),
(165, 218, '20141119', 'DET'),
(337, 218, '20141212', 'PHX'),
(309, 219, '20141209', 'DET'),
(974, 219, '20150313', 'POR'),
(347, 220, '20141213', 'SAC'),
(504, 220, '20150104', 'DET'),
(521, 221, '20150106', 'SAS'),
(788, 221, '20150211', 'DET'),
(387, 222, '20141219', 'DET'),
(565, 222, '20150112', 'TOR'),
(664, 222, '20150125', 'TOR'),
(1053, 222, '20150324', 'DET'),
(91, 223, '20141109', 'DET'),
(979, 223, '20150314', 'UTA'),
(109, 224, '20141112', 'WSH'),
(821, 224, '20150222', 'DET'),
(868, 224, '20150228', 'WSH'),
(87, 225, '20141108', 'HOU'),
(324, 225, '20141210', 'GSW'),
(603, 225, '20150117', 'HOU'),
(636, 225, '20150121', 'GSW'),
(2445, 225, '20151030', 'HOU'),
(533, 226, '20150107', 'GSW'),
(822, 226, '20150222', 'IND'),
(68, 227, '20141105', 'GSW'),
(431, 227, '20141225', 'LAC'),
(931, 227, '20150308', 'GSW'),
(1110, 227, '20150331', 'LAC'),
(38, 228, '20141101', 'GSW'),
(145, 228, '20141116', 'LAL'),
(426, 228, '20141223', 'LAL'),
(998, 228, '20150316', 'GSW'),
(365, 229, '20141216', 'MEM'),
(1081, 229, '20150327', 'MEM'),
(1212, 229, '20150413', 'GSW'),
(206, 230, '20141125', 'MIA'),
(582, 230, '20150114', 'GSW'),
(906, 231, '20150304', 'GSW'),
(1088, 231, '20150328', 'MIL'),
(305, 232, '20141208', 'MIN'),
(452, 232, '20141227', 'GSW'),
(791, 232, '20150211', 'MIN'),
(1192, 232, '20150411', 'GSW'),
(275, 233, '20141204', 'GSW'),
(348, 233, '20141214', 'NOP'),
(1029, 233, '20150320', 'GSW'),
(1156, 233, '20150407', 'NOP'),
(758, 234, '20150207', 'NYK'),
(980, 234, '20150314', 'GSW'),
(196, 235, '20141123', 'OKC'),
(382, 235, '20141218', 'GSW'),
(518, 235, '20150105', 'GSW'),
(593, 235, '20150116', 'OKC'),
(212, 236, '20141126', 'ORL'),
(262, 236, '20141202', 'GSW'),
(474, 237, '20141230', 'GSW'),
(773, 237, '20150209', 'PHI'),
(95, 238, '20141109', 'PHX'),
(713, 238, '20150131', 'GSW'),
(943, 238, '20150309', 'PHX'),
(1125, 238, '20150402', 'GSW'),
(42, 239, '20141102', 'POR'),
(1058, 239, '20150324', 'POR'),
(1174, 239, '20150409', 'GSW'),
(14, 240, '20141029', 'SAC'),
(415, 240, '20141222', 'GSW'),
(651, 240, '20150123', 'GSW'),
(728, 240, '20150203', 'SAC'),
(108, 241, '20141111', 'GSW'),
(812, 241, '20150220', 'GSW'),
(1149, 241, '20150405', 'SAS'),
(493, 242, '20150102', 'GSW'),
(859, 242, '20150227', 'TOR'),
(182, 243, '20141121', 'GSW'),
(571, 243, '20150113', 'UTA'),
(701, 243, '20150130', 'UTA'),
(1035, 243, '20150321', 'GSW'),
(836, 244, '20150224', 'WSH'),
(1052, 244, '20150323', 'GSW'),
(617, 245, '20150119', 'HOU'),
(1047, 245, '20150323', 'IND'),
(228, 246, '20141128', 'HOU'),
(797, 246, '20150211', 'LAC'),
(844, 246, '20150225', 'HOU'),
(982, 246, '20150315', 'LAC'),
(3, 247, '20141028', 'LAL'),
(169, 247, '20141119', 'HOU'),
(667, 247, '20150125', 'LAL'),
(151, 248, '20141117', 'MEM'),
(268, 248, '20141203', 'HOU'),
(436, 248, '20141226', 'MEM'),
(900, 248, '20150304', 'HOU'),
(50, 249, '20141104', 'MIA'),
(497, 249, '20150103', 'HOU'),
(240, 250, '20141129', 'MIL'),
(751, 250, '20150206', 'HOU'),
(117, 251, '20141112', 'MIN'),
(283, 251, '20141205', 'MIN'),
(830, 251, '20150223', 'HOU'),
(1080, 251, '20150327', 'HOU'),
(380, 252, '20141218', 'HOU'),
(488, 252, '20150102', 'NOP'),
(1067, 252, '20150325', 'NOP'),
(1199, 252, '20150412', 'HOU'),
(202, 253, '20141124', 'HOU'),
(536, 253, '20150108', 'NYK'),
(144, 254, '20141116', 'OKC'),
(585, 254, '20150115', 'HOU'),
(1146, 254, '20150405', 'OKC'),
(575, 255, '20150114', 'ORL'),
(1001, 255, '20150317', 'HOU'),
(43, 256, '20141103', 'PHI'),
(127, 256, '20141114', 'HOU'),
(290, 257, '20141206', 'HOU'),
(650, 257, '20150123', 'PHX'),
(782, 257, '20150210', 'PHX'),
(1033, 257, '20150321', 'HOU'),
(411, 258, '20141222', 'HOU'),
(769, 258, '20150208', 'HOU'),
(960, 258, '20150311', 'POR'),
(217, 259, '20141126', 'HOU'),
(327, 259, '20141211', 'SAC'),
(1116, 259, '20150401', 'HOU'),
(69, 260, '20141106', 'HOU'),
(454, 260, '20141228', 'SAS'),
(1168, 260, '20150408', 'SAS'),
(1181, 260, '20150410', 'HOU'),
(817, 261, '20150221', 'HOU'),
(1103, 261, '20150330', 'TOR'),
(12, 262, '20141029', 'UTA'),
(555, 262, '20150110', 'HOU'),
(963, 262, '20150312', 'UTA'),
(463, 263, '20141229', 'HOU'),
(1091, 263, '20150329', 'WSH'),
(317, 264, '20141210', 'IND'),
(377, 264, '20141217', 'LAC'),
(356, 265, '20141215', 'IND'),
(508, 265, '20150104', 'LAL'),
(21, 266, '20141031', 'IND'),
(112, 267, '20141112', 'MIA'),
(476, 267, '20141231', 'IND'),
(644, 267, '20150123', 'MIA'),
(1148, 267, '20150405', 'IND'),
(49, 268, '20141104', 'IND'),
(490, 268, '20150102', 'MIL'),
(961, 268, '20150312', 'IND'),
(1072, 268, '20150326', 'MIL'),
(407, 269, '20141221', 'MIN'),
(567, 269, '20150113', 'IND'),
(417, 270, '20141223', 'IND'),
(792, 270, '20150211', 'NOP'),
(691, 271, '20150129', 'IND'),
(895, 271, '20150304', 'IND'),
(925, 271, '20150307', 'NYK'),
(1165, 271, '20150408', 'NYK'),
(838, 272, '20150224', 'OKC'),
(1197, 272, '20150412', 'IND'),
(230, 273, '20141128', 'IND'),
(662, 273, '20150125', 'ORL'),
(945, 273, '20150310', 'IND'),
(5, 274, '20141029', 'IND'),
(552, 274, '20150110', 'PHI'),
(802, 274, '20150220', 'PHI'),
(879, 274, '20150301', 'IND'),
(184, 275, '20141122', 'IND'),
(260, 275, '20141202', 'PHX'),
(274, 276, '20141204', 'POR'),
(342, 276, '20141213', 'IND'),
(287, 277, '20141205', 'SAC'),
(703, 277, '20150131', 'IND'),
(220, 278, '20141126', 'SAS'),
(772, 278, '20150209', 'IND'),
(333, 279, '20141212', 'TOR'),
(673, 279, '20150127', 'IND'),
(989, 279, '20150316', 'IND'),
(99, 280, '20141110', 'IND'),
(516, 280, '20150105', 'UTA'),
(63, 281, '20141105', 'WSH'),
(83, 281, '20141108', 'IND'),
(1062, 281, '20150325', 'WSH'),
(1215, 281, '20150414', 'IND'),
(26, 282, '20141031', 'LAL'),
(534, 282, '20150107', 'LAC'),
(1152, 282, '20150405', 'LAL'),
(1159, 282, '20150407', 'LAC'),
(193, 283, '20141123', 'MEM'),
(835, 283, '20150223', 'LAC'),
(862, 283, '20150227', 'MEM'),
(1190, 283, '20150411', 'LAC'),
(170, 284, '20141120', 'MIA'),
(559, 284, '20150111', 'LAC'),
(344, 285, '20141213', 'MIL'),
(399, 285, '20141220', 'LAC'),
(252, 286, '20141201', 'LAC'),
(886, 286, '20150302', 'MIN'),
(944, 286, '20150309', 'LAC'),
(293, 287, '20141206', 'LAC'),
(699, 287, '20150130', 'NOP'),
(1039, 287, '20150322', 'LAC'),
(477, 288, '20141231', 'LAC'),
(1060, 288, '20150325', 'NYK'),
(20, 289, '20141030', 'LAC'),
(763, 289, '20150208', 'OKC'),
(956, 289, '20150311', 'OKC'),
(161, 290, '20141119', 'ORL'),
(272, 290, '20141203', 'LAC'),
(502, 291, '20150103', 'LAC'),
(1074, 291, '20150327', 'PHI'),
(141, 292, '20141115', 'LAC'),
(307, 292, '20141208', 'LAC'),
(659, 292, '20150125', 'PHX'),
(1216, 292, '20150414', 'PHX'),
(82, 293, '20141108', 'LAC'),
(583, 293, '20150114', 'POR'),
(907, 293, '20150304', 'LAC'),
(1121, 293, '20150401', 'POR'),
(39, 294, '20141102', 'LAC'),
(607, 294, '20150117', 'SAC'),
(818, 294, '20150221', 'LAC'),
(1012, 294, '20150318', 'SAC'),
(102, 295, '20141110', 'LAC'),
(414, 295, '20141222', 'SAS'),
(712, 295, '20150131', 'SAS'),
(800, 295, '20150219', 'LAC'),
(443, 296, '20141227', 'LAC'),
(747, 296, '20150206', 'TOR'),
(2448, 296, '20151122', 'LAC'),
(48, 297, '20141103', 'LAC'),
(239, 297, '20141129', 'UTA'),
(464, 297, '20141229', 'LAC'),
(688, 297, '20150128', 'UTA'),
(329, 298, '20141212', 'WSH'),
(1030, 298, '20150320', 'LAC'),
(104, 299, '20141111', 'MEM'),
(222, 299, '20141126', 'LAL'),
(494, 299, '20150102', 'LAL'),
(918, 299, '20150306', 'MEM'),
(573, 300, '20150113', 'LAL'),
(904, 300, '20150304', 'MIA'),
(734, 301, '20150204', 'MIL'),
(866, 301, '20150227', 'LAL'),
(234, 302, '20141128', 'LAL'),
(351, 302, '20141214', 'MIN'),
(1066, 302, '20150325', 'MIN'),
(1186, 302, '20150410', 'LAL'),
(114, 303, '20141112', 'NOP'),
(300, 303, '20141207', 'LAL'),
(632, 303, '20150121', 'NOP'),
(1122, 303, '20150401', 'LAL'),
(715, 304, '20150201', 'NYK'),
(965, 304, '20150312', 'LAL'),
(392, 305, '20141219', 'LAL'),
(881, 305, '20150301', 'LAL'),
(1055, 305, '20150324', 'OKC'),
(548, 306, '20150109', 'LAL'),
(746, 306, '20150206', 'ORL'),
(1046, 307, '20150322', 'LAL'),
(1101, 307, '20150330', 'PHI'),
(13, 308, '20141029', 'PHX'),
(56, 308, '20141104', 'LAL'),
(458, 308, '20141228', 'LAL'),
(622, 308, '20150119', 'PHX'),
(517, 309, '20150105', 'POR'),
(562, 309, '20150111', 'LAL'),
(796, 309, '20150211', 'POR'),
(1135, 309, '20150403', 'LAL'),
(2453, 309, '20151122', 'LAL'),
(315, 310, '20141209', 'LAL'),
(402, 310, '20141221', 'SAC'),
(1211, 310, '20150413', 'SAC'),
(2446, 310, '20151030', 'SAC'),
(131, 311, '20141114', 'LAL'),
(339, 311, '20141212', 'SAS'),
(648, 311, '20150123', 'SAS'),
(248, 312, '20141130', 'LAL'),
(1079, 312, '20150327', 'TOR'),
(597, 313, '20150116', 'UTA'),
(849, 313, '20150225', 'UTA'),
(1018, 313, '20150319', 'LAL'),
(264, 314, '20141203', 'WSH'),
(678, 314, '20150127', 'LAL'),
(296, 315, '20141207', 'MEM'),
(446, 315, '20141227', 'MIA'),
(88, 316, '20141108', 'MIL'),
(978, 316, '20150314', 'MEM'),
(9, 317, '20141029', 'MEM'),
(752, 317, '20150206', 'MIN'),
(871, 317, '20150228', 'MIN'),
(45, 318, '20141103', 'MEM'),
(541, 318, '20150109', 'NOP'),
(922, 318, '20150307', 'NOP'),
(1166, 318, '20150408', 'MEM'),
(513, 319, '20150105', 'MEM'),
(1049, 319, '20150323', 'NYK'),
(78, 320, '20141107', 'OKC'),
(708, 320, '20150131', 'MEM'),
(793, 320, '20150211', 'OKC'),
(1131, 320, '20150403', 'MEM'),
(588, 321, '20150116', 'ORL'),
(668, 321, '20150126', 'MEM'),
(345, 322, '20141213', 'PHI'),
(654, 322, '20150124', 'MEM'),
(65, 323, '20141105', 'PHX'),
(560, 323, '20150111', 'MEM'),
(723, 323, '20150202', 'PHX'),
(233, 324, '20141128', 'POR'),
(605, 324, '20150117', 'MEM'),
(826, 324, '20150222', 'POR'),
(1034, 324, '20150321', 'MEM'),
(118, 325, '20141113', 'MEM'),
(244, 325, '20141130', 'SAC'),
(850, 325, '20150225', 'SAC'),
(1104, 325, '20150330', 'MEM'),
(282, 326, '20141205', 'MEM'),
(375, 326, '20141217', 'SAS'),
(468, 326, '20141230', 'MEM'),
(1097, 326, '20150329', 'SAS'),
(166, 327, '20141119', 'TOR'),
(630, 327, '20150121', 'MEM'),
(412, 328, '20141222', 'MEM'),
(738, 328, '20150204', 'UTA'),
(893, 328, '20150303', 'MEM'),
(1185, 328, '20150410', 'UTA'),
(962, 329, '20150312', 'WSH'),
(1140, 329, '20150404', 'MEM'),
(143, 330, '20141116', 'MIA'),
(285, 330, '20141205', 'MIL'),
(675, 330, '20150127', 'MIA'),
(1054, 330, '20150324', 'MIL'),
(85, 331, '20141108', 'MIA'),
(735, 331, '20150204', 'MIN'),
(815, 332, '20150221', 'MIA'),
(863, 332, '20150227', 'NOP'),
(245, 333, '20141130', 'NYK'),
(775, 333, '20150209', 'MIA'),
(805, 333, '20150220', 'NYK'),
(2468, 333, '20151123', 'MIA'),
(623, 334, '20150120', 'MIA'),
(1037, 334, '20150322', 'OKC'),
(185, 335, '20141122', 'ORL'),
(462, 335, '20141229', 'MIA'),
(840, 335, '20150225', 'ORL'),
(1207, 335, '20150413', 'MIA'),
(30, 336, '20141101', 'PHI'),
(422, 336, '20141223', 'MIA'),
(828, 336, '20150223', 'MIA'),
(313, 337, '20141209', 'PHX'),
(885, 337, '20150302', 'MIA'),
(537, 338, '20150108', 'POR'),
(1006, 338, '20150318', 'MIA'),
(598, 339, '20150116', 'SAC'),
(924, 339, '20150307', 'MIA'),
(755, 340, '20150206', 'SAS'),
(1109, 340, '20150331', 'MIA'),
(40, 341, '20141102', 'MIA'),
(969, 341, '20150313', 'TOR'),
(1188, 341, '20150411', 'MIA'),
(338, 342, '20141212', 'UTA'),
(373, 342, '20141217', 'MIA'),
(7, 343, '20141029', 'MIA'),
(250, 343, '20141201', 'WSH'),
(388, 343, '20141219', 'MIA'),
(914, 343, '20150306', 'WSH'),
(218, 344, '20141126', 'MIN'),
(544, 344, '20150109', 'MIL'),
(941, 345, '20150309', 'MIL'),
(1002, 345, '20150317', 'NOP'),
(156, 346, '20141118', 'MIL'),
(506, 346, '20150104', 'NYK'),
(584, 346, '20150115', 'MIL'),
(1180, 346, '20150410', 'NYK'),
(105, 347, '20141111', 'MIL'),
(312, 347, '20141209', 'OKC'),
(123, 348, '20141114', 'ORL'),
(690, 348, '20150129', 'ORL'),
(955, 348, '20150311', 'MIL'),
(1142, 348, '20150404', 'MIL'),
(23, 349, '20141031', 'MIL'),
(524, 349, '20150107', 'PHI'),
(845, 349, '20150225', 'MIL'),
(1204, 349, '20150413', 'PHI'),
(360, 350, '20141215', 'PHX'),
(520, 350, '20150106', 'MIL'),
(376, 351, '20141217', 'POR'),
(710, 351, '20150131', 'MIL'),
(381, 352, '20141218', 'SAC'),
(790, 352, '20150211', 'MIL'),
(663, 353, '20150125', 'SAS'),
(1009, 353, '20150318', 'MIL'),
(175, 354, '20141121', 'TOR'),
(620, 354, '20150119', 'MIL'),
(719, 354, '20150202', 'TOR'),
(638, 355, '20150122', 'MIL'),
(874, 355, '20150228', 'UTA'),
(31, 356, '20141101', 'WSH'),
(190, 356, '20141122', 'MIL'),
(928, 356, '20150307', 'MIL'),
(2442, 356, '20151030', 'MIL'),
(128, 357, '20141114', 'NOP'),
(647, 357, '20150123', 'MIN'),
(1093, 357, '20150329', 'NOP'),
(1208, 357, '20150413', 'MIN'),
(167, 358, '20141119', 'MIN'),
(1015, 358, '20150319', 'NYK'),
(335, 359, '20141212', 'MIN'),
(670, 359, '20150126', 'OKC'),
(970, 359, '20150313', 'OKC'),
(72, 360, '20141107', 'ORL'),
(1132, 360, '20150403', 'MIN'),
(270, 361, '20141203', 'MIN'),
(694, 361, '20150130', 'PHI'),
(2470, 361, '20151123', 'MIN'),
(531, 362, '20150107', 'MIN'),
(596, 362, '20150116', 'PHX'),
(806, 362, '20150220', 'MIN'),
(958, 362, '20150311', 'PHX'),
(247, 363, '20141130', 'POR'),
(321, 363, '20141210', 'MIN'),
(927, 363, '20150307', 'MIN'),
(1172, 363, '20150408', 'POR'),
(189, 364, '20141122', 'MIN'),
(483, 364, '20150101', 'MIN'),
(1158, 364, '20150407', 'SAC'),
(177, 365, '20141121', 'MIN'),
(291, 365, '20141206', 'SAS'),
(556, 365, '20150110', 'MIN'),
(985, 365, '20150315', 'SAS'),
(1007, 366, '20150318', 'TOR'),
(1118, 366, '20150401', 'MIN'),
(472, 367, '20141230', 'UTA'),
(498, 367, '20150103', 'MIN'),
(1051, 367, '20150323', 'UTA'),
(1105, 367, '20150330', 'MIN'),
(363, 368, '20141216', 'WSH'),
(846, 368, '20150225', 'MIN'),
(311, 369, '20141209', 'NOP'),
(618, 369, '20150119', 'NYK'),
(258, 370, '20141202', 'NOP'),
(408, 370, '20141221', 'OKC'),
(736, 370, '20150204', 'NOP'),
(753, 370, '20150206', 'OKC'),
(1, 371, '20141028', 'NOP'),
(801, 371, '20150220', 'ORL'),
(589, 372, '20150116', 'PHI'),
(669, 372, '20150126', 'NOP'),
(469, 373, '20141230', 'NOP'),
(1017, 373, '20150319', 'PHX'),
(1182, 373, '20150410', 'NOP'),
(2450, 373, '20151122', 'NOP'),
(153, 374, '20141117', 'POR'),
(394, 374, '20141220', 'NOP'),
(1145, 374, '20150404', 'POR'),
(158, 375, '20141118', 'SAC'),
(208, 375, '20141125', 'NOP'),
(1082, 375, '20150327', 'NOP'),
(1134, 375, '20150403', 'SAC'),
(89, 376, '20141108', 'SAS'),
(437, 376, '20141226', 'NOP'),
(480, 376, '20141231', 'SAS'),
(608, 377, '20150118', 'TOR'),
(831, 377, '20150223', 'NOP'),
(192, 378, '20141122', 'UTA'),
(366, 378, '20141216', 'NOP'),
(778, 378, '20150209', 'NOP'),
(236, 379, '20141129', 'WSH'),
(515, 379, '20150105', 'NOP'),
(229, 380, '20141128', 'OKC'),
(686, 380, '20150128', 'NYK'),
(113, 381, '20141112', 'NYK'),
(645, 381, '20150123', 'NYK'),
(786, 381, '20150211', 'ORL'),
(1187, 381, '20150411', 'ORL'),
(187, 382, '20141122', 'NYK'),
(627, 382, '20150121', 'PHI'),
(1020, 382, '20150320', 'PHI'),
(1150, 382, '20150405', 'NYK'),
(393, 383, '20141220', 'NYK'),
(987, 383, '20150315', 'PHX'),
(299, 384, '20141207', 'NYK'),
(456, 384, '20141228', 'POR'),
(451, 385, '20141227', 'SAC'),
(888, 385, '20150303', 'NYK'),
(323, 386, '20141210', 'SAS'),
(1000, 386, '20150317', 'NYK'),
(353, 387, '20141214', 'NYK'),
(400, 387, '20141221', 'TOR'),
(870, 387, '20150228', 'NYK'),
(1040, 387, '20150322', 'TOR'),
(126, 388, '20141114', 'NYK'),
(949, 388, '20150310', 'UTA'),
(51, 389, '20141104', 'NYK'),
(427, 389, '20141225', 'NYK'),
(525, 389, '20150107', 'WSH'),
(1127, 389, '20150403', 'WSH'),
(609, 390, '20150118', 'ORL'),
(721, 390, '20150202', 'OKC'),
(2437, 390, '20151030', 'ORL'),
(277, 391, '20141205', 'PHI'),
(903, 391, '20150304', 'OKC'),
(352, 392, '20141214', 'OKC'),
(481, 392, '20141231', 'OKC'),
(853, 392, '20150226', 'PHX'),
(1099, 392, '20150329', 'PHX'),
(15, 393, '20141029', 'POR'),
(424, 393, '20141223', 'OKC'),
(867, 393, '20150227', 'POR'),
(1209, 393, '20150413', 'OKC'),
(92, 394, '20141109', 'OKC'),
(368, 394, '20141216', 'SAC'),
(532, 394, '20150107', 'SAC'),
(1183, 394, '20150410', 'OKC'),
(428, 395, '20141225', 'SAS'),
(1070, 395, '20150325', 'SAS'),
(1157, 395, '20150407', 'OKC'),
(52, 396, '20141104', 'TOR'),
(935, 396, '20150308', 'OKC'),
(157, 397, '20141118', 'UTA'),
(219, 397, '20141126', 'OKC'),
(542, 397, '20150109', 'OKC'),
(1089, 397, '20150328', 'UTA'),
(2472, 397, '20151123', 'UTA'),
(489, 398, '20150102', 'OKC'),
(633, 398, '20150121', 'WSH'),
(58, 399, '20141105', 'PHI'),
(405, 399, '20141221', 'ORL'),
(823, 399, '20150222', 'ORL'),
(246, 400, '20141130', 'PHX'),
(896, 400, '20150304', 'ORL'),
(557, 401, '20150110', 'POR'),
(1019, 401, '20150320', 'ORL'),
(292, 402, '20141206', 'SAC'),
(912, 402, '20150306', 'ORL'),
(737, 403, '20150204', 'SAS'),
(1112, 403, '20150401', 'ORL'),
(29, 404, '20141101', 'ORL'),
(103, 404, '20141111', 'TOR'),
(359, 404, '20141215', 'TOR'),
(1175, 404, '20150410', 'ORL'),
(286, 405, '20141205', 'UTA'),
(383, 405, '20141219', 'ORL'),
(16, 406, '20141030', 'ORL'),
(132, 406, '20141115', 'WSH'),
(318, 406, '20141210', 'ORL'),
(774, 406, '20150209', 'WSH'),
(173, 407, '20141121', 'PHI'),
(491, 407, '20150102', 'PHX'),
(200, 408, '20141124', 'PHI'),
(441, 408, '20141226', 'POR'),
(967, 409, '20150313', 'PHI'),
(1057, 409, '20150324', 'SAC'),
(152, 410, '20141117', 'SAS'),
(249, 410, '20141201', 'PHI'),
(93, 411, '20141109', 'TOR'),
(578, 411, '20150114', 'TOR'),
(641, 411, '20150123', 'PHI'),
(883, 411, '20150302', 'PHI'),
(450, 412, '20141227', 'UTA'),
(913, 412, '20150306', 'PHI'),
(2438, 412, '20151030', 'PHI'),
(612, 413, '20150119', 'WSH'),
(855, 413, '20150227', 'PHI'),
(1113, 413, '20150401', 'WSH'),
(1162, 413, '20150408', 'PHI'),
(634, 414, '20150121', 'PHX'),
(743, 414, '20150205', 'POR'),
(1085, 414, '20150327', 'PHX'),
(1106, 414, '20150330', 'POR'),
(2447, 414, '20151030', 'PHX'),
(79, 415, '20141107', 'PHX'),
(442, 415, '20141226', 'SAC'),
(771, 415, '20150208', 'SAC'),
(1071, 415, '20150325', 'PHX'),
(24, 416, '20141031', 'PHX'),
(545, 416, '20150109', 'SAS'),
(873, 416, '20150228', 'PHX'),
(1200, 416, '20150412', 'SAS'),
(2471, 416, '20151123', 'SAS'),
(201, 417, '20141124', 'TOR'),
(507, 417, '20150104', 'PHX'),
(37, 418, '20141101', 'UTA'),
(754, 418, '20150206', 'PHX'),
(1144, 418, '20150404', 'PHX'),
(406, 419, '20141221', 'WSH'),
(689, 419, '20150128', 'PHX'),
(25, 420, '20141031', 'SAC'),
(621, 420, '20150119', 'POR'),
(877, 420, '20150301', 'SAC'),
(361, 421, '20141215', 'POR'),
(390, 421, '20141219', 'SAS'),
(595, 421, '20150116', 'SAS'),
(851, 421, '20150225', 'POR'),
(473, 422, '20141230', 'POR'),
(986, 422, '20150315', 'TOR'),
(727, 423, '20150203', 'POR'),
(810, 423, '20150220', 'UTA'),
(1069, 423, '20150325', 'UTA'),
(1191, 423, '20150411', 'POR'),
(656, 424, '20150124', 'POR'),
(990, 424, '20150316', 'WSH'),
(139, 425, '20141115', 'SAC'),
(231, 425, '20141128', 'SAS'),
(865, 425, '20150227', 'SAC'),
(905, 425, '20150304', 'SAS'),
(261, 426, '20141202', 'SAC'),
(681, 426, '20150128', 'TOR'),
(306, 427, '20141208', 'SAC'),
(762, 427, '20150207', 'UTA'),
(1151, 427, '20150405', 'SAC'),
(1170, 427, '20150408', 'UTA'),
(976, 428, '20150314', 'WSH'),
(1041, 428, '20150322', 'SAC'),
(770, 429, '20150208', 'TOR'),
(948, 429, '20150310', 'SAS'),
(314, 430, '20141209', 'UTA'),
(610, 430, '20150118', 'SAS'),
(834, 430, '20150223', 'UTA'),
(499, 431, '20150103', 'SAS'),
(569, 431, '20150113', 'WSH'),
(134, 432, '20141115', 'TOR'),
(271, 432, '20141203', 'UTA'),
(77, 433, '20141107', 'TOR'),
(705, 433, '20150131', 'WSH'),
(789, 433, '20150211', 'TOR');


INSERT INTO teamstats (gameID, teamID, pts, reb, ORB, DRB, ast, stl, bs, tov, pf, fga, fgm, threepa, threepm, fta, ftm) VALUES
(1, 'NOP', 101, 62, 26, 36, 20, 10, 17, 9, 17, 101, 41, 17, 4, 31, 15),
(1, 'ORL', 84, 56, 16, 40, 17, 5, 9, 18, 25, 84, 32, 11, 4, 21, 16),
(2, 'DAL', 100, 33, 9, 24, 17, 9, 3, 10, 20, 78, 38, 21, 8, 19, 16),
(2, 'SAS', 101, 38, 9, 29, 23, 5, 3, 20, 20, 70, 37, 28, 14, 16, 13),
(3, 'HOU', 108, 47, 14, 33, 22, 7, 3, 13, 30, 73, 31, 29, 12, 50, 34),
(3, 'LAL', 90, 36, 11, 25, 16, 7, 3, 11, 32, 79, 28, 10, 3, 39, 31),
(4, 'CHA', 108, 50, 15, 35, 27, 8, 9, 10, 20, 101, 41, 21, 6, 29, 20),
(4, 'MIL', 106, 35, 3, 32, 25, 9, 10, 14, 25, 80, 39, 14, 7, 24, 21),
(5, 'IND', 103, 50, 14, 36, 22, 5, 13, 17, 24, 81, 38, 25, 8, 28, 19),
(5, 'PHI', 91, 42, 15, 27, 17, 10, 5, 11, 29, 89, 34, 21, 6, 30, 17),
(6, 'BKN', 105, 39, 9, 30, 20, 6, 7, 20, 21, 80, 39, 19, 7, 26, 20),
(6, 'BOS', 121, 35, 9, 26, 28, 11, 5, 12, 25, 88, 49, 22, 8, 23, 15),
(7, 'MIA', 107, 44, 12, 32, 20, 9, 3, 14, 17, 81, 39, 28, 9, 23, 20),
(7, 'WSH', 95, 36, 7, 29, 20, 7, 2, 14, 20, 75, 36, 19, 6, 24, 17),
(8, 'ATL', 102, 42, 10, 32, 26, 6, 8, 17, 24, 80, 40, 22, 13, 17, 9),
(8, 'TOR', 109, 48, 16, 32, 26, 13, 9, 9, 22, 90, 37, 26, 8, 33, 27),
(9, 'MEM', 105, 33, 10, 23, 21, 10, 5, 17, 21, 82, 43, 15, 4, 20, 15),
(9, 'MIN', 101, 47, 19, 28, 20, 8, 4, 23, 21, 86, 39, 12, 6, 23, 17),
(10, 'CHI', 104, 47, 10, 37, 21, 9, 4, 15, 18, 71, 36, 24, 7, 30, 25),
(10, 'NYK', 80, 38, 14, 24, 19, 9, 5, 11, 22, 85, 31, 17, 3, 17, 15),
(11, 'DEN', 89, 51, 14, 37, 17, 7, 4, 15, 21, 85, 30, 24, 6, 31, 23),
(11, 'DET', 79, 45, 8, 37, 15, 4, 5, 15, 27, 84, 31, 26, 6, 19, 11),
(12, 'HOU', 104, 35, 8, 27, 18, 7, 6, 18, 23, 77, 40, 27, 14, 14, 10),
(12, 'UTA', 93, 34, 13, 21, 16, 8, 6, 13, 16, 81, 38, 18, 3, 17, 14),
(13, 'LAL', 99, 38, 12, 26, 20, 9, 3, 13, 18, 86, 37, 13, 4, 25, 21),
(13, 'PHX', 119, 40, 9, 31, 23, 5, 3, 14, 25, 82, 45, 32, 16, 18, 13),
(14, 'GSW', 95, 44, 7, 37, 21, 12, 8, 22, 32, 75, 33, 27, 6, 32, 23),
(14, 'SAC', 77, 50, 15, 35, 13, 11, 3, 26, 26, 78, 24, 18, 3, 35, 26),
(15, 'OKC', 89, 43, 14, 29, 19, 9, 5, 13, 28, 81, 33, 16, 2, 26, 21),
(15, 'POR', 106, 42, 13, 29, 23, 4, 9, 10, 19, 87, 39, 29, 11, 22, 17),
(16, 'ORL', 98, 33, 3, 30, 20, 4, 1, 18, 23, 72, 37, 15, 6, 24, 18),
(16, 'WSH', 105, 37, 6, 31, 22, 10, 0, 12, 25, 80, 39, 13, 7, 26, 20),
(17, 'DET', 91, 46, 14, 32, 20, 3, 5, 12, 24, 91, 38, 21, 7, 13, 8),
(17, 'MIN', 97, 43, 10, 33, 18, 8, 3, 12, 21, 76, 37, 10, 4, 28, 19),
(18, 'CLE', 90, 33, 11, 22, 22, 5, 2, 19, 15, 70, 32, 24, 9, 20, 17),
(18, 'NYK', 95, 35, 9, 26, 30, 9, 1, 15, 26, 69, 37, 12, 6, 18, 15),
(19, 'DAL', 120, 44, 13, 31, 25, 8, 5, 9, 15, 85, 47, 21, 8, 23, 18),
(19, 'UTA', 102, 40, 15, 25, 22, 6, 0, 16, 21, 83, 36, 35, 14, 18, 16),
(20, 'LAC', 93, 33, 14, 19, 17, 10, 4, 11, 27, 87, 34, 30, 7, 25, 18),
(20, 'OKC', 90, 47, 8, 39, 23, 5, 2, 22, 27, 65, 28, 21, 6, 34, 28),
(21, 'IND', 89, 46, 11, 35, 19, 5, 3, 18, 15, 74, 34, 21, 8, 16, 13),
(21, 'MEM', 97, 40, 11, 29, 20, 11, 2, 9, 21, 79, 35, 19, 7, 27, 20),
(22, 'CHI', 108, 42, 11, 31, 25, 4, 14, 19, 28, 90, 41, 31, 13, 17, 13),
(22, 'CLE', 114, 52, 20, 32, 18, 8, 4, 9, 18, 104, 41, 15, 3, 33, 29),
(23, 'MIL', 93, 55, 15, 40, 25, 10, 11, 18, 19, 88, 36, 24, 9, 21, 12),
(23, 'PHI', 81, 42, 12, 30, 20, 9, 5, 16, 18, 86, 32, 23, 5, 22, 12),
(24, 'PHX', 94, 50, 12, 38, 15, 2, 5, 7, 21, 87, 35, 18, 2, 26, 22),
(24, 'SAS', 89, 45, 5, 40, 20, 3, 3, 12, 25, 78, 32, 25, 8, 23, 17),
(25, 'POR', 94, 38, 10, 28, 20, 5, 8, 10, 26, 83, 34, 26, 9, 19, 17),
(25, 'SAC', 103, 49, 14, 35, 14, 6, 2, 10, 24, 81, 34, 10, 4, 35, 31),
(26, 'LAC', 118, 36, 6, 30, 25, 6, 2, 14, 26, 71, 34, 33, 12, 44, 38),
(26, 'LAL', 111, 40, 9, 31, 24, 5, 2, 14, 35, 82, 42, 20, 7, 28, 20),
(27, 'DAL', 109, 44, 11, 33, 25, 4, 6, 12, 25, 89, 46, 25, 6, 19, 11),
(27, 'NOP', 104, 47, 14, 33, 24, 8, 4, 13, 19, 89, 38, 19, 7, 28, 21),
(28, 'CHA', 69, 44, 5, 39, 17, 10, 4, 20, 16, 72, 26, 14, 4, 18, 13),
(28, 'MEM', 71, 45, 9, 36, 16, 8, 0, 18, 22, 80, 29, 11, 3, 13, 10),
(29, 'ORL', 95, 40, 9, 31, 25, 3, 7, 14, 37, 81, 38, 20, 7, 24, 12),
(29, 'TOR', 108, 50, 15, 35, 13, 4, 4, 7, 21, 83, 33, 21, 4, 48, 38),
(30, 'MIA', 114, 35, 9, 26, 33, 16, 0, 16, 20, 83, 41, 24, 12, 29, 20),
(30, 'PHI', 96, 37, 4, 33, 28, 9, 10, 24, 21, 67, 35, 23, 7, 26, 19),
(31, 'MIL', 97, 42, 16, 26, 18, 11, 3, 27, 28, 80, 34, 22, 9, 24, 20),
(31, 'WSH', 108, 34, 6, 28, 28, 18, 5, 19, 21, 73, 40, 13, 4, 33, 24),
(32, 'ATL', 102, 37, 3, 34, 26, 10, 6, 12, 20, 69, 35, 20, 7, 33, 25),
(32, 'IND', 92, 44, 11, 33, 25, 5, 5, 18, 26, 81, 31, 32, 12, 21, 18),
(33, 'BKN', 102, 48, 12, 36, 18, 3, 3, 8, 23, 87, 42, 26, 7, 13, 11),
(33, 'DET', 90, 41, 10, 31, 21, 3, 3, 7, 15, 76, 32, 17, 1, 35, 25),
(34, 'BOS', 90, 44, 14, 30, 20, 10, 8, 10, 26, 98, 37, 25, 1, 18, 15),
(34, 'HOU', 104, 49, 10, 39, 20, 9, 8, 17, 24, 76, 32, 34, 12, 40, 28),
(35, 'CHI', 106, 38, 5, 33, 15, 3, 8, 14, 24, 69, 33, 23, 9, 40, 31),
(35, 'MIN', 105, 42, 13, 29, 26, 9, 4, 10, 29, 85, 38, 12, 4, 31, 25),
(36, 'DEN', 91, 41, 11, 30, 19, 4, 10, 17, 26, 80, 35, 26, 7, 20, 14),
(36, 'OKC', 102, 41, 6, 35, 24, 8, 6, 13, 20, 80, 37, 20, 6, 31, 22),
(37, 'PHX', 91, 34, 6, 28, 17, 8, 7, 11, 22, 87, 36, 31, 7, 15, 12),
(37, 'UTA', 118, 52, 13, 39, 19, 10, 6, 13, 15, 88, 42, 26, 7, 33, 27),
(38, 'GSW', 127, 43, 12, 31, 30, 10, 4, 20, 26, 83, 46, 23, 11, 28, 24),
(38, 'LAL', 104, 37, 17, 20, 21, 9, 3, 22, 27, 88, 41, 14, 4, 25, 18),
(39, 'LAC', 92, 35, 11, 24, 23, 10, 7, 8, 25, 88, 33, 31, 9, 21, 17),
(39, 'SAC', 98, 46, 9, 37, 21, 4, 11, 19, 22, 68, 34, 10, 3, 33, 27),
(40, 'MIA', 107, 43, 11, 32, 22, 6, 6, 16, 29, 70, 35, 24, 9, 38, 28),
(40, 'TOR', 102, 28, 9, 19, 11, 8, 5, 10, 28, 79, 37, 16, 4, 39, 24),
(41, 'CHA', 93, 38, 8, 30, 20, 7, 2, 12, 16, 70, 33, 15, 6, 29, 21),
(41, 'NYK', 96, 35, 8, 27, 23, 5, 0, 12, 26, 78, 39, 16, 8, 17, 10),
(42, 'GSW', 95, 41, 7, 34, 22, 11, 7, 17, 16, 81, 36, 19, 6, 21, 17),
(42, 'POR', 90, 56, 17, 39, 20, 9, 2, 19, 19, 92, 37, 27, 7, 14, 9),
(43, 'HOU', 104, 47, 13, 34, 27, 12, 6, 21, 20, 75, 32, 34, 16, 30, 24),
(43, 'PHI', 93, 31, 6, 25, 19, 12, 4, 17, 20, 74, 33, 22, 11, 23, 16),
(44, 'BKN', 116, 42, 9, 33, 25, 11, 3, 8, 21, 84, 44, 23, 11, 19, 17),
(44, 'OKC', 85, 44, 15, 29, 14, 3, 3, 17, 17, 82, 32, 23, 8, 21, 13),
(45, 'MEM', 93, 52, 9, 43, 19, 5, 6, 11, 24, 76, 31, 14, 4, 37, 27),
(45, 'NOP', 81, 49, 14, 35, 14, 5, 3, 12, 30, 86, 29, 24, 4, 29, 19),
(46, 'BOS', 113, 49, 22, 27, 29, 9, 6, 17, 21, 102, 45, 31, 11, 16, 12),
(46, 'DAL', 118, 36, 7, 29, 24, 5, 9, 17, 17, 82, 44, 25, 14, 20, 16),
(47, 'DEN', 105, 42, 15, 27, 22, 4, 7, 15, 35, 93, 36, 24, 5, 33, 28),
(47, 'SAC', 110, 50, 14, 36, 21, 8, 5, 15, 28, 81, 34, 9, 2, 47, 40),
(48, 'LAC', 107, 35, 5, 30, 28, 6, 6, 10, 17, 81, 41, 23, 10, 17, 15),
(48, 'UTA', 101, 43, 9, 34, 24, 4, 2, 17, 20, 77, 36, 27, 10, 24, 19),
(49, 'IND', 81, 47, 15, 32, 14, 4, 9, 17, 17, 78, 31, 24, 6, 22, 13),
(49, 'MIL', 87, 39, 9, 30, 20, 12, 5, 12, 22, 83, 37, 21, 7, 7, 6),
(50, 'HOU', 108, 38, 9, 29, 22, 8, 5, 16, 26, 68, 35, 37, 17, 27, 21),
(50, 'MIA', 91, 34, 13, 21, 16, 7, 2, 15, 21, 74, 31, 28, 12, 27, 17),
(51, 'NYK', 83, 43, 15, 28, 16, 5, 4, 18, 23, 81, 30, 15, 8, 19, 15),
(51, 'WSH', 98, 41, 10, 31, 26, 8, 4, 12, 25, 80, 39, 18, 8, 19, 12),
(52, 'OKC', 88, 41, 6, 35, 23, 4, 3, 19, 27, 65, 34, 21, 6, 25, 14),
(52, 'TOR', 100, 39, 12, 27, 23, 6, 3, 10, 24, 81, 32, 31, 8, 33, 28),
(53, 'CHI', 98, 44, 10, 34, 23, 6, 9, 12, 18, 75, 35, 15, 7, 27, 21),
(53, 'ORL', 90, 48, 14, 34, 21, 6, 6, 11, 22, 88, 38, 14, 6, 14, 8),
(54, 'CHA', 91, 34, 6, 28, 23, 6, 1, 12, 15, 80, 37, 21, 6, 13, 11),
(54, 'NOP', 100, 47, 11, 36, 26, 5, 6, 12, 19, 81, 38, 18, 5, 19, 19),
(55, 'CLE', 82, 41, 13, 28, 18, 5, 3, 14, 19, 85, 31, 21, 9, 14, 11),
(55, 'POR', 101, 48, 9, 39, 21, 7, 4, 11, 20, 75, 37, 25, 8, 25, 19),
(56, 'LAL', 106, 49, 18, 31, 16, 7, 8, 12, 25, 88, 35, 16, 6, 41, 30),
(56, 'PHX', 112, 52, 13, 39, 28, 6, 7, 13, 29, 91, 41, 18, 6, 31, 24),
(57, 'CHA', 96, 49, 13, 36, 23, 4, 9, 12, 24, 82, 35, 18, 5, 29, 21),
(57, 'MIA', 89, 36, 6, 30, 19, 6, 4, 8, 25, 77, 30, 22, 4, 31, 25),
(58, 'ORL', 91, 51, 14, 37, 14, 11, 3, 24, 20, 88, 39, 20, 3, 12, 10),
(58, 'PHI', 89, 38, 6, 32, 22, 12, 12, 20, 18, 77, 33, 25, 8, 23, 15),
(59, 'BOS', 107, 55, 17, 38, 22, 5, 3, 27, 25, 78, 40, 26, 10, 18, 17),
(59, 'TOR', 110, 24, 6, 18, 18, 11, 4, 7, 18, 87, 42, 16, 7, 23, 19),
(60, 'BKN', 91, 42, 7, 35, 17, 6, 5, 18, 22, 82, 36, 21, 8, 17, 11),
(60, 'MIN', 98, 51, 13, 38, 22, 9, 4, 11, 21, 90, 37, 17, 7, 22, 17),
(61, 'DET', 98, 55, 19, 36, 17, 5, 4, 8, 16, 87, 32, 23, 11, 33, 23),
(61, 'NYK', 95, 43, 11, 32, 25, 3, 9, 9, 23, 90, 39, 20, 9, 10, 8),
(62, 'CHI', 95, 42, 7, 35, 24, 8, 3, 16, 18, 73, 34, 16, 5, 30, 22),
(62, 'MIL', 86, 50, 18, 32, 19, 10, 3, 14, 28, 89, 33, 15, 3, 20, 17),
(63, 'IND', 94, 57, 14, 43, 22, 3, 9, 18, 27, 90, 35, 27, 8, 20, 16),
(63, 'WSH', 96, 43, 7, 36, 24, 7, 7, 12, 22, 91, 34, 17, 7, 23, 21),
(64, 'ATL', 92, 37, 10, 27, 26, 14, 5, 13, 25, 92, 38, 25, 8, 11, 8),
(64, 'SAS', 94, 50, 11, 39, 25, 7, 9, 19, 15, 69, 31, 17, 5, 38, 27),
(65, 'MEM', 102, 37, 8, 29, 25, 10, 1, 16, 21, 80, 40, 17, 9, 17, 13),
(65, 'PHX', 91, 35, 5, 30, 13, 11, 4, 18, 20, 69, 32, 21, 8, 21, 19),
(66, 'CLE', 100, 30, 7, 23, 6, 8, 4, 12, 22, 72, 30, 16, 6, 40, 34),
(66, 'UTA', 102, 41, 13, 28, 26, 3, 8, 12, 26, 77, 39, 21, 7, 22, 17),
(67, 'DEN', 109, 32, 7, 25, 24, 4, 5, 14, 37, 82, 37, 28, 9, 31, 26),
(67, 'SAC', 131, 40, 9, 31, 21, 8, 3, 13, 30, 76, 42, 20, 8, 50, 39),
(68, 'GSW', 121, 39, 4, 35, 29, 7, 3, 23, 22, 74, 43, 25, 15, 20, 20),
(68, 'LAC', 104, 30, 5, 25, 26, 12, 2, 14, 14, 82, 38, 19, 7, 27, 21),
(69, 'HOU', 98, 44, 8, 36, 18, 7, 6, 21, 20, 72, 34, 27, 10, 33, 20),
(69, 'SAS', 81, 41, 12, 29, 17, 12, 1, 14, 24, 90, 31, 20, 2, 19, 17),
(70, 'DAL', 87, 34, 8, 26, 14, 6, 4, 7, 17, 90, 33, 23, 5, 16, 16),
(70, 'POR', 108, 53, 12, 41, 25, 3, 6, 17, 21, 77, 40, 30, 12, 19, 16),
(71, 'ATL', 119, 38, 7, 31, 28, 8, 3, 19, 33, 93, 43, 33, 13, 26, 20),
(71, 'CHA', 122, 51, 11, 40, 31, 6, 7, 19, 30, 97, 48, 21, 6, 27, 20),
(72, 'MIN', 103, 38, 9, 29, 24, 9, 7, 12, 22, 93, 40, 18, 4, 25, 19),
(72, 'ORL', 112, 52, 12, 40, 19, 5, 6, 21, 27, 91, 46, 10, 5, 19, 15),
(73, 'CHI', 118, 40, 12, 28, 25, 4, 6, 17, 21, 78, 40, 24, 12, 34, 26),
(73, 'PHI', 115, 42, 17, 25, 29, 7, 2, 12, 29, 91, 43, 30, 12, 25, 17),
(74, 'BOS', 101, 38, 9, 29, 26, 6, 3, 12, 19, 85, 39, 27, 9, 16, 14),
(74, 'IND', 98, 42, 14, 28, 18, 2, 6, 13, 17, 88, 40, 19, 5, 13, 13),
(75, 'BKN', 110, 42, 7, 35, 18, 6, 6, 16, 24, 74, 38, 24, 14, 26, 20),
(75, 'NYK', 99, 43, 15, 28, 22, 7, 2, 14, 24, 90, 37, 19, 8, 21, 17),
(76, 'DET', 98, 40, 12, 28, 18, 7, 5, 18, 24, 75, 37, 23, 11, 24, 13),
(76, 'MIL', 95, 35, 9, 26, 26, 10, 6, 13, 19, 77, 36, 20, 5, 23, 18),
(77, 'TOR', 103, 49, 10, 39, 19, 5, 3, 13, 27, 80, 35, 22, 9, 31, 24),
(77, 'WSH', 84, 50, 16, 34, 19, 7, 5, 13, 29, 83, 30, 19, 3, 32, 21),
(78, 'MEM', 91, 38, 9, 29, 21, 10, 4, 8, 14, 81, 34, 18, 9, 17, 14),
(78, 'OKC', 89, 44, 10, 34, 16, 3, 1, 17, 18, 79, 37, 25, 12, 11, 3),
(79, 'PHX', 112, 42, 9, 33, 19, 7, 7, 12, 33, 98, 42, 31, 10, 25, 18),
(79, 'SAC', 114, 60, 13, 47, 16, 6, 4, 15, 27, 91, 39, 16, 3, 39, 33),
(80, 'DAL', 105, 42, 13, 29, 23, 12, 3, 8, 22, 88, 42, 24, 9, 14, 12),
(80, 'UTA', 82, 41, 9, 32, 19, 4, 6, 21, 17, 68, 29, 28, 9, 19, 15),
(81, 'CLE', 110, 42, 6, 36, 25, 5, 3, 8, 14, 84, 40, 23, 6, 33, 24),
(81, 'DEN', 101, 42, 8, 34, 22, 5, 5, 13, 22, 85, 40, 29, 11, 15, 10),
(82, 'LAC', 106, 37, 8, 29, 17, 8, 4, 7, 19, 81, 40, 12, 5, 30, 21),
(82, 'POR', 102, 43, 9, 34, 25, 2, 3, 16, 26, 80, 36, 25, 10, 25, 20),
(83, 'IND', 90, 38, 8, 30, 11, 5, 3, 18, 24, 77, 33, 24, 8, 25, 16),
(83, 'WSH', 97, 49, 13, 36, 23, 8, 4, 14, 25, 81, 39, 11, 2, 23, 17),
(84, 'ATL', 103, 41, 12, 29, 18, 10, 5, 8, 17, 81, 33, 22, 9, 36, 28),
(84, 'NYK', 96, 44, 13, 31, 26, 2, 6, 15, 29, 84, 40, 21, 8, 11, 8),
(85, 'MIA', 102, 40, 6, 34, 26, 8, 2, 14, 19, 78, 41, 13, 5, 17, 15),
(85, 'MIN', 92, 49, 17, 32, 13, 9, 2, 16, 17, 87, 35, 16, 4, 23, 18),
(86, 'BOS', 106, 45, 7, 38, 25, 6, 3, 12, 17, 81, 42, 19, 7, 20, 15),
(86, 'CHI', 101, 38, 11, 27, 26, 5, 2, 8, 16, 92, 42, 18, 8, 15, 9),
(87, 'GSW', 98, 54, 15, 39, 22, 11, 8, 26, 19, 87, 39, 28, 9, 17, 11),
(87, 'HOU', 87, 46, 16, 30, 13, 14, 0, 22, 17, 86, 30, 42, 10, 21, 17),
(88, 'MEM', 92, 40, 15, 25, 15, 9, 2, 13, 18, 82, 29, 14, 3, 34, 31),
(88, 'MIL', 93, 43, 16, 27, 24, 7, 4, 16, 24, 88, 40, 18, 5, 11, 8),
(89, 'NOP', 100, 30, 6, 24, 22, 11, 9, 11, 20, 85, 40, 21, 8, 14, 12),
(89, 'SAS', 99, 49, 17, 32, 15, 4, 7, 18, 17, 80, 36, 18, 5, 29, 22),
(90, 'BKN', 104, 45, 14, 31, 23, 10, 5, 14, 21, 83, 40, 14, 4, 23, 20),
(90, 'ORL', 96, 31, 5, 26, 25, 7, 2, 17, 24, 75, 39, 15, 8, 16, 10),
(91, 'DET', 96, 51, 18, 33, 19, 6, 2, 11, 22, 93, 36, 23, 6, 25, 18),
(91, 'UTA', 97, 43, 9, 34, 20, 7, 2, 11, 18, 72, 33, 15, 6, 35, 25),
(92, 'OKC', 101, 40, 11, 29, 16, 5, 6, 14, 22, 78, 36, 18, 6, 27, 23),
(92, 'SAC', 93, 37, 9, 28, 23, 11, 2, 10, 24, 80, 36, 24, 6, 22, 15),
(93, 'PHI', 88, 31, 11, 20, 19, 11, 6, 17, 23, 87, 33, 34, 10, 18, 12),
(93, 'TOR', 120, 39, 4, 35, 23, 12, 8, 20, 17, 76, 43, 17, 7, 30, 27),
(94, 'DAL', 96, 41, 15, 26, 22, 8, 7, 13, 15, 83, 35, 29, 9, 24, 17),
(94, 'MIA', 105, 38, 6, 32, 31, 7, 3, 13, 23, 76, 42, 23, 9, 20, 12),
(95, 'GSW', 95, 36, 3, 33, 16, 9, 7, 26, 26, 69, 33, 24, 11, 21, 18),
(95, 'PHX', 107, 39, 9, 30, 17, 9, 2, 21, 19, 79, 34, 30, 12, 33, 27),
(96, 'DEN', 100, 55, 18, 37, 14, 5, 7, 15, 22, 91, 36, 13, 5, 30, 23),
(96, 'POR', 116, 51, 16, 35, 27, 7, 11, 10, 21, 100, 45, 31, 16, 14, 10),
(97, 'CHA', 92, 39, 12, 27, 15, 5, 0, 11, 18, 79, 35, 14, 3, 27, 19),
(97, 'LAL', 107, 38, 8, 30, 28, 8, 2, 11, 23, 82, 42, 17, 6, 22, 17),
(98, 'CLE', 118, 45, 12, 33, 26, 3, 5, 9, 13, 81, 40, 27, 13, 30, 25),
(98, 'NOP', 111, 40, 14, 26, 31, 8, 5, 5, 20, 93, 41, 27, 12, 20, 17),
(99, 'IND', 97, 44, 13, 31, 16, 3, 3, 7, 19, 90, 39, 15, 6, 15, 13),
(99, 'UTA', 86, 37, 5, 32, 18, 5, 6, 11, 18, 74, 32, 21, 6, 21, 16),
(100, 'ATL', 91, 38, 9, 29, 20, 7, 3, 15, 16, 71, 27, 27, 10, 28, 27),
(100, 'NYK', 85, 40, 11, 29, 23, 4, 2, 15, 26, 83, 36, 26, 6, 12, 7),
(101, 'CHI', 102, 49, 9, 40, 22, 6, 8, 10, 19, 88, 39, 20, 7, 20, 17),
(101, 'DET', 91, 46, 9, 37, 19, 5, 6, 15, 21, 80, 34, 14, 7, 25, 16),
(102, 'LAC', 85, 44, 8, 36, 26, 6, 8, 15, 20, 74, 33, 22, 5, 17, 14),
(102, 'SAS', 89, 39, 10, 29, 20, 11, 4, 8, 17, 83, 33, 19, 2, 27, 21),
(103, 'ORL', 100, 39, 6, 33, 26, 8, 5, 16, 24, 81, 39, 25, 12, 16, 10),
(103, 'TOR', 104, 40, 5, 35, 16, 9, 1, 12, 17, 77, 35, 21, 9, 30, 25),
(104, 'LAL', 102, 38, 15, 23, 22, 8, 6, 13, 22, 87, 41, 22, 7, 17, 13),
(104, 'MEM', 107, 38, 12, 26, 21, 8, 2, 13, 18, 78, 41, 11, 4, 26, 21),
(105, 'MIL', 85, 51, 14, 37, 18, 5, 6, 16, 22, 81, 33, 15, 3, 24, 16),
(105, 'OKC', 78, 46, 13, 33, 15, 6, 5, 15, 22, 87, 29, 20, 6, 19, 14),
(106, 'DAL', 106, 33, 9, 24, 23, 8, 8, 11, 29, 80, 38, 27, 10, 24, 20),
(106, 'SAC', 98, 43, 12, 31, 17, 5, 1, 20, 32, 72, 32, 19, 9, 32, 25),
(107, 'CHA', 100, 38, 6, 32, 16, 5, 3, 13, 16, 75, 35, 16, 7, 27, 23),
(107, 'POR', 102, 48, 15, 33, 25, 6, 4, 12, 21, 93, 40, 25, 8, 16, 14),
(108, 'GSW', 100, 38, 1, 37, 23, 5, 4, 19, 16, 70, 38, 20, 7, 20, 17),
(108, 'SAS', 113, 36, 8, 28, 28, 9, 1, 8, 19, 93, 46, 25, 10, 15, 11),
(109, 'DET', 103, 39, 7, 32, 19, 5, 6, 13, 25, 81, 38, 22, 9, 22, 18),
(109, 'WSH', 107, 46, 11, 35, 27, 10, 6, 11, 22, 83, 40, 11, 3, 33, 24),
(110, 'ATL', 100, 46, 13, 33, 23, 8, 4, 18, 12, 76, 39, 20, 9, 18, 13),
(110, 'UTA', 97, 30, 8, 22, 28, 12, 8, 11, 17, 86, 43, 23, 5, 12, 6),
(111, 'BOS', 94, 35, 7, 28, 28, 5, 3, 8, 20, 83, 37, 33, 9, 13, 11),
(111, 'OKC', 109, 41, 8, 33, 23, 1, 3, 8, 13, 82, 40, 24, 10, 22, 19),
(112, 'IND', 81, 53, 16, 37, 13, 5, 5, 15, 17, 80, 30, 26, 8, 15, 13),
(112, 'MIA', 75, 28, 6, 22, 18, 11, 5, 9, 18, 68, 29, 20, 9, 18, 8),
(113, 'NYK', 95, 40, 11, 29, 17, 2, 6, 7, 27, 86, 37, 23, 8, 14, 13),
(113, 'ORL', 97, 37, 4, 33, 20, 4, 1, 10, 19, 70, 33, 12, 6, 32, 25),
(114, 'LAL', 102, 38, 11, 27, 15, 8, 5, 9, 14, 84, 35, 21, 7, 32, 25),
(114, 'NOP', 109, 44, 8, 36, 27, 3, 12, 13, 24, 82, 45, 19, 8, 18, 11),
(115, 'DEN', 113, 47, 15, 32, 21, 10, 2, 12, 24, 90, 39, 23, 8, 33, 27),
(115, 'POR', 130, 46, 12, 34, 30, 7, 9, 14, 21, 88, 45, 33, 16, 29, 24),
(116, 'BKN', 104, 37, 8, 29, 17, 9, 4, 19, 25, 74, 35, 21, 9, 32, 25),
(116, 'PHX', 112, 44, 12, 32, 20, 10, 2, 20, 22, 81, 39, 24, 8, 29, 26),
(117, 'HOU', 113, 40, 13, 27, 25, 7, 7, 13, 29, 89, 43, 28, 13, 19, 14),
(117, 'MIN', 101, 41, 9, 32, 22, 6, 6, 13, 17, 81, 36, 12, 6, 30, 23),
(118, 'MEM', 111, 30, 8, 22, 24, 9, 4, 9, 25, 77, 39, 9, 6, 34, 27),
(118, 'SAC', 110, 44, 13, 31, 12, 6, 5, 14, 26, 77, 37, 13, 7, 34, 29),
(119, 'CHI', 100, 48, 13, 35, 26, 7, 7, 19, 18, 77, 37, 15, 4, 32, 22),
(119, 'TOR', 93, 38, 13, 25, 17, 11, 7, 14, 28, 89, 35, 25, 8, 21, 15),
(120, 'DAL', 123, 51, 9, 42, 33, 14, 5, 15, 25, 80, 41, 32, 11, 36, 30),
(120, 'PHI', 70, 46, 18, 28, 9, 7, 4, 27, 24, 77, 23, 27, 7, 33, 17),
(121, 'BKN', 99, 41, 7, 34, 19, 5, 2, 12, 22, 89, 39, 16, 3, 20, 18),
(121, 'GSW', 107, 45, 14, 31, 30, 7, 10, 10, 16, 90, 41, 34, 11, 21, 14),
(122, 'DEN', 108, 46, 13, 33, 20, 8, 5, 8, 25, 87, 43, 23, 8, 25, 14),
(122, 'IND', 87, 42, 11, 31, 17, 2, 7, 13, 19, 84, 34, 22, 8, 22, 11),
(123, 'MIL', 85, 38, 5, 33, 19, 8, 4, 16, 25, 80, 36, 19, 2, 14, 11),
(123, 'ORL', 101, 45, 10, 35, 22, 7, 3, 15, 15, 80, 35, 24, 10, 27, 21),
(124, 'ATL', 114, 36, 3, 33, 33, 10, 5, 13, 20, 75, 42, 28, 11, 23, 19),
(124, 'MIA', 103, 32, 5, 27, 27, 10, 3, 14, 20, 74, 35, 21, 10, 25, 23),
(125, 'BOS', 121, 39, 8, 31, 32, 7, 1, 14, 26, 88, 48, 20, 6, 23, 19),
(125, 'CLE', 122, 40, 8, 32, 22, 5, 5, 11, 21, 85, 43, 23, 8, 37, 28),
(126, 'NYK', 100, 31, 7, 24, 15, 12, 1, 8, 26, 82, 39, 8, 5, 20, 17),
(126, 'UTA', 102, 39, 11, 28, 25, 6, 8, 18, 20, 70, 36, 22, 10, 25, 20),
(127, 'HOU', 88, 47, 13, 34, 16, 17, 11, 21, 25, 78, 29, 34, 7, 37, 23),
(127, 'PHI', 87, 46, 14, 32, 19, 10, 5, 23, 28, 80, 34, 21, 7, 18, 12),
(128, 'MIN', 91, 37, 11, 26, 13, 5, 3, 22, 17, 72, 29, 14, 3, 41, 30),
(128, 'NOP', 139, 34, 3, 31, 31, 13, 3, 13, 30, 84, 56, 20, 15, 16, 12),
(129, 'DET', 96, 55, 14, 41, 18, 8, 5, 16, 17, 89, 38, 31, 11, 15, 9),
(129, 'OKC', 89, 42, 10, 32, 23, 9, 7, 14, 23, 96, 38, 36, 12, 6, 1),
(130, 'CHA', 103, 46, 14, 32, 21, 5, 3, 7, 15, 91, 39, 16, 7, 19, 18),
(130, 'PHX', 95, 45, 11, 34, 16, 3, 6, 11, 23, 86, 37, 29, 8, 14, 13),
(131, 'LAL', 80, 46, 11, 35, 17, 6, 5, 13, 13, 75, 28, 12, 2, 31, 22),
(131, 'SAS', 93, 44, 7, 37, 28, 9, 2, 10, 23, 80, 33, 23, 10, 20, 17),
(132, 'ORL', 93, 40, 9, 31, 14, 5, 2, 15, 21, 78, 37, 17, 7, 18, 12),
(132, 'WSH', 98, 40, 9, 31, 31, 5, 8, 11, 16, 84, 42, 10, 3, 16, 11),
(133, 'ATL', 94, 37, 11, 26, 26, 6, 8, 18, 12, 90, 40, 22, 3, 13, 11),
(133, 'CLE', 127, 47, 12, 35, 39, 12, 2, 13, 14, 90, 49, 31, 19, 13, 10),
(134, 'TOR', 111, 42, 13, 29, 15, 6, 5, 8, 19, 84, 43, 21, 8, 23, 17),
(134, 'UTA', 93, 38, 10, 28, 22, 5, 3, 11, 21, 75, 33, 16, 5, 30, 22),
(135, 'CHI', 90, 34, 10, 24, 18, 6, 7, 13, 19, 83, 35, 17, 4, 23, 16),
(135, 'IND', 99, 46, 10, 36, 18, 5, 6, 14, 22, 77, 37, 18, 7, 25, 18),
(136, 'DET', 88, 43, 9, 34, 15, 4, 6, 9, 22, 82, 34, 26, 10, 17, 10),
(136, 'MEM', 95, 53, 18, 35, 18, 5, 4, 8, 18, 86, 32, 15, 4, 33, 27),
(137, 'DAL', 131, 40, 12, 28, 31, 5, 10, 7, 24, 94, 52, 26, 8, 23, 19),
(137, 'MIN', 117, 41, 12, 29, 24, 2, 2, 17, 30, 86, 43, 17, 7, 29, 24),
(138, 'BKN', 87, 43, 12, 31, 15, 7, 2, 9, 24, 89, 35, 19, 1, 17, 16),
(138, 'POR', 97, 47, 13, 34, 26, 6, 3, 14, 16, 78, 33, 26, 11, 27, 20),
(139, 'SAC', 94, 42, 8, 34, 19, 5, 6, 9, 18, 86, 37, 12, 0, 24, 20),
(139, 'SAS', 91, 38, 7, 31, 24, 6, 8, 14, 25, 80, 34, 24, 7, 18, 16),
(140, 'CHA', 87, 41, 10, 31, 14, 5, 2, 12, 13, 84, 32, 17, 7, 28, 16),
(140, 'GSW', 112, 51, 11, 40, 30, 7, 3, 14, 25, 87, 45, 26, 11, 14, 11),
(141, 'LAC', 120, 47, 4, 43, 24, 5, 12, 20, 26, 68, 36, 29, 14, 43, 34),
(141, 'PHX', 107, 43, 16, 27, 26, 9, 3, 10, 30, 99, 38, 30, 11, 23, 20),
(142, 'DEN', 93, 39, 10, 29, 20, 9, 0, 17, 21, 82, 32, 34, 13, 26, 16),
(142, 'NYK', 109, 43, 8, 35, 16, 9, 3, 15, 22, 76, 41, 14, 6, 27, 21),
(143, 'MIA', 84, 40, 6, 34, 19, 10, 6, 17, 20, 73, 30, 25, 11, 22, 13),
(143, 'MIL', 91, 40, 5, 35, 16, 11, 1, 16, 24, 74, 35, 18, 5, 26, 16),
(144, 'HOU', 69, 54, 22, 32, 11, 5, 6, 14, 23, 80, 23, 35, 7, 30, 16),
(144, 'OKC', 65, 45, 11, 34, 14, 6, 15, 15, 30, 68, 20, 19, 3, 28, 22),
(145, 'GSW', 136, 51, 11, 40, 32, 4, 5, 16, 26, 86, 46, 28, 14, 34, 30),
(145, 'LAL', 115, 48, 20, 28, 17, 9, 4, 7, 27, 99, 39, 16, 3, 43, 34),
(146, 'CHA', 80, 35, 7, 28, 22, 1, 3, 11, 17, 80, 32, 22, 10, 13, 6),
(146, 'DAL', 107, 50, 10, 40, 32, 7, 4, 7, 18, 84, 43, 28, 10, 16, 11),
(147, 'CLE', 97, 42, 9, 33, 18, 7, 8, 15, 15, 79, 34, 29, 10, 23, 19),
(147, 'DEN', 106, 39, 9, 30, 25, 10, 4, 15, 18, 85, 41, 31, 12, 15, 12),
(148, 'BOS', 114, 44, 11, 33, 28, 10, 4, 18, 19, 87, 45, 10, 4, 31, 20),
(148, 'PHX', 118, 40, 8, 32, 30, 11, 2, 18, 23, 93, 48, 21, 9, 16, 13),
(149, 'BKN', 83, 35, 11, 24, 18, 10, 5, 12, 19, 70, 29, 23, 9, 26, 16),
(149, 'MIA', 95, 41, 10, 31, 19, 6, 2, 14, 24, 72, 31, 27, 9, 27, 24),
(150, 'DET', 93, 41, 10, 31, 17, 5, 4, 14, 19, 80, 32, 24, 11, 24, 18),
(150, 'ORL', 107, 39, 6, 33, 33, 9, 2, 11, 21, 79, 41, 26, 13, 15, 12),
(151, 'HOU', 93, 35, 10, 25, 24, 6, 4, 21, 19, 78, 34, 34, 8, 21, 17),
(151, 'MEM', 119, 38, 10, 28, 27, 14, 5, 10, 19, 86, 46, 17, 7, 22, 20),
(152, 'PHI', 75, 39, 5, 34, 15, 11, 4, 13, 18, 83, 27, 26, 4, 24, 17),
(152, 'SAS', 100, 52, 6, 46, 27, 9, 8, 17, 17, 81, 36, 26, 10, 21, 18),
(153, 'NOP', 93, 41, 13, 28, 16, 11, 4, 11, 23, 85, 38, 19, 5, 19, 12),
(153, 'POR', 102, 43, 10, 33, 20, 7, 1, 18, 21, 76, 38, 19, 7, 23, 19),
(154, 'CHI', 105, 45, 9, 36, 28, 7, 2, 8, 24, 80, 39, 26, 10, 25, 17),
(154, 'LAC', 89, 40, 9, 31, 20, 2, 5, 12, 21, 81, 36, 23, 7, 22, 10),
(155, 'ATL', 109, 38, 13, 25, 22, 7, 3, 10, 17, 85, 41, 27, 9, 23, 18),
(155, 'LAL', 114, 44, 13, 31, 24, 7, 0, 11, 24, 87, 47, 17, 6, 22, 14),
(156, 'MIL', 117, 44, 17, 27, 30, 5, 0, 16, 24, 78, 43, 17, 9, 27, 22),
(156, 'NYK', 113, 28, 11, 17, 30, 9, 3, 12, 22, 80, 44, 25, 11, 19, 14),
(157, 'OKC', 81, 44, 12, 32, 17, 8, 6, 13, 22, 84, 30, 23, 8, 19, 13),
(157, 'UTA', 98, 55, 12, 43, 22, 8, 4, 13, 17, 81, 35, 24, 10, 26, 18),
(158, 'NOP', 106, 32, 4, 28, 21, 6, 6, 6, 25, 79, 39, 24, 9, 24, 19),
(158, 'SAC', 100, 52, 17, 35, 23, 3, 2, 15, 15, 86, 38, 11, 4, 29, 20),
(159, 'CLE', 90, 38, 10, 28, 23, 7, 5, 16, 21, 83, 37, 18, 7, 13, 9),
(159, 'SAS', 92, 42, 10, 32, 26, 11, 4, 15, 20, 74, 35, 16, 5, 25, 17),
(160, 'CHA', 86, 41, 12, 29, 18, 6, 6, 5, 21, 86, 37, 14, 5, 12, 7),
(160, 'IND', 88, 51, 14, 37, 15, 3, 3, 11, 13, 78, 35, 15, 2, 24, 16),
(161, 'LAC', 114, 39, 2, 37, 24, 8, 9, 7, 19, 84, 45, 21, 12, 16, 12),
(161, 'ORL', 90, 48, 11, 37, 21, 5, 1, 13, 17, 86, 34, 24, 8, 18, 14),
(162, 'BOS', 101, 44, 7, 37, 32, 11, 4, 15, 19, 83, 41, 20, 6, 21, 13),
(162, 'PHI', 90, 44, 9, 35, 22, 10, 2, 15, 20, 86, 34, 21, 7, 21, 15),
(163, 'DAL', 105, 44, 10, 34, 18, 5, 5, 12, 19, 82, 34, 28, 12, 29, 25),
(163, 'WSH', 102, 42, 9, 33, 25, 8, 3, 13, 27, 84, 37, 22, 10, 21, 18),
(164, 'BKN', 118, 49, 10, 39, 26, 7, 6, 20, 25, 92, 44, 31, 9, 29, 21),
(164, 'MIL', 122, 51, 16, 35, 23, 12, 4, 13, 28, 108, 48, 24, 5, 28, 21),
(165, 'DET', 86, 43, 15, 28, 21, 9, 1, 14, 16, 87, 33, 25, 7, 19, 13),
(165, 'PHX', 88, 41, 5, 36, 21, 10, 4, 17, 22, 75, 37, 15, 4, 13, 10),
(166, 'MEM', 92, 50, 15, 35, 16, 8, 4, 13, 16, 80, 35, 10, 3, 26, 19),
(166, 'TOR', 96, 35, 7, 28, 24, 9, 6, 8, 20, 83, 38, 26, 9, 13, 11),
(167, 'MIN', 115, 35, 15, 20, 26, 15, 2, 14, 23, 89, 44, 22, 11, 22, 16),
(167, 'NYK', 99, 33, 8, 25, 19, 6, 3, 22, 22, 69, 34, 16, 9, 28, 22),
(168, 'DEN', 107, 42, 12, 30, 25, 6, 5, 8, 20, 82, 40, 29, 10, 22, 17),
(168, 'OKC', 100, 39, 13, 26, 21, 5, 0, 10, 24, 79, 36, 23, 10, 25, 18),
(169, 'HOU', 92, 38, 6, 32, 20, 8, 6, 17, 25, 74, 30, 38, 15, 23, 17),
(169, 'LAL', 98, 47, 14, 33, 17, 8, 3, 13, 18, 91, 37, 20, 5, 23, 19),
(170, 'LAC', 110, 35, 4, 31, 31, 6, 0, 13, 21, 77, 43, 31, 13, 17, 11),
(170, 'MIA', 93, 30, 6, 24, 11, 10, 3, 12, 15, 67, 30, 26, 6, 31, 27),
(171, 'CHI', 88, 42, 13, 29, 23, 6, 4, 14, 26, 84, 36, 19, 5, 16, 11),
(171, 'SAC', 103, 40, 7, 33, 26, 5, 4, 13, 21, 74, 38, 6, 4, 27, 23),
(172, 'CHA', 100, 45, 10, 35, 22, 4, 7, 7, 26, 91, 42, 20, 7, 15, 9),
(172, 'ORL', 105, 43, 6, 37, 12, 2, 5, 8, 15, 82, 39, 16, 4, 32, 23),
(173, 'PHI', 96, 39, 10, 29, 18, 10, 1, 17, 23, 78, 36, 23, 4, 33, 20),
(173, 'PHX', 122, 46, 11, 35, 24, 11, 0, 13, 25, 86, 44, 31, 13, 23, 21),
(174, 'ATL', 99, 46, 8, 38, 20, 7, 5, 9, 18, 80, 38, 24, 5, 26, 18),
(174, 'DET', 89, 45, 13, 32, 12, 6, 3, 12, 20, 83, 31, 21, 4, 24, 23),
(175, 'MIL', 82, 30, 8, 22, 19, 11, 1, 12, 18, 74, 27, 20, 6, 32, 22),
(175, 'TOR', 124, 57, 15, 42, 27, 8, 4, 16, 24, 86, 45, 25, 15, 24, 19),
(176, 'BOS', 100, 38, 9, 29, 22, 7, 7, 12, 14, 88, 38, 27, 9, 21, 15),
(176, 'MEM', 117, 50, 9, 41, 31, 4, 4, 14, 16, 91, 48, 16, 8, 14, 13),
(177, 'MIN', 92, 34, 11, 23, 16, 12, 3, 11, 17, 90, 37, 13, 4, 22, 14),
(177, 'SAS', 121, 53, 14, 39, 26, 6, 11, 20, 22, 84, 46, 21, 13, 18, 16),
(178, 'BKN', 94, 38, 10, 28, 17, 2, 6, 18, 17, 67, 31, 15, 5, 30, 27),
(178, 'OKC', 92, 36, 13, 23, 18, 9, 9, 13, 25, 85, 38, 20, 4, 19, 12),
(179, 'CLE', 78, 41, 9, 32, 13, 12, 4, 19, 21, 75, 27, 27, 6, 23, 18),
(179, 'WSH', 91, 45, 10, 35, 24, 10, 5, 17, 21, 84, 41, 10, 4, 9, 5),
(180, 'DAL', 140, 39, 11, 28, 37, 4, 2, 9, 16, 82, 51, 35, 18, 28, 20),
(180, 'LAL', 106, 33, 13, 20, 24, 3, 4, 10, 24, 85, 44, 13, 5, 21, 13),
(181, 'DEN', 117, 41, 8, 33, 24, 8, 10, 10, 24, 82, 43, 24, 11, 25, 20),
(181, 'NOP', 97, 40, 8, 32, 19, 7, 3, 12, 22, 78, 31, 16, 5, 34, 30),
(182, 'GSW', 101, 40, 6, 34, 28, 10, 5, 13, 18, 82, 41, 23, 6, 19, 13),
(182, 'UTA', 88, 45, 14, 31, 26, 12, 5, 19, 16, 82, 35, 17, 6, 19, 12),
(183, 'CHI', 87, 48, 11, 37, 14, 9, 2, 14, 18, 83, 30, 22, 8, 28, 19),
(183, 'POR', 105, 46, 6, 40, 26, 8, 5, 17, 19, 79, 39, 16, 9, 22, 18),
(184, 'IND', 83, 47, 15, 32, 18, 9, 5, 14, 20, 84, 31, 23, 7, 20, 14),
(184, 'PHX', 106, 51, 13, 38, 17, 10, 4, 12, 19, 85, 38, 31, 12, 20, 18),
(185, 'MIA', 99, 33, 7, 26, 17, 7, 5, 16, 20, 71, 37, 26, 12, 18, 13),
(185, 'ORL', 92, 44, 18, 26, 18, 10, 2, 14, 20, 78, 35, 16, 3, 27, 19),
(186, 'CLE', 93, 46, 11, 35, 24, 4, 6, 18, 28, 81, 35, 16, 3, 29, 20),
(186, 'TOR', 110, 34, 8, 26, 20, 8, 6, 8, 26, 80, 32, 24, 8, 42, 38),
(187, 'NYK', 91, 40, 6, 34, 15, 7, 2, 18, 22, 66, 33, 17, 6, 21, 19),
(187, 'PHI', 83, 36, 10, 26, 13, 8, 1, 18, 21, 75, 30, 26, 8, 25, 15),
(188, 'DAL', 92, 50, 16, 34, 17, 6, 5, 14, 22, 88, 35, 35, 6, 22, 16),
(188, 'HOU', 95, 47, 14, 33, 17, 8, 0, 17, 23, 82, 30, 46, 15, 23, 20),
(189, 'MIN', 101, 37, 15, 22, 23, 10, 7, 10, 24, 90, 37, 17, 6, 27, 21),
(189, 'SAC', 113, 50, 14, 36, 24, 4, 2, 18, 19, 81, 40, 26, 8, 30, 25),
(190, 'MIL', 100, 36, 8, 28, 21, 11, 7, 14, 20, 84, 36, 15, 5, 26, 23),
(190, 'WSH', 111, 53, 20, 33, 27, 7, 6, 14, 24, 93, 43, 18, 8, 22, 17),
(191, 'BKN', 87, 44, 13, 31, 24, 5, 5, 11, 14, 91, 34, 27, 9, 10, 10),
(191, 'SAS', 99, 48, 6, 42, 29, 7, 9, 14, 9, 79, 41, 21, 8, 11, 9),
(192, 'NOP', 106, 44, 18, 26, 19, 11, 7, 9, 22, 93, 42, 17, 4, 22, 18),
(192, 'UTA', 94, 42, 11, 31, 15, 6, 8, 18, 25, 71, 33, 14, 5, 29, 23),
(193, 'LAC', 91, 32, 5, 27, 14, 10, 1, 10, 27, 77, 32, 25, 7, 28, 20),
(193, 'MEM', 107, 52, 12, 40, 20, 3, 3, 17, 21, 85, 42, 21, 7, 23, 16),
(194, 'BOS', 88, 46, 12, 34, 17, 12, 1, 8, 15, 95, 37, 23, 5, 12, 9),
(194, 'POR', 94, 55, 10, 45, 20, 7, 3, 16, 13, 86, 37, 19, 7, 15, 13),
(195, 'CHA', 93, 33, 5, 28, 18, 9, 1, 11, 19, 79, 37, 21, 7, 16, 12),
(195, 'MIA', 94, 36, 3, 33, 19, 4, 5, 16, 16, 66, 33, 23, 11, 19, 17),
(196, 'GSW', 91, 52, 13, 39, 26, 7, 8, 9, 18, 93, 33, 25, 7, 24, 18),
(196, 'OKC', 86, 57, 13, 44, 13, 3, 12, 11, 23, 90, 32, 17, 3, 27, 19),
(197, 'DEN', 101, 57, 14, 43, 20, 7, 2, 16, 28, 90, 34, 37, 10, 38, 23),
(197, 'LAL', 94, 50, 9, 41, 15, 10, 6, 13, 28, 89, 33, 24, 3, 34, 25),
(198, 'CHA', 92, 33, 5, 28, 21, 6, 4, 5, 17, 75, 31, 20, 2, 35, 28),
(198, 'LAC', 113, 43, 8, 35, 28, 2, 2, 8, 24, 88, 45, 32, 15, 10, 8),
(199, 'CLE', 106, 44, 12, 32, 30, 14, 9, 12, 23, 81, 42, 16, 6, 22, 16),
(199, 'ORL', 74, 40, 13, 27, 14, 5, 3, 17, 17, 80, 29, 17, 5, 15, 11),
(200, 'PHI', 104, 29, 7, 22, 28, 11, 6, 10, 20, 84, 42, 8, 0, 24, 20),
(200, 'POR', 114, 52, 18, 34, 30, 6, 5, 15, 19, 89, 44, 27, 7, 23, 19),
(201, 'PHX', 100, 42, 11, 31, 22, 6, 3, 20, 26, 84, 39, 33, 14, 11, 8),
(201, 'TOR', 104, 37, 8, 29, 21, 9, 3, 12, 20, 82, 37, 17, 4, 32, 26),
(202, 'HOU', 91, 38, 10, 28, 19, 13, 4, 16, 19, 76, 32, 36, 14, 19, 13),
(202, 'NYK', 86, 40, 9, 31, 25, 8, 5, 17, 20, 76, 35, 22, 6, 15, 10),
(203, 'DAL', 100, 37, 6, 31, 21, 6, 6, 12, 28, 80, 40, 24, 8, 21, 12),
(203, 'IND', 111, 44, 8, 36, 20, 6, 4, 12, 21, 77, 37, 26, 13, 36, 24),
(204, 'CHI', 97, 35, 7, 28, 20, 9, 3, 16, 14, 72, 36, 20, 9, 23, 16),
(204, 'UTA', 95, 41, 11, 30, 22, 9, 6, 13, 20, 86, 42, 9, 3, 10, 8),
(205, 'ATL', 106, 43, 12, 31, 17, 16, 6, 10, 23, 85, 36, 25, 7, 34, 27),
(205, 'WSH', 102, 47, 16, 31, 25, 2, 3, 20, 25, 84, 36, 20, 9, 29, 21),
(206, 'GSW', 114, 45, 5, 40, 21, 6, 9, 11, 24, 75, 43, 28, 13, 23, 15),
(206, 'MIA', 97, 40, 12, 28, 16, 7, 4, 9, 22, 85, 33, 23, 10, 27, 21),
(207, 'DET', 86, 36, 8, 28, 23, 7, 5, 19, 18, 78, 36, 20, 7, 17, 7),
(207, 'MIL', 98, 50, 19, 31, 22, 9, 2, 16, 24, 90, 39, 22, 10, 13, 10),
(208, 'NOP', 89, 40, 14, 26, 15, 3, 6, 10, 23, 79, 33, 17, 3, 29, 20),
(208, 'SAC', 99, 38, 7, 31, 16, 9, 4, 9, 22, 77, 37, 14, 5, 24, 20),
(209, 'CHI', 109, 37, 11, 26, 20, 9, 4, 12, 22, 82, 35, 21, 7, 37, 32),
(209, 'DEN', 114, 45, 14, 31, 22, 5, 7, 14, 25, 85, 43, 16, 8, 27, 20),
(210, 'CHA', 97, 47, 10, 37, 29, 3, 5, 6, 20, 94, 41, 15, 5, 15, 10),
(210, 'POR', 105, 50, 10, 40, 21, 4, 7, 8, 18, 92, 39, 27, 12, 20, 15),
(211, 'CLE', 113, 32, 7, 25, 23, 13, 2, 9, 18, 74, 38, 20, 6, 38, 31),
(211, 'WSH', 87, 26, 7, 19, 24, 5, 5, 18, 28, 71, 33, 13, 5, 22, 16),
(212, 'GSW', 111, 47, 8, 39, 30, 7, 6, 15, 19, 85, 44, 26, 12, 19, 11),
(212, 'ORL', 96, 46, 12, 34, 21, 8, 1, 14, 18, 87, 36, 20, 6, 24, 18),
(213, 'BKN', 99, 40, 4, 36, 25, 10, 7, 24, 19, 71, 35, 24, 8, 28, 21),
(213, 'PHI', 91, 42, 13, 29, 23, 11, 5, 20, 24, 85, 34, 24, 9, 17, 14),
(214, 'DAL', 109, 56, 20, 36, 20, 12, 5, 11, 16, 95, 38, 31, 4, 38, 29),
(214, 'NYK', 102, 53, 15, 38, 21, 7, 3, 21, 32, 92, 39, 28, 14, 16, 10),
(215, 'ATL', 115, 32, 9, 23, 31, 2, 4, 13, 24, 82, 42, 24, 10, 24, 21),
(215, 'TOR', 126, 36, 11, 25, 24, 7, 7, 11, 24, 82, 42, 29, 14, 33, 28),
(216, 'DET', 98, 38, 12, 26, 18, 8, 4, 15, 17, 78, 35, 27, 10, 24, 18),
(216, 'LAC', 104, 39, 9, 30, 21, 9, 3, 15, 19, 78, 37, 28, 12, 19, 18),
(217, 'HOU', 102, 41, 13, 28, 26, 13, 5, 4, 25, 94, 42, 35, 12, 15, 6),
(217, 'SAC', 89, 48, 10, 38, 16, 2, 8, 20, 19, 71, 31, 16, 5, 28, 22),
(218, 'MIL', 103, 43, 13, 30, 22, 12, 7, 17, 22, 85, 40, 16, 5, 19, 18),
(218, 'MIN', 86, 38, 14, 24, 19, 11, 6, 19, 22, 81, 31, 14, 3, 34, 21),
(219, 'OKC', 97, 45, 12, 33, 21, 9, 7, 16, 26, 83, 40, 26, 12, 10, 5),
(219, 'UTA', 82, 38, 8, 30, 11, 9, 2, 19, 16, 70, 31, 16, 3, 28, 17),
(220, 'IND', 100, 36, 7, 29, 23, 9, 1, 12, 23, 87, 40, 21, 10, 18, 10),
(220, 'SAS', 106, 45, 8, 37, 21, 8, 5, 15, 20, 74, 41, 15, 5, 29, 19),
(221, 'DEN', 112, 47, 20, 27, 19, 10, 4, 17, 22, 90, 39, 25, 8, 34, 26),
(221, 'PHX', 120, 41, 13, 28, 27, 9, 8, 16, 22, 88, 45, 25, 13, 21, 17),
(222, 'LAL', 93, 42, 12, 30, 16, 6, 9, 11, 18, 81, 33, 19, 8, 24, 19),
(222, 'MEM', 99, 45, 10, 35, 25, 7, 6, 14, 20, 80, 36, 22, 5, 25, 22),
(223, 'BOS', 102, 42, 12, 30, 20, 7, 2, 13, 30, 92, 37, 22, 6, 29, 22),
(223, 'CHI', 109, 52, 18, 34, 18, 5, 13, 13, 21, 90, 37, 17, 5, 37, 30),
(224, 'CHA', 101, 44, 8, 36, 27, 4, 8, 13, 14, 87, 38, 19, 6, 23, 19),
(224, 'GSW', 106, 46, 16, 30, 28, 7, 8, 12, 26, 99, 42, 26, 7, 16, 15),
(225, 'ATL', 100, 42, 11, 31, 26, 6, 7, 18, 14, 76, 38, 17, 5, 22, 19),
(225, 'NOP', 91, 42, 16, 26, 23, 8, 4, 12, 19, 89, 36, 24, 7, 16, 12),
(226, 'DET', 88, 39, 14, 25, 25, 8, 5, 14, 19, 83, 34, 23, 6, 25, 14),
(226, 'MIL', 104, 44, 10, 34, 30, 9, 6, 19, 20, 77, 39, 29, 13, 16, 13),
(227, 'DAL', 106, 37, 6, 31, 27, 7, 9, 8, 17, 86, 40, 26, 11, 22, 15),
(227, 'TOR', 102, 55, 15, 40, 17, 7, 1, 17, 23, 91, 38, 33, 14, 16, 12),
(228, 'HOU', 85, 40, 8, 32, 17, 7, 6, 14, 27, 82, 32, 37, 10, 15, 11),
(228, 'LAC', 102, 45, 8, 37, 23, 8, 4, 10, 18, 81, 38, 25, 9, 22, 17),
(229, 'NYK', 78, 33, 7, 26, 17, 3, 6, 12, 22, 75, 29, 19, 2, 24, 18),
(229, 'OKC', 105, 57, 18, 39, 20, 9, 0, 14, 30, 86, 38, 24, 10, 23, 19),
(230, 'IND', 98, 53, 17, 36, 25, 7, 3, 11, 17, 94, 41, 16, 4, 14, 12),
(230, 'ORL', 83, 32, 2, 30, 16, 7, 5, 18, 17, 70, 31, 18, 7, 16, 14),
(231, 'SAC', 104, 46, 8, 38, 22, 4, 4, 14, 20, 75, 38, 10, 6, 26, 22),
(231, 'SAS', 112, 33, 4, 29, 29, 8, 9, 6, 19, 82, 42, 24, 12, 20, 16),
(232, 'DEN', 122, 58, 16, 42, 20, 10, 3, 18, 27, 88, 41, 21, 8, 36, 32),
(232, 'PHX', 97, 34, 9, 25, 14, 4, 5, 15, 27, 85, 33, 23, 8, 29, 23),
(233, 'MEM', 112, 46, 8, 38, 28, 7, 4, 9, 14, 84, 45, 13, 6, 26, 16),
(233, 'POR', 99, 45, 15, 30, 22, 6, 6, 7, 18, 97, 39, 28, 8, 18, 13),
(234, 'LAL', 119, 35, 12, 23, 27, 12, 1, 14, 22, 89, 48, 21, 8, 22, 15),
(234, 'MIN', 120, 31, 6, 25, 37, 8, 1, 18, 20, 79, 45, 18, 10, 24, 20),
(235, 'DAL', 110, 40, 13, 27, 28, 13, 5, 12, 22, 89, 40, 30, 8, 30, 22),
(235, 'PHI', 103, 55, 22, 33, 26, 10, 4, 24, 26, 85, 36, 21, 6, 31, 25),
(236, 'NOP', 80, 42, 13, 29, 12, 8, 1, 12, 14, 81, 30, 17, 6, 21, 14),
(236, 'WSH', 83, 46, 12, 34, 21, 9, 9, 14, 18, 76, 35, 12, 5, 12, 8),
(237, 'ATL', 105, 44, 5, 39, 31, 8, 5, 12, 17, 75, 40, 23, 12, 16, 13),
(237, 'CHA', 75, 38, 13, 25, 20, 3, 4, 12, 16, 88, 29, 23, 5, 16, 12),
(238, 'CLE', 109, 44, 9, 35, 20, 4, 6, 9, 20, 78, 41, 16, 7, 32, 20),
(238, 'IND', 97, 48, 15, 33, 26, 2, 1, 7, 23, 89, 35, 22, 7, 26, 20),
(239, 'LAC', 112, 37, 9, 28, 21, 6, 5, 11, 25, 80, 45, 28, 11, 15, 11),
(239, 'UTA', 96, 37, 12, 25, 19, 6, 2, 13, 15, 75, 34, 21, 7, 33, 21),
(240, 'HOU', 117, 44, 13, 31, 26, 7, 5, 13, 24, 87, 44, 38, 15, 16, 14),
(240, 'MIL', 103, 32, 8, 24, 23, 7, 5, 10, 16, 74, 33, 19, 6, 35, 31),
(241, 'BOS', 89, 42, 12, 30, 21, 5, 5, 15, 21, 87, 36, 18, 6, 15, 11),
(241, 'SAS', 111, 45, 10, 35, 25, 9, 5, 14, 11, 85, 41, 26, 11, 20, 18),
(242, 'BKN', 84, 34, 7, 27, 16, 9, 0, 10, 25, 86, 32, 14, 2, 24, 18),
(242, 'CHI', 102, 50, 7, 43, 19, 6, 5, 19, 24, 69, 34, 24, 7, 34, 27),
(243, 'DET', 93, 44, 15, 29, 25, 11, 5, 13, 20, 91, 33, 23, 11, 24, 16),
(243, 'GSW', 104, 49, 9, 40, 24, 5, 8, 16, 19, 79, 37, 21, 9, 27, 21),
(244, 'MEM', 97, 35, 10, 25, 25, 13, 4, 13, 27, 79, 38, 13, 3, 28, 18),
(244, 'SAC', 85, 42, 11, 31, 16, 7, 4, 23, 25, 70, 33, 11, 1, 27, 18),
(245, 'MIA', 86, 41, 10, 31, 20, 8, 1, 14, 20, 72, 30, 23, 7, 31, 19),
(245, 'NYK', 79, 50, 20, 30, 14, 6, 3, 12, 22, 88, 31, 24, 3, 20, 14),
(246, 'ORL', 93, 47, 10, 37, 14, 8, 3, 22, 22, 76, 35, 15, 5, 25, 18),
(246, 'PHX', 90, 43, 11, 32, 22, 5, 3, 19, 18, 85, 34, 26, 7, 18, 15),
(247, 'MIN', 93, 43, 11, 32, 24, 12, 4, 14, 23, 90, 39, 9, 2, 20, 13),
(247, 'POR', 107, 54, 15, 39, 27, 8, 9, 18, 17, 86, 39, 33, 12, 25, 17),
(248, 'LAL', 129, 54, 12, 42, 24, 4, 7, 10, 21, 96, 47, 24, 10, 34, 25),
(248, 'TOR', 122, 53, 14, 39, 25, 6, 6, 8, 28, 104, 45, 34, 9, 31, 23),
(249, 'PHI', 103, 42, 8, 34, 22, 9, 3, 10, 29, 89, 38, 29, 12, 25, 15),
(249, 'SAS', 109, 52, 11, 41, 25, 6, 3, 14, 20, 83, 36, 26, 9, 35, 28),
(250, 'MIA', 86, 33, 7, 26, 12, 5, 2, 11, 20, 72, 33, 22, 2, 30, 18),
(250, 'WSH', 107, 42, 7, 35, 29, 7, 3, 12, 23, 72, 39, 19, 10, 24, 19),
(251, 'DEN', 103, 39, 8, 31, 23, 7, 6, 10, 22, 87, 41, 26, 9, 17, 12),
(251, 'UTA', 101, 48, 14, 34, 18, 3, 6, 14, 15, 84, 36, 18, 7, 30, 22),
(252, 'LAC', 127, 50, 9, 41, 33, 5, 7, 14, 26, 80, 41, 34, 15, 36, 30),
(252, 'MIN', 101, 32, 6, 26, 26, 9, 3, 10, 27, 82, 35, 12, 2, 40, 29),
(253, 'CLE', 111, 40, 7, 33, 22, 5, 5, 19, 17, 73, 39, 21, 6, 38, 27),
(253, 'MIL', 108, 40, 12, 28, 31, 11, 3, 13, 26, 92, 45, 20, 7, 13, 11),
(254, 'ATL', 109, 31, 4, 27, 36, 8, 8, 16, 14, 82, 43, 24, 11, 14, 12),
(254, 'BOS', 105, 42, 9, 33, 33, 10, 3, 21, 20, 84, 41, 23, 12, 13, 11),
(255, 'DET', 96, 49, 16, 33, 20, 6, 5, 14, 16, 90, 33, 21, 6, 31, 24),
(255, 'LAL', 106, 47, 12, 35, 25, 9, 6, 14, 26, 81, 39, 17, 10, 24, 18),
(256, 'BKN', 98, 49, 21, 28, 22, 7, 5, 14, 20, 89, 39, 17, 6, 20, 14),
(256, 'NYK', 93, 40, 13, 27, 22, 8, 3, 14, 21, 81, 35, 28, 11, 14, 12),
(257, 'CHI', 129, 52, 15, 37, 38, 5, 6, 18, 22, 103, 47, 26, 8, 34, 27),
(257, 'DAL', 132, 46, 12, 34, 30, 9, 6, 14, 28, 102, 47, 30, 15, 27, 23),
(258, 'NOP', 112, 49, 16, 33, 23, 13, 11, 13, 21, 88, 39, 17, 5, 45, 29),
(258, 'OKC', 104, 45, 9, 36, 16, 7, 6, 17, 32, 84, 37, 24, 7, 27, 23),
(259, 'DEN', 103, 41, 7, 34, 21, 8, 2, 14, 19, 81, 41, 20, 7, 19, 14),
(259, 'POR', 105, 37, 4, 33, 26, 7, 5, 12, 19, 86, 43, 22, 5, 17, 14),
(260, 'IND', 99, 41, 8, 33, 20, 8, 3, 19, 24, 85, 41, 13, 4, 17, 13),
(260, 'PHX', 116, 44, 9, 35, 18, 13, 5, 12, 19, 86, 43, 25, 12, 26, 18),
(261, 'SAC', 109, 34, 13, 21, 28, 5, 3, 15, 23, 75, 39, 10, 3, 37, 28),
(261, 'TOR', 117, 35, 13, 22, 22, 8, 3, 13, 29, 88, 44, 23, 10, 21, 19),
(262, 'GSW', 98, 49, 13, 36, 25, 8, 5, 15, 15, 82, 38, 27, 8, 18, 14),
(262, 'ORL', 97, 40, 8, 32, 19, 11, 3, 11, 17, 87, 39, 17, 6, 14, 13),
(263, 'CHA', 95, 42, 7, 35, 17, 5, 3, 5, 21, 90, 36, 15, 2, 23, 21),
(263, 'CHI', 102, 49, 4, 45, 27, 4, 1, 11, 18, 80, 37, 28, 12, 21, 16),
(264, 'LAL', 95, 43, 9, 34, 16, 8, 6, 13, 20, 85, 33, 29, 12, 21, 17),
(264, 'WSH', 111, 53, 12, 41, 33, 6, 3, 11, 15, 93, 45, 19, 6, 19, 15),
(265, 'BOS', 109, 49, 8, 41, 28, 8, 6, 12, 21, 93, 37, 30, 13, 27, 22),
(265, 'DET', 102, 55, 16, 39, 20, 7, 7, 11, 23, 102, 37, 27, 8, 29, 20),
(266, 'BKN', 95, 54, 9, 45, 20, 2, 2, 10, 10, 90, 37, 19, 9, 18, 12),
(266, 'SAS', 93, 58, 18, 40, 23, 5, 6, 8, 19, 101, 36, 32, 12, 12, 9),
(267, 'ATL', 112, 30, 5, 25, 25, 9, 1, 16, 24, 74, 40, 25, 12, 23, 20),
(267, 'MIA', 102, 30, 4, 26, 25, 10, 5, 18, 24, 64, 36, 16, 6, 32, 24),
(268, 'HOU', 105, 52, 23, 29, 22, 14, 8, 19, 26, 93, 41, 28, 10, 20, 13),
(268, 'MEM', 96, 39, 10, 29, 26, 9, 7, 20, 15, 76, 39, 13, 2, 27, 16),
(269, 'DAL', 107, 46, 17, 29, 20, 8, 6, 16, 23, 92, 42, 27, 8, 22, 15),
(269, 'MIL', 105, 39, 8, 31, 24, 11, 2, 18, 24, 73, 38, 11, 7, 32, 22),
(270, 'MIN', 77, 50, 11, 39, 17, 8, 5, 18, 21, 84, 30, 17, 3, 17, 14),
(270, 'PHI', 85, 49, 13, 36, 15, 12, 7, 18, 17, 82, 32, 24, 5, 25, 16),
(271, 'TOR', 123, 37, 8, 29, 15, 7, 3, 9, 16, 79, 45, 21, 12, 24, 21),
(271, 'UTA', 104, 35, 13, 22, 21, 7, 5, 8, 15, 87, 42, 28, 8, 15, 12),
(272, 'LAC', 114, 44, 6, 38, 32, 11, 6, 17, 17, 78, 42, 31, 12, 25, 18),
(272, 'ORL', 86, 34, 6, 28, 21, 11, 2, 16, 24, 79, 33, 20, 7, 25, 13),
(273, 'CLE', 90, 33, 6, 27, 19, 8, 1, 17, 16, 70, 32, 18, 5, 26, 21),
(273, 'NYK', 87, 47, 17, 30, 26, 11, 3, 21, 25, 88, 37, 26, 8, 6, 5),
(274, 'IND', 82, 51, 11, 40, 19, 5, 5, 17, 19, 91, 36, 18, 5, 8, 5),
(274, 'POR', 88, 48, 5, 43, 20, 9, 5, 12, 16, 83, 33, 21, 4, 23, 18),
(275, 'GSW', 112, 56, 18, 38, 31, 11, 8, 9, 8, 100, 47, 22, 10, 17, 8),
(275, 'NOP', 85, 47, 10, 37, 23, 8, 4, 17, 15, 89, 37, 15, 3, 13, 8),
(276, 'CHA', 103, 41, 10, 31, 19, 2, 7, 7, 20, 88, 42, 18, 4, 18, 15),
(276, 'NYK', 102, 34, 4, 30, 23, 5, 4, 6, 21, 79, 37, 22, 10, 22, 18),
(277, 'OKC', 103, 40, 6, 34, 27, 7, 8, 16, 24, 71, 35, 23, 9, 31, 24),
(277, 'PHI', 91, 44, 19, 25, 25, 13, 2, 17, 24, 84, 32, 28, 8, 30, 19),
(278, 'DEN', 89, 36, 10, 26, 16, 8, 7, 19, 22, 82, 31, 22, 5, 30, 22),
(278, 'WSH', 119, 52, 14, 38, 35, 12, 11, 15, 20, 85, 45, 20, 7, 27, 22),
(279, 'BOS', 113, 54, 10, 44, 29, 6, 2, 16, 19, 90, 46, 20, 8, 22, 13),
(279, 'LAL', 96, 38, 7, 31, 14, 2, 4, 12, 18, 92, 38, 16, 6, 19, 14),
(280, 'ATL', 98, 46, 6, 40, 22, 12, 4, 10, 22, 81, 35, 34, 13, 24, 15),
(280, 'BKN', 75, 51, 9, 42, 16, 4, 2, 17, 21, 80, 30, 18, 3, 19, 12),
(281, 'CLE', 105, 48, 15, 33, 28, 7, 2, 13, 21, 84, 41, 20, 9, 21, 14),
(281, 'TOR', 91, 40, 14, 26, 25, 4, 4, 11, 17, 86, 35, 24, 8, 20, 13),
(282, 'MEM', 101, 37, 7, 30, 19, 4, 7, 10, 19, 80, 37, 12, 5, 26, 22),
(282, 'SAS', 107, 44, 12, 32, 25, 5, 8, 14, 22, 84, 40, 25, 14, 16, 13),
(283, 'HOU', 114, 42, 7, 35, 19, 3, 3, 22, 28, 78, 38, 32, 12, 31, 26),
(283, 'MIN', 112, 43, 14, 29, 23, 12, 5, 14, 26, 97, 45, 10, 3, 27, 19),
(284, 'DAL', 106, 44, 16, 28, 13, 5, 1, 11, 16, 88, 40, 19, 4, 30, 22),
(284, 'PHX', 118, 41, 7, 34, 27, 5, 3, 13, 25, 80, 45, 26, 13, 17, 15),
(285, 'MIA', 85, 20, 3, 17, 21, 16, 3, 18, 22, 68, 30, 18, 7, 27, 18),
(285, 'MIL', 109, 45, 12, 33, 21, 11, 3, 24, 26, 69, 39, 16, 9, 26, 22),
(286, 'ORL', 98, 38, 9, 29, 15, 6, 3, 8, 20, 74, 37, 17, 7, 20, 17),
(286, 'UTA', 93, 41, 13, 28, 23, 4, 6, 11, 21, 79, 36, 16, 8, 21, 13),
(287, 'IND', 101, 43, 9, 34, 18, 10, 5, 8, 33, 96, 36, 26, 6, 29, 23),
(287, 'SAC', 102, 49, 11, 38, 16, 6, 2, 14, 24, 83, 36, 10, 2, 40, 28),
(288, 'DET', 101, 47, 12, 35, 22, 11, 6, 19, 24, 87, 34, 23, 6, 35, 27),
(288, 'PHI', 108, 53, 12, 41, 27, 12, 8, 18, 27, 87, 40, 23, 7, 30, 21),
(289, 'CHI', 102, 50, 17, 33, 24, 6, 3, 22, 23, 83, 36, 21, 7, 27, 23),
(289, 'GSW', 112, 40, 15, 25, 27, 14, 6, 11, 21, 89, 40, 30, 12, 25, 20),
(290, 'HOU', 100, 57, 19, 38, 16, 7, 7, 22, 23, 81, 33, 27, 11, 31, 23),
(290, 'PHX', 95, 40, 16, 24, 16, 14, 8, 12, 20, 93, 34, 28, 7, 26, 20),
(291, 'MIN', 101, 33, 8, 25, 20, 10, 2, 8, 22, 83, 35, 16, 6, 32, 25),
(291, 'SAS', 123, 43, 8, 35, 30, 5, 6, 16, 24, 82, 47, 18, 7, 25, 22),
(292, 'ORL', 105, 40, 10, 30, 26, 4, 5, 10, 25, 83, 42, 26, 9, 14, 12),
(292, 'SAC', 96, 35, 9, 26, 22, 5, 2, 11, 16, 79, 35, 15, 4, 28, 22),
(293, 'LAC', 120, 38, 6, 32, 34, 7, 6, 7, 20, 78, 43, 32, 17, 24, 17),
(293, 'NOP', 100, 45, 12, 33, 26, 4, 2, 11, 18, 80, 38, 23, 8, 25, 16),
(294, 'BOS', 101, 49, 9, 40, 20, 10, 7, 15, 21, 88, 36, 17, 8, 26, 21),
(294, 'WSH', 93, 52, 16, 36, 21, 5, 8, 19, 20, 93, 34, 27, 11, 21, 14),
(295, 'ATL', 96, 43, 11, 32, 26, 9, 4, 12, 15, 87, 36, 27, 10, 19, 14),
(295, 'DEN', 84, 52, 16, 36, 25, 9, 4, 14, 22, 93, 34, 35, 6, 13, 10),
(296, 'MEM', 103, 38, 7, 31, 24, 7, 4, 12, 14, 73, 43, 13, 8, 11, 9),
(296, 'MIA', 87, 30, 10, 20, 21, 10, 2, 11, 12, 80, 39, 16, 5, 8, 4),
(297, 'DET', 94, 39, 8, 31, 25, 5, 1, 12, 21, 76, 34, 23, 7, 28, 19),
(297, 'OKC', 96, 50, 16, 34, 20, 5, 7, 15, 24, 87, 39, 21, 6, 17, 12),
(298, 'DAL', 125, 36, 8, 28, 29, 14, 8, 11, 14, 84, 49, 31, 12, 19, 15),
(298, 'MIL', 102, 36, 11, 25, 17, 7, 4, 17, 18, 84, 42, 15, 4, 17, 14),
(299, 'NYK', 99, 37, 4, 33, 20, 6, 4, 13, 23, 79, 41, 19, 5, 14, 12),
(299, 'POR', 103, 44, 16, 28, 21, 8, 2, 9, 17, 85, 36, 28, 10, 29, 21),
(300, 'LAL', 87, 34, 7, 27, 18, 4, 6, 7, 15, 90, 36, 19, 5, 15, 10),
(300, 'NOP', 104, 50, 9, 41, 28, 2, 4, 15, 14, 83, 43, 18, 8, 15, 10),
(301, 'ATL', 108, 47, 6, 41, 27, 11, 7, 16, 20, 77, 40, 21, 9, 27, 19),
(301, 'IND', 92, 42, 8, 34, 23, 6, 2, 17, 22, 84, 37, 27, 9, 17, 9),
(302, 'BOS', 132, 46, 14, 32, 27, 17, 4, 17, 30, 102, 47, 22, 9, 32, 29),
(302, 'WSH', 133, 49, 11, 38, 32, 10, 3, 23, 26, 94, 49, 16, 7, 34, 28),
(303, 'BKN', 88, 33, 10, 23, 25, 6, 2, 12, 18, 81, 36, 19, 4, 19, 12),
(303, 'CLE', 110, 55, 20, 35, 25, 10, 5, 13, 17, 90, 43, 25, 9, 22, 15),
(304, 'DEN', 107, 49, 19, 30, 21, 7, 2, 13, 28, 104, 43, 30, 10, 15, 11),
(304, 'TOR', 112, 44, 8, 36, 21, 4, 10, 14, 16, 81, 41, 33, 9, 29, 21),
(305, 'GSW', 102, 51, 15, 36, 24, 15, 6, 17, 18, 91, 42, 22, 5, 14, 13),
(305, 'MIN', 86, 49, 18, 31, 22, 12, 4, 19, 10, 88, 32, 11, 2, 29, 20),
(306, 'SAC', 101, 45, 10, 35, 18, 8, 2, 16, 24, 74, 35, 8, 3, 36, 28),
(306, 'UTA', 92, 35, 11, 24, 20, 7, 7, 13, 26, 79, 32, 17, 3, 37, 25),
(307, 'LAC', 121, 45, 10, 35, 27, 7, 5, 11, 22, 96, 44, 31, 9, 30, 24),
(307, 'PHX', 120, 43, 7, 36, 32, 9, 3, 16, 28, 91, 44, 37, 16, 20, 16),
(308, 'CLE', 105, 31, 12, 19, 27, 4, 5, 11, 17, 79, 39, 26, 9, 21, 18),
(308, 'TOR', 101, 35, 12, 23, 26, 4, 3, 15, 24, 82, 42, 23, 7, 10, 10),
(309, 'DET', 86, 47, 17, 30, 23, 7, 2, 6, 8, 97, 34, 22, 5, 16, 13),
(309, 'POR', 98, 47, 10, 37, 25, 4, 7, 13, 12, 84, 41, 21, 9, 8, 7),
(310, 'DAL', 105, 43, 12, 31, 19, 4, 7, 16, 22, 85, 38, 40, 18, 14, 11),
(310, 'MEM', 114, 41, 12, 29, 20, 10, 1, 5, 17, 85, 41, 14, 7, 29, 25),
(311, 'NOP', 104, 43, 12, 31, 22, 7, 8, 11, 14, 80, 40, 15, 4, 26, 20),
(311, 'NYK', 93, 30, 6, 24, 19, 8, 8, 13, 20, 78, 37, 19, 9, 13, 10),
(312, 'MIL', 101, 31, 9, 22, 19, 8, 2, 14, 25, 84, 34, 21, 4, 35, 29),
(312, 'OKC', 114, 54, 15, 39, 23, 10, 6, 20, 28, 82, 41, 21, 4, 34, 28),
(313, 'MIA', 103, 34, 9, 25, 25, 14, 4, 11, 14, 80, 43, 17, 9, 12, 8),
(313, 'PHX', 97, 37, 10, 27, 24, 7, 5, 22, 20, 77, 37, 35, 17, 9, 6),
(314, 'SAS', 96, 37, 11, 26, 23, 12, 8, 13, 21, 84, 39, 20, 4, 23, 14),
(314, 'UTA', 100, 43, 8, 35, 18, 5, 7, 18, 23, 80, 40, 14, 4, 22, 16),
(315, 'LAL', 98, 45, 14, 31, 27, 9, 6, 5, 23, 96, 38, 25, 5, 25, 17),
(315, 'SAC', 95, 48, 9, 39, 20, 3, 3, 16, 25, 70, 32, 15, 7, 37, 24),
(316, 'BOS', 87, 45, 6, 39, 26, 3, 1, 14, 27, 87, 38, 23, 5, 10, 6),
(316, 'CHA', 96, 44, 7, 37, 18, 5, 3, 10, 14, 84, 35, 14, 3, 29, 23),
(317, 'IND', 96, 43, 12, 31, 27, 6, 1, 11, 18, 89, 35, 27, 9, 22, 17),
(317, 'LAC', 103, 50, 10, 40, 25, 7, 7, 12, 17, 88, 42, 24, 7, 14, 12),
(318, 'ORL', 89, 39, 8, 31, 13, 7, 7, 8, 12, 84, 38, 15, 7, 9, 6),
(318, 'WSH', 91, 41, 8, 33, 26, 5, 5, 9, 13, 81, 41, 12, 5, 9, 4),
(319, 'ATL', 95, 52, 16, 36, 26, 15, 1, 14, 16, 91, 38, 30, 10, 13, 9),
(319, 'PHI', 79, 39, 7, 32, 21, 10, 10, 18, 18, 72, 30, 25, 6, 22, 13),
(320, 'BKN', 80, 44, 15, 29, 16, 9, 5, 11, 25, 88, 29, 14, 3, 24, 19),
(320, 'CHI', 105, 57, 15, 42, 21, 6, 11, 15, 18, 79, 37, 22, 8, 32, 23),
(321, 'MIN', 90, 56, 20, 36, 22, 13, 3, 18, 19, 81, 32, 12, 1, 33, 25),
(321, 'POR', 82, 38, 11, 27, 20, 7, 10, 20, 25, 80, 31, 35, 10, 12, 10),
(322, 'DAL', 112, 29, 5, 24, 17, 5, 5, 8, 18, 83, 44, 21, 9, 17, 15),
(322, 'NOP', 107, 45, 16, 29, 16, 5, 3, 11, 20, 88, 40, 18, 7, 24, 20),
(323, 'NYK', 95, 36, 10, 26, 22, 4, 1, 17, 25, 76, 37, 15, 6, 17, 15),
(323, 'SAS', 109, 35, 8, 27, 22, 10, 4, 9, 16, 73, 37, 19, 10, 30, 25),
(324, 'GSW', 105, 43, 6, 37, 21, 9, 5, 15, 16, 81, 40, 23, 8, 20, 17),
(324, 'HOU', 93, 44, 12, 32, 15, 9, 2, 15, 17, 90, 37, 35, 9, 15, 10),
(325, 'DEN', 102, 50, 17, 33, 21, 7, 4, 10, 18, 85, 38, 23, 8, 27, 18),
(325, 'MIA', 82, 42, 16, 26, 18, 1, 6, 10, 20, 82, 30, 22, 7, 21, 15),
(326, 'CLE', 94, 48, 15, 33, 20, 5, 4, 14, 20, 85, 31, 28, 9, 30, 23),
(326, 'OKC', 103, 46, 11, 35, 22, 9, 11, 11, 23, 87, 38, 26, 7, 22, 20),
(327, 'HOU', 113, 42, 14, 28, 18, 13, 3, 14, 27, 95, 38, 44, 15, 31, 22),
(327, 'SAC', 109, 44, 11, 33, 22, 8, 4, 21, 23, 84, 39, 18, 8, 34, 23),
(328, 'CHI', 115, 47, 14, 33, 18, 5, 3, 7, 11, 88, 44, 15, 5, 28, 22),
(328, 'POR', 106, 37, 11, 26, 20, 3, 5, 10, 17, 88, 43, 24, 12, 11, 8),
(329, 'LAC', 96, 37, 12, 25, 14, 7, 2, 18, 20, 75, 32, 20, 6, 31, 26),
(329, 'WSH', 104, 37, 9, 28, 28, 10, 6, 14, 25, 80, 39, 16, 9, 21, 17),
(330, 'ATL', 87, 42, 5, 37, 24, 12, 3, 12, 12, 78, 29, 29, 9, 27, 20),
(330, 'ORL', 81, 46, 9, 37, 14, 3, 4, 18, 27, 77, 30, 26, 9, 16, 12),
(331, 'BOS', 95, 41, 12, 29, 28, 3, 3, 17, 18, 85, 37, 22, 7, 18, 14),
(331, 'NYK', 101, 40, 11, 29, 26, 13, 5, 13, 20, 81, 40, 16, 6, 18, 15),
(332, 'BKN', 88, 47, 13, 34, 25, 16, 5, 17, 15, 81, 36, 20, 5, 17, 11),
(332, 'PHI', 70, 37, 10, 27, 18, 10, 4, 23, 20, 69, 22, 28, 11, 20, 15),
(333, 'IND', 94, 39, 6, 33, 24, 4, 7, 12, 22, 80, 33, 22, 8, 23, 20),
(333, 'TOR', 106, 52, 16, 36, 21, 2, 3, 10, 23, 91, 38, 26, 10, 22, 20),
(334, 'CHA', 107, 49, 13, 36, 16, 8, 11, 14, 29, 98, 41, 17, 6, 27, 19),
(334, 'MEM', 113, 47, 7, 40, 21, 7, 9, 20, 22, 85, 39, 13, 6, 38, 29),
(335, 'MIN', 92, 31, 9, 22, 21, 11, 9, 15, 16, 78, 36, 7, 1, 29, 19),
(335, 'OKC', 111, 47, 16, 31, 23, 11, 6, 17, 23, 88, 45, 24, 6, 20, 15),
(336, 'CLE', 114, 40, 11, 29, 22, 6, 6, 6, 19, 89, 44, 22, 8, 23, 18),
(336, 'NOP', 119, 39, 6, 33, 21, 5, 6, 7, 15, 79, 44, 28, 12, 25, 19),
(337, 'DET', 105, 47, 13, 34, 17, 11, 3, 18, 18, 84, 40, 15, 4, 27, 21),
(337, 'PHX', 103, 37, 10, 27, 16, 11, 5, 17, 24, 83, 39, 31, 10, 19, 15),
(338, 'MIA', 100, 35, 7, 28, 19, 6, 3, 9, 16, 72, 36, 20, 7, 31, 21),
(338, 'UTA', 95, 44, 12, 32, 16, 4, 6, 11, 18, 77, 34, 28, 8, 22, 19),
(339, 'LAL', 112, 49, 14, 35, 27, 11, 4, 14, 19, 96, 44, 24, 12, 15, 12),
(339, 'SAS', 110, 47, 12, 35, 23, 10, 5, 19, 16, 90, 42, 31, 12, 21, 14),
(340, 'DAL', 98, 53, 17, 36, 14, 11, 0, 15, 23, 89, 36, 25, 5, 30, 21),
(340, 'GSW', 105, 45, 9, 36, 21, 7, 7, 13, 24, 83, 37, 32, 10, 27, 21),
(341, 'BKN', 114, 43, 4, 39, 29, 4, 4, 13, 24, 72, 42, 23, 16, 20, 14),
(341, 'CHA', 87, 34, 9, 25, 16, 3, 4, 6, 19, 79, 31, 22, 8, 27, 17),
(342, 'IND', 85, 49, 12, 37, 16, 8, 2, 13, 18, 88, 34, 15, 4, 16, 13),
(342, 'POR', 95, 46, 11, 35, 21, 9, 5, 12, 21, 90, 40, 17, 5, 12, 10),
(343, 'ATL', 99, 41, 9, 32, 24, 4, 4, 10, 19, 84, 35, 27, 8, 24, 21),
(343, 'ORL', 100, 36, 7, 29, 26, 6, 6, 15, 15, 74, 37, 21, 10, 21, 16),
(344, 'LAC', 106, 35, 10, 25, 24, 8, 3, 12, 24, 91, 39, 29, 14, 19, 14),
(344, 'MIL', 111, 39, 6, 33, 25, 3, 4, 15, 19, 76, 43, 11, 7, 24, 18),
(345, 'MEM', 120, 42, 9, 33, 33, 9, 4, 14, 24, 93, 45, 26, 11, 27, 19),
(345, 'PHI', 115, 45, 10, 35, 22, 11, 4, 16, 24, 82, 40, 28, 11, 34, 24),
(346, 'DEN', 96, 51, 15, 36, 24, 7, 7, 15, 26, 96, 36, 28, 7, 26, 17),
(346, 'HOU', 108, 52, 13, 39, 20, 8, 7, 14, 21, 88, 39, 34, 10, 34, 20),
(347, 'DET', 95, 43, 8, 35, 22, 10, 9, 13, 18, 79, 35, 20, 6, 23, 19),
(347, 'SAC', 90, 55, 22, 33, 21, 4, 7, 16, 18, 93, 33, 29, 11, 19, 13),
(348, 'GSW', 128, 46, 8, 38, 22, 7, 9, 19, 19, 86, 44, 24, 11, 35, 29),
(348, 'NOP', 122, 44, 12, 32, 22, 14, 6, 13, 27, 101, 47, 27, 8, 25, 20),
(349, 'CHI', 93, 44, 8, 36, 21, 4, 8, 19, 18, 71, 33, 18, 9, 21, 18),
(349, 'MIA', 75, 40, 13, 27, 12, 13, 5, 13, 22, 80, 28, 22, 4, 18, 15),
(351, 'LAL', 100, 45, 11, 34, 22, 10, 5, 11, 17, 81, 34, 17, 5, 34, 27),
(351, 'MIN', 94, 46, 14, 32, 25, 6, 3, 14, 21, 90, 38, 10, 3, 20, 15),
(352, 'OKC', 112, 63, 14, 49, 20, 7, 5, 18, 19, 80, 39, 18, 4, 34, 30),
(352, 'PHX', 88, 40, 14, 26, 21, 11, 3, 10, 22, 99, 34, 31, 7, 18, 13),
(353, 'NYK', 90, 43, 12, 31, 15, 11, 4, 22, 22, 78, 29, 29, 9, 28, 23),
(353, 'TOR', 95, 42, 9, 33, 24, 14, 2, 23, 25, 78, 36, 24, 9, 18, 14),
(354, 'DEN', 91, 45, 15, 30, 20, 10, 4, 21, 29, 83, 34, 16, 8, 21, 15),
(354, 'SAS', 99, 43, 11, 32, 26, 9, 11, 13, 20, 74, 34, 16, 5, 35, 26),
(355, 'CHA', 88, 37, 5, 32, 22, 4, 5, 10, 14, 83, 38, 16, 5, 14, 7),
(355, 'CLE', 97, 43, 8, 35, 28, 10, 5, 10, 14, 83, 38, 24, 9, 17, 12),
(356, 'IND', 110, 53, 11, 42, 21, 7, 2, 13, 20, 83, 40, 17, 7, 27, 23),
(356, 'LAL', 91, 38, 11, 27, 14, 10, 5, 9, 20, 88, 29, 26, 10, 29, 23),
(357, 'BOS', 105, 52, 16, 36, 26, 15, 5, 22, 23, 86, 38, 25, 6, 35, 23),
(357, 'PHI', 87, 48, 16, 32, 19, 11, 9, 22, 28, 93, 33, 28, 4, 21, 17),
(358, 'ATL', 93, 40, 5, 35, 26, 10, 7, 9, 17, 83, 36, 21, 7, 17, 14),
(358, 'CHI', 86, 57, 15, 42, 18, 3, 6, 14, 17, 93, 35, 29, 6, 14, 10),
(359, 'ORL', 82, 36, 6, 30, 13, 5, 7, 19, 19, 74, 36, 15, 4, 8, 6),
(359, 'TOR', 95, 39, 12, 27, 25, 8, 4, 11, 14, 83, 37, 30, 11, 15, 10),
(360, 'MIL', 96, 33, 5, 28, 23, 10, 1, 21, 27, 73, 35, 16, 8, 22, 18),
(360, 'PHX', 94, 42, 16, 26, 17, 12, 5, 20, 24, 75, 30, 38, 12, 27, 22),
(361, 'POR', 108, 46, 11, 35, 18, 8, 2, 11, 19, 89, 41, 18, 7, 22, 19),
(361, 'SAS', 95, 42, 9, 33, 19, 5, 4, 15, 21, 78, 38, 11, 4, 22, 15);





INSERT INTO player (playerID, team, firstName, lastName, position, pts, reb, DRB, ORB, ast, stl, bs, tov, FP, pf, min, fga, fgm, threepa, threepm, fta, ftm) VALUES
(3149, 'ATL', 'adreian', 'payne', 0, 4, 3, 3, 0, 1, 1, 1, 3, 10.1, 6, 11, 3, 2, 0, 0, 0, 0),
(519, 'ATL', 'al', 'horford', 0, 15.21, 7.19, 5.5, 1.69, 3.26, 0.88, 1.26, 1.31, 31.71, 1.6, 30.21, 12.74, 6.81, 0.5, 0.15, 1.88, 1.44),
(25448, 'ATL', 'austin', 'daye', 0, 6.79, 4.24, 3.55, 0.7, 1, 0.48, 0.48, 0.97, 14.35, 1.45, 15.18, 6.55, 2.79, 1.76, 0.58, 0.94, 0.64),
(518, 'ATL', 'demarre', 'carroll', 0, 21, 5, 3, 2, 0, 4, 0, 1, 34, 4, 39, 13, 8, 3, 2, 4, 3),
(523, 'ATL', 'dennis', 'schroder', 0, 9.97, 2.19, 1.78, 0.41, 4.1, 0.68, 0.08, 1.95, 18.32, 1.71, 19.59, 8.69, 3.71, 1.9, 0.65, 2.33, 1.91),
(527, 'ATL', 'elton', 'brand', 0, 4.83, 3.76, 2.68, 1.07, 0.93, 0.61, 0.78, 0.93, 12.58, 1.73, 16.37, 4.2, 1.98, 0.34, 0.07, 1.17, 0.8),
(23881, 'ATL', 'jarell', 'eddie', 0, 0, 0, 0, 0, 0, 0, 0, 0, 0, 0, 0, 0, 0, 0, 0, 0, 0),
(520, 'ATL', 'jeff', 'teague', 0, 16, 2.53, 2.11, 0.42, 7.07, 1.72, 0.42, 2.81, 31.11, 1.92, 30.1, 12.17, 5.6, 2.86, 0.99, 4.43, 3.82),
(3154, 'ATL', 'john', 'jenkins', 0, 7.56, 2.56, 2.41, 0.15, 0.89, 0.59, 0.11, 0.56, 12.81, 0.85, 14.78, 5.33, 2.85, 2.22, 0.85, 1.33, 1),
(521, 'ATL', 'kent', 'bazemore', 0, 5.54, 2.99, 2.7, 0.28, 1.08, 0.76, 0.43, 0.99, 12.14, 1.72, 17.59, 4.59, 1.97, 1.82, 0.7, 1.47, 0.89),
(526, 'ATL', 'kyle', 'korver', 0, 12.19, 4.05, 3.85, 0.2, 2.64, 0.7, 0.57, 1.43, 22.11, 1.86, 31.93, 8.03, 3.91, 6, 2.96, 1.58, 1.42),
(524, 'ATL', 'mike', 'muscala', 0, 9.41, 4.84, 3.34, 1.5, 1.57, 0.91, 0.64, 1, 19.68, 1.71, 19.05, 6.8, 3.45, 1.32, 0.48, 2.64, 2.04),
(522, 'ATL', 'mike', 'scott', 0, 7.78, 2.93, 2.26, 0.66, 1.1, 0.37, 0.04, 0.57, 13.2, 1.22, 16.03, 6.66, 2.96, 2.82, 0.97, 1.13, 0.9),
(525, 'ATL', 'paul', 'millsap', 0, 16, 7.85, 5.74, 2.12, 3.15, 1.56, 1.09, 2.47, 32.97, 2.97, 32.29, 13.21, 6.03, 2.79, 0.85, 4.06, 3.09),
(530, 'ATL', 'pero', 'antic', 0, 6.14, 3.09, 2.11, 0.98, 0.86, 0.38, 0.22, 0.83, 11.51, 2.08, 16.49, 4.94, 1.91, 2.72, 0.85, 2.03, 1.48),
(528, 'ATL', 'shelvin', 'mack', 0, 5.5, 1.39, 1.24, 0.15, 2.85, 0.54, 0.04, 0.91, 11.69, 0.59, 14.63, 5.3, 2.15, 2.31, 0.74, 0.57, 0.46),
(529, 'ATL', 'thabo', 'sefolosha', 0, 5.35, 4.29, 3.27, 1.02, 1.44, 1.02, 0.4, 0.73, 14.77, 1.29, 18.25, 4.79, 2, 1.5, 0.48, 1.12, 0.87),
(475, 'BKN', 'alan', 'anderson', 0, 7.41, 2.88, 2.41, 0.47, 1.09, 0.76, 0.07, 0.8, 13.36, 1.97, 23.2, 6.04, 2.67, 2.79, 0.96, 1.38, 1.11),
(49, 'BKN', 'andrea', 'bargnani', 0, 14.53, 4.37, 3.27, 1.1, 1.6, 0.1, 0.9, 1.47, 22.71, 1.87, 26.43, 12.27, 5.57, 1.37, 0.5, 3.57, 2.9),
(474, 'BKN', 'andrei', 'kirilenko', 0, 1.38, 2, 1.5, 0.5, 1, 0.25, 0, 0.38, 5.4, 0.62, 7.62, 1.75, 0.38, 0, 0, 0.75, 0.62),
(48, 'BKN', 'bojan', 'bogdanovic', 0, 8.68, 2.73, 2.09, 0.64, 0.85, 0.44, 0.12, 1, 13.33, 1.29, 23.08, 7.24, 3.21, 3.24, 1.13, 1.38, 1.14),
(8808, 'BKN', 'brandon', 'davies', 0, 5.53, 3.8, 1.87, 1.93, 1.33, 1, 0.2, 1.53, 12.96, 2.73, 18.53, 5.73, 2.07, 1.53, 0.33, 1.53, 1.07),
(41, 'BKN', 'brook', 'lopez', 0, 17.29, 7.47, 4.47, 3, 0.68, 0.56, 1.71, 1.44, 30.36, 2.86, 28.58, 13.88, 7.11, 0.14, 0.01, 3.76, 3.06),
(470, 'BKN', 'cory', 'jefferson', 0, 4.04, 3.43, 2.38, 1.06, 0.43, 0.26, 0.42, 0.43, 9.73, 1.28, 11.45, 3.58, 1.62, 0.3, 0.04, 1.28, 0.75),
(8802, 'BKN', 'darius', 'morris', 0, 5, 2.39, 1.8, 0.59, 1.46, 0.61, 0.09, 0.78, 10.66, 1.13, 13.72, 5.2, 2.2, 1.13, 0.26, 0.57, 0.35),
(467, 'BKN', 'deron', 'williams', 0, 20, 6, 5, 1, 6, 1, 1, 5, 35.2, 1, 33, 12, 6, 2, 2, 8, 6),
(46, 'BKN', 'donald', 'sloan', 0, 8.21, 3.77, 3.29, 0.48, 3.76, 0.48, 0.13, 1.35, 18.25, 1.16, 22.42, 7.34, 3.16, 2.1, 0.66, 1.55, 1.23),
(27741, 'BKN', 'earl', 'clark', 0, 2.7, 2.3, 2.2, 0.1, 0.3, 0.3, 0.4, 0.6, 6.71, 1.2, 8.8, 3, 1.1, 1.4, 0.4, 0.4, 0.1),
(42, 'BKN', 'jarrett', 'jack', 0, 12.08, 3.05, 2.82, 0.23, 4.65, 0.96, 0.15, 2.38, 22.55, 1.84, 27.72, 10.24, 4.52, 1.77, 0.46, 2.95, 2.58),
(476, 'BKN', 'jerome', 'jordan', 0, 3.94, 2.78, 1.53, 1.24, 0.49, 0.33, 0.35, 0.51, 8.84, 1.29, 10.37, 3.06, 1.45, 0.1, 0.06, 1.2, 0.98),
(40, 'BKN', 'joe', 'johnson', 0, 14.72, 4.74, 4.09, 0.65, 3.68, 0.76, 0.19, 1.74, 26.08, 1.58, 34.42, 12.92, 5.65, 4.33, 1.56, 2.33, 1.85),
(471, 'BKN', 'jorge', 'gutierrez', 0, 3.25, 1.88, 1.38, 0.5, 1.5, 0.5, 0, 1, 7.75, 1.75, 12.75, 2.38, 1.38, 0.25, 0, 0.5, 0.5),
(472, 'BKN', 'kevin', 'garnett', 0, 7.96, 6.7, 5.48, 1.22, 1.39, 0.96, 0.3, 1.3, 19.3, 2.22, 20.91, 6.91, 3.52, 0.17, 0.04, 0.96, 0.87),
(45, 'BKN', 'markel', 'brown', 0, 4.96, 2.35, 2, 0.35, 0.93, 0.63, 0.28, 0.65, 10.35, 1.17, 16.33, 4.65, 1.74, 1.41, 0.37, 1.33, 1.11),
(466, 'BKN', 'mason', 'plumlee', 0, 17, 11, 10, 1, 4, 1, 1, 0, 40.2, 1, 30, 9, 6, 1, 0, 6, 5),
(468, 'BKN', 'mirza', 'teletovic', 0, 10, 4, 3, 1, 1, 1, 1, 1, 19.3, 0.5, 22.5, 8.5, 3.5, 5.5, 3, 0, 0),
(47, 'BKN', 'rondae', 'hollis-jefferson', 0, 9, 7, 4, 3, 4, 5, 1, 1, 34.4, 5, 30, 3, 2, 0, 0, 6, 5),
(50, 'BKN', 'sergey', 'karasev', 0, 5.13, 3.03, 2.32, 0.71, 1.39, 0.55, 0.03, 0.71, 11.3, 1.53, 17.18, 4.39, 1.87, 1.63, 0.55, 1.13, 0.84),
(43, 'BKN', 'shane', 'larkin', 0, 6.51, 2.43, 2.01, 0.42, 2.95, 1.21, 0.13, 1.09, 15.43, 1.92, 24.29, 5.96, 2.6, 1.6, 0.49, 1.04, 0.82),
(20997, 'BKN', 'thaddeus', 'young', 0, 16.24, 5.4, 3.72, 1.68, 3.04, 2.08, 0.4, 1.68, 30.56, 2.44, 34.64, 14.08, 6.64, 1.28, 0.44, 3.64, 2.52),
(44, 'BKN', 'thomas', 'robinson', 0, 6.12, 5.16, 3.94, 1.22, 0.69, 0.47, 0.44, 1.03, 14.12, 1.69, 15.06, 5.03, 2.47, 0.16, 0.16, 1.88, 1.03),
(51, 'BKN', 'wayne', 'ellington', 0, 10, 3.23, 2.75, 0.48, 1.62, 0.51, 0.03, 0.77, 16.61, 1.18, 25.23, 9.49, 3.91, 3.74, 1.38, 0.98, 0.8),
(34, 'BOS', 'amir', 'johnson', 0, 8.81, 5.84, 3.73, 2.11, 1.62, 0.62, 0.73, 1.49, 19.46, 2.89, 25.14, 6.95, 3.86, 0.76, 0.19, 1.38, 0.89),
(18497, 'BOS', 'andre', 'dawkins', 0, 0.75, 0.5, 0.5, 0, 0.25, 0, 0, 0.25, 1.48, 0.75, 4.75, 1.5, 0.25, 1.5, 0.25, 0, 0),
(35, 'BOS', 'avery', 'bradley', 0, 14.08, 3.14, 2.54, 0.6, 1.74, 1.08, 0.21, 1.42, 21.6, 2.31, 31.12, 13.24, 5.68, 4.69, 1.68, 1.31, 1.04),
(10631, 'BOS', 'brandan', 'wright', 0, 7.07, 4.8, 3.02, 1.78, 0.71, 0.8, 1.15, 0.41, 17.39, 1.41, 21.56, 5.34, 3.05, 0.07, 0, 1.46, 0.98),
(482, 'BOS', 'brandon', 'bass', 0, 7, 3, 3, 0, 1, 0, 1, 0, 14.1, 3, 22, 3, 2, 0, 0, 4, 3),
(31, 'BOS', 'david', 'lee', 0, 8.14, 5.31, 3.65, 1.65, 1.8, 0.65, 0.55, 1, 18.61, 1.69, 18.2, 6.53, 3.37, 0.14, 0.04, 2.08, 1.37),
(2515, 'BOS', 'dwight', 'powell', 0, 13, 1, 1, 0, 0, 2, 0, 0, 18.2, 2, 13, 7, 5, 0, 0, 4, 3),
(30, 'BOS', 'evan', 'turner', 0, 9.57, 5.15, 4.65, 0.5, 5.44, 1.02, 0.23, 2.4, 24.02, 2.22, 27.26, 9.16, 3.94, 1.48, 0.4, 1.72, 1.29),
(489, 'BOS', 'gerald', 'wallace', 0, 5.34, 3.64, 2.47, 1.17, 0.66, 0.45, 0.28, 0.64, 11.5, 1.11, 14.77, 4.66, 2.11, 0.64, 0.17, 1.23, 0.96),
(29, 'BOS', 'isaiah', 'thomas', 0, 16.43, 2.28, 1.79, 0.49, 4.24, 0.85, 0.07, 2.13, 25.25, 2.24, 25.31, 11.88, 5, 5.16, 1.93, 5.19, 4.51),
(27, 'BOS', 'jae', 'crowder', 0, 7.66, 3.57, 2.7, 0.88, 1.15, 0.88, 0.3, 0.6, 15.43, 1.67, 19.51, 6.65, 2.79, 2.54, 0.74, 1.72, 1.33),
(10624, 'BOS', 'jameer', 'nelson', 0, 4, 2, 2, 0, 2, 0, 0, 4, 5.4, 3, 23, 4, 2, 1, 0, 0, 0),
(33, 'BOS', 'james', 'young', 0, 6.46, 3.31, 2.44, 0.87, 0.95, 0.33, 0.15, 0.36, 12.47, 1.05, 15.28, 5.72, 2.46, 2.36, 0.67, 1.31, 0.87),
(28, 'BOS', 'jared', 'sullinger', 0, 11.06, 6.97, 4.45, 2.52, 2.12, 0.7, 0.58, 1.52, 23.64, 2.55, 24.06, 10.85, 4.58, 2.85, 0.73, 1.82, 1.18),
(478, 'BOS', 'jeff', 'green', 0, 13.05, 4.2, 3.27, 0.93, 1.77, 0.57, 0.45, 1.09, 21.7, 1.77, 29.7, 10.86, 4.64, 3.05, 1.11, 3.23, 2.66),
(37, 'BOS', 'jonas', 'jerebko', 0, 5.84, 3.73, 2.47, 1.26, 0.91, 0.59, 0.24, 0.55, 12.79, 1.81, 15.8, 4.95, 2.19, 1.85, 0.7, 0.89, 0.76),
(36, 'BOS', 'kelly', 'olynyk', 0, 10.12, 4.69, 3.23, 1.45, 1.69, 1, 0.61, 1.52, 19.98, 3.33, 21.7, 8.22, 3.88, 2.7, 0.92, 2.12, 1.45),
(21359, 'BOS', 'luigi', 'datome', 0, 5.25, 2.25, 2, 0.25, 1, 0.25, 0.5, 0.5, 10.45, 0.5, 9, 5.5, 2.25, 1, 0.25, 0.5, 0.5),
(486, 'BOS', 'marcus', 'smart', 0, 8.03, 3.53, 2.54, 0.99, 3, 1.44, 0.28, 1.37, 18.84, 2.65, 26.65, 7.29, 2.71, 4, 1.35, 1.97, 1.26),
(487, 'BOS', 'marcus', 'thornton', 0, 7.08, 3.54, 2.85, 0.69, 0.69, 0.92, 0.15, 1.46, 13.05, 1.38, 16.85, 7.46, 2.62, 2, 0.31, 1.92, 1.54),
(483, 'BOS', 'phil', 'pressey', 0, 4, 1.96, 1.59, 0.37, 2.2, 0.63, 0.12, 0.88, 10.25, 1.18, 12.61, 4.16, 1.49, 1.49, 0.33, 1, 0.69),
(480, 'BOS', 'rajon', 'rondo', 0, 14, 8, 5, 3, 20, 4, 1, 6, 57.6, 3, 46, 12, 6, 4, 1, 2, 1),
(32, 'BOS', 'rj', 'hunter', 0, 0, 0, 0, 0, 0, 2, 0, 1, 3, 2, 7, 0, 0, 0, 0, 0, 0),
(15939, 'BOS', 'shavlik', 'randolph', 0, 4.05, 2.68, 1.84, 0.84, 0.47, 0.26, 0.16, 0.79, 8.04, 1.11, 11.42, 4, 1.58, 0.79, 0.21, 1.16, 0.68),
(15938, 'BOS', 'tayshaun', 'prince', 0, 0, 1, 1, 0, 0, 0, 0, 0, 1.2, 0, 9, 1, 0, 0, 0, 0, 0),
(38, 'BOS', 'terry', 'rozier', 0, 3, 0, 0, 0, 0, 0, 0, 1, 2, 0, 5, 2, 1, 1, 1, 0, 0),
(39, 'BOS', 'tyler', 'zeller', 0, 10.12, 5.65, 3.88, 1.77, 1.38, 0.22, 0.63, 0.93, 19.75, 2.5, 20.54, 7.49, 4.12, 0, 0, 2.29, 1.88),
(179, 'CHA', 'aaron', 'harrison', 0, 0, 0, 0, 0, 0, 0, 0, 0, 0, 0, 0, 0, 0, 0, 0, 0, 0),
(169, 'CHA', 'al', 'jefferson', 0, 16.55, 8.35, 6.85, 1.5, 1.76, 0.73, 1.29, 1.08, 32.15, 2.12, 30.06, 15.45, 7.42, 0.08, 0.03, 2.56, 1.67),
(432, 'CHA', 'bismack', 'biyombo', 0, 6, 14, 10, 4, 0, 0, 0, 1, 21.8, 4, 30, 5, 3, 0, 0, 0, 0),
(174, 'CHA', 'brian', 'roberts', 0, 6.81, 1.62, 1.41, 0.21, 2.15, 0.42, 0.08, 0.81, 12.18, 1.1, 18.14, 6.27, 2.49, 2.62, 0.85, 1.1, 0.97),
(177, 'CHA', 'cody', 'zeller', 0, 8.13, 5.67, 4.18, 1.49, 1.46, 0.54, 0.56, 1.23, 18.09, 2.69, 23.77, 6.08, 2.95, 0.03, 0.03, 2.74, 2.21),
(19161, 'CHA', 'elliot', 'williams', 0, 5.17, 1.83, 1.67, 0.17, 1.33, 0.5, 0.67, 1.17, 10.53, 0.67, 12.17, 4.33, 1.83, 1.33, 0.83, 1.5, 0.67),
(178, 'CHA', 'frank', 'kaminsky', 0, 9, 5, 3, 2, 0, 0, 0, 0, 15, 0, 20, 8, 4, 4, 1, 0, 0),
(436, 'CHA', 'gary', 'neal', 0, 10.92, 3.23, 3.08, 0.15, 1.69, 0.69, 0.08, 1.23, 17.65, 1.62, 23.85, 9.31, 3.92, 2.38, 0.85, 2.54, 2.23),
(430, 'CHA', 'gerald', 'henderson', 0, 3, 3, 3, 0, 0, 1, 0, 0, 8.6, 0, 18, 5, 1, 0, 0, 2, 1),
(433, 'CHA', 'jannero', 'pargo', 0, 6.31, 1.92, 1.08, 0.85, 1.15, 0.23, 0.08, 0.62, 10.35, 1.54, 14.46, 5.08, 2.38, 2.69, 1.08, 0.62, 0.46),
(431, 'CHA', 'jason', 'maxiell', 0, 3.47, 3.41, 2, 1.41, 0.44, 0.34, 0.72, 0.5, 9.84, 1.61, 14.44, 3.28, 1.38, 0, 0, 1.23, 0.72),
(4432, 'CHA', 'jeff', 'taylor', 0, 4.97, 2.4, 1.73, 0.67, 0.83, 0.47, 0.23, 0.6, 9.9, 1.47, 15.47, 4.33, 1.73, 1.37, 0.5, 1.6, 1),
(176, 'CHA', 'jeremy', 'lamb', 0, 8.29, 3.43, 2.76, 0.67, 0.96, 0.47, 0.39, 0.82, 14.75, 1.55, 16.73, 6.71, 3.06, 2.37, 0.84, 1.53, 1.33),
(172, 'CHA', 'jeremy', 'lin', 0, 11.24, 2.65, 2.3, 0.35, 4.58, 1.11, 0.43, 2.24, 22.13, 2.55, 25.24, 8.84, 3.74, 2.38, 0.88, 3.62, 2.88),
(170, 'CHA', 'kemba', 'walker', 0, 17.51, 3.6, 3, 0.6, 5.1, 1.41, 0.56, 1.57, 31.84, 1.49, 33.78, 15.83, 6.21, 4.46, 1.4, 4.49, 3.7),
(434, 'CHA', 'lance', 'stephenson', 0, 0, 0, 0, 0, 0, 1, 0, 0, 2, 3, 5, 0, 0, 0, 0, 0, 0),
(1353, 'CHA', 'marvin', 'williams', 0, 6.85, 5.1, 4.35, 0.75, 1.23, 0.93, 0.47, 0.72, 16.9, 1.75, 25.13, 6.03, 2.48, 3.17, 1.08, 1.17, 0.8),
(20206, 'CHA', 'maurice', 'williams', 0, 12.52, 2.76, 2.24, 0.52, 5.63, 0.83, 0.2, 2.37, 23.95, 2.5, 28.3, 11.24, 4.7, 3.78, 1.3, 2.22, 1.83),
(427, 'CHA', 'michael', 'kidd-gilchrist', 0, 10.87, 7.56, 5.58, 1.98, 1.4, 0.55, 0.69, 1.15, 23.38, 2.09, 28.38, 8.76, 4.07, 0, 0, 3.89, 2.73),
(175, 'CHA', 'nicolas', 'batum', 0, 9.35, 5.86, 4.99, 0.87, 4.8, 1.1, 0.56, 1.86, 25.05, 1.49, 33.01, 8.45, 3.38, 4.35, 1.41, 1.38, 1.18),
(1686, 'CHA', 'noah', 'vonleh', 0, 0, 3, 3, 0, 0, 0, 2, 1, 6.6, 0, 16, 3, 0, 1, 0, 0, 0),
(168, 'CHA', 'pj', 'hairston', 0, 5.63, 2.13, 1.65, 0.48, 0.48, 0.46, 0.3, 0.5, 9.93, 1.37, 14.78, 5.96, 1.93, 3.63, 1.09, 0.78, 0.67),
(171, 'CHA', 'spencer', 'hawes', 0, 5.63, 3.57, 3.16, 0.4, 1.1, 0.33, 0.67, 0.84, 12.73, 2.22, 16.21, 5.48, 2.13, 2.37, 0.75, 0.91, 0.61),
(20205, 'CHA', 'troy', 'daniels', 0, 3.21, 1.05, 0.68, 0.37, 0.79, 0.26, 0, 0.53, 5.66, 0.84, 9.16, 3.53, 1.21, 2.05, 0.68, 0.21, 0.11),
(173, 'CHA', 'tyler', 'hansbrough', 0, 3.44, 3.53, 2.07, 1.46, 0.26, 0.38, 0.19, 0.25, 8.96, 1.83, 13.35, 2.19, 1.1, 0.1, 0.01, 1.82, 1.24),
(579, 'CHI', 'aaron', 'brooks', 0, 11.49, 1.98, 1.58, 0.4, 3.19, 0.62, 0.19, 1.89, 18.36, 2.33, 22.38, 9.86, 4.15, 3.8, 1.47, 2.09, 1.73),
(575, 'CHI', 'cameron', 'bairstow', 0, 5.19, 3.48, 2.48, 1, 1.05, 0.1, 0.52, 0.76, 11.41, 1.19, 12.9, 4.67, 1.9, 0.14, 0.14, 1.62, 1.24),
(572, 'CHI', 'derrick', 'rose', 0, 18, 3.2, 2.47, 0.73, 4.92, 0.73, 0.35, 3.1, 28.28, 1.33, 29.94, 16.55, 6.73, 5.27, 1.49, 3.75, 3.06),
(580, 'CHI', 'doug', 'mcdermott', 0, 4.16, 2.11, 1.61, 0.5, 0.29, 0.11, 0.08, 0.53, 6.96, 0.92, 10.68, 4, 1.66, 1.11, 0.34, 0.74, 0.5),
(582, 'CHI', 'etwaun', 'moore', 0, 4.88, 2.58, 1.92, 0.66, 0.85, 0.35, 0.65, 0.51, 10.74, 0.97, 13.06, 4.52, 1.98, 0.63, 0.22, 0.94, 0.69),
(1199, 'CHI', 'jimmy', 'butler', 0, 20, 5.83, 4.06, 1.77, 3.27, 1.75, 0.55, 1.45, 35.03, 1.69, 38.17, 14.03, 6.48, 2.98, 1.11, 7.09, 5.92),
(571, 'CHI', 'joakim', 'noah', 0, 7.24, 9.64, 6.37, 3.27, 4.66, 0.72, 1.1, 1.84, 27.6, 3.03, 30.1, 6.37, 2.84, 0.03, 0, 2.6, 1.57),
(578, 'CHI', 'kirk', 'hinrich', 0, 5.71, 1.83, 1.53, 0.3, 2.24, 0.7, 0.21, 1.11, 11.99, 2.18, 23.92, 5.77, 2.15, 2.55, 0.88, 0.76, 0.53),
(570, 'CHI', 'mike', 'dunleavy', 0, 9.52, 3.9, 3.45, 0.45, 1.84, 0.6, 0.34, 0.94, 17.89, 1.9, 28.66, 7.66, 3.34, 4.18, 1.71, 1.4, 1.13),
(576, 'CHI', 'nazr', 'mohammed', 0, 10.91, 6.28, 4.62, 1.66, 1.38, 0.31, 0.84, 1.22, 21.6, 1.03, 17.94, 8.03, 4.16, 0.25, 0.06, 2.91, 2.53),
(574, 'CHI', 'nikola', 'mirotic', 0, 10.15, 4.91, 4.16, 0.75, 1.16, 0.65, 0.63, 1.07, 19.28, 2.09, 19.54, 7.59, 3.09, 3.78, 1.2, 3.47, 2.78),
(577, 'CHI', 'pau', 'gasol', 0, 17.95, 11.8, 9.16, 2.64, 2.64, 0.36, 1.75, 1.91, 38.38, 2.05, 34.48, 14.36, 7.23, 0.23, 0.14, 4.41, 3.36),
(573, 'CHI', 'taj', 'gibson', 0, 10.54, 6.39, 3.67, 2.72, 1.19, 0.52, 1.09, 1.24, 21.96, 2.61, 26.24, 8.19, 4.26, 0, 0, 2.85, 2.02),
(581, 'CHI', 'tony', 'snell', 0, 6.35, 2.72, 2.2, 0.51, 0.93, 0.47, 0.26, 0.74, 11.73, 1.27, 19.66, 5.35, 2.3, 2.62, 0.99, 0.95, 0.77),
(6773, 'CLE', 'aj', 'price', 0, 5.6, 1.8, 1.2, 0.6, 1.2, 0.2, 0, 0.6, 9.36, 1.4, 12.2, 5.8, 2.4, 1.2, 0.2, 0.8, 0.6),
(796, 'CLE', 'alex', 'kirk', 0, 6.14, 3.57, 2.71, 0.86, 0.86, 0, 0.14, 0.57, 11.43, 0.57, 11.86, 5.29, 2.29, 1.86, 0.57, 1.14, 1),
(198, 'CLE', 'anderson', 'varejao', 0, 9.59, 6.59, 4.37, 2.22, 1.3, 0.7, 0.59, 1.3, 20.74, 2.15, 23.48, 7.48, 4.19, 0.07, 0, 1.74, 1.22),
(795, 'CLE', 'brendan', 'haywood', 0, 6.42, 4.04, 3.27, 0.77, 1.08, 0.19, 0.5, 0.92, 13.35, 1, 12.73, 4.62, 2.15, 1.69, 0.62, 1.85, 1.5),
(797, 'CLE', 'dion', 'waiters', 0, 13, 2.5, 2.5, 0, 4, 2.5, 0.5, 1.5, 26.5, 2, 28.5, 10.5, 5, 3, 1.5, 2, 1.5),
(13664, 'CLE', 'iman', 'shumpert', 0, 9.75, 3.62, 2.75, 0.88, 3.17, 1.29, 0.12, 1.79, 19.89, 2.62, 25.88, 9.04, 3.75, 2.71, 0.96, 1.88, 1.29),
(203, 'CLE', 'james', 'jones', 0, 5.9, 2.16, 1.81, 0.35, 0.6, 0.26, 0.16, 0.35, 9.88, 1.23, 14, 4.63, 1.84, 3.35, 1.27, 1.11, 0.95),
(202, 'CLE', 'jared', 'cunningham', 0, 1.84, 0.47, 0.42, 0.05, 0.53, 0.16, 0, 0.37, 3.15, 0.63, 4.16, 1.74, 0.63, 0.68, 0.21, 0.68, 0.37),
(204, 'CLE', 'joe', 'harris', 0, 2.75, 0.84, 0.69, 0.16, 0.55, 0.16, 0.06, 0.45, 4.56, 1.2, 9.37, 2.37, 0.96, 1.59, 0.59, 0.37, 0.24),
(201, 'CLE', 'jr', 'smith', 0, 12.49, 3.3, 2.79, 0.51, 2.76, 1.21, 0.34, 1.43, 22.27, 2.34, 29.67, 10.9, 4.63, 6, 2.3, 1.21, 0.93),
(21619, 'CLE', 'kendrick', 'perkins', 0, 4.13, 5.46, 3.88, 1.58, 0.85, 0.29, 0.77, 1.42, 12.65, 2.62, 19, 3.79, 1.63, 0.12, 0.02, 1.58, 0.85),
(887, 'CLE', 'kevin', 'love', 0, 16.2, 9.89, 8.06, 1.83, 1.94, 0.74, 0.4, 1.51, 31.75, 2, 34.26, 13.06, 5.37, 5.57, 1.86, 4.57, 3.6),
(792, 'CLE', 'kyrie', 'irving', 0, 21.84, 3.21, 2.45, 0.76, 5.15, 1.51, 0.27, 2.48, 34.48, 1.96, 36.03, 16.51, 7.73, 5.11, 2.13, 4.91, 4.24),
(194, 'CLE', 'lebron', 'james', 0, 25.11, 6.03, 5.3, 0.73, 7.49, 1.57, 0.7, 3.91, 44.21, 1.93, 35.63, 18.47, 9.01, 4.87, 1.71, 7.61, 5.37),
(2836, 'CLE', 'lou', 'amundson', 0, 6, 2, 1, 1, 0, 0, 0, 0, 8.4, 2, 9, 5, 2, 0, 0, 3, 2),
(196, 'CLE', 'matthew', 'dellavedova', 0, 4.72, 1.84, 1.28, 0.55, 3, 0.34, 0.03, 0.87, 11.3, 2.25, 19.97, 4.54, 1.64, 2.51, 1.01, 0.55, 0.42),
(200, 'CLE', 'maurice', 'williams', 0, 12.52, 2.76, 2.24, 0.52, 5.63, 0.83, 0.2, 2.37, 23.95, 2.5, 28.3, 11.24, 4.7, 3.78, 1.3, 2.22, 1.83),
(794, 'CLE', 'mike', 'miller', 0, 4.39, 2.72, 2.35, 0.37, 1.25, 0.39, 0.12, 0.61, 9.92, 1.61, 15.65, 3.67, 1.49, 2.21, 0.81, 0.75, 0.6),
(197, 'CLE', 'richard', 'jefferson', 0, 6.04, 2.51, 2.18, 0.33, 0.86, 0.42, 0.15, 0.65, 10.84, 1.61, 16.46, 4.54, 2, 2.07, 0.89, 1.67, 1.15),
(199, 'CLE', 'sasha', 'kaun', 0, 0, 1, 0, 1, 0, 0, 0, 0, 1.2, 0, 1, 0, 0, 0, 0, 0, 0),
(799, 'CLE', 'shawn', 'marion', 0, 4.93, 3.56, 2.42, 1.14, 0.88, 0.44, 0.51, 0.61, 11.81, 1.15, 19.08, 4.78, 2.07, 0.93, 0.24, 0.69, 0.56),
(205, 'CLE', 'timofey', 'mozgov', 0, 9.71, 7.35, 4.82, 2.53, 0.69, 0.41, 1.21, 1.45, 21.36, 2.83, 24.88, 7.01, 3.88, 0.08, 0.03, 2.67, 1.94),
(195, 'CLE', 'tristan', 't thompson', 0, 8.4, 8.02, 4.73, 3.3, 0.44, 0.42, 0.73, 1, 19.99, 2.32, 26.31, 5.85, 3.25, 0, 0, 3.01, 1.9),
(1995, 'CLE', 'will', 'cherry', 0, 1.88, 0.62, 0.5, 0.12, 1, 0.75, 0.12, 0.5, 5.38, 1.25, 8.12, 2.38, 0.62, 1.12, 0.25, 0.75, 0.38),
(367, 'DAL', 'al-farouq', 'aminu', 0, 10, 6, 4, 2, 2, 0, 1, 2, 20.2, 2, 31, 8, 3, 2, 1, 4, 3),
(21325, 'DAL', 'amare', 'stoudemire', 0, 11.86, 6.49, 4.26, 2.23, 1.09, 0.49, 0.89, 1.69, 22.33, 3.14, 23.2, 8.89, 4.66, 0.29, 0.09, 3.29, 2.46),
(20567, 'DAL', 'bernard', 'james', 0, 6.59, 3.24, 2.18, 1.06, 0.53, 0.24, 0.94, 0.65, 12.97, 1.71, 14.88, 3.82, 1.88, 0.71, 0.47, 2.82, 2.35),
(373, 'DAL', 'brandan', 'wright', 0, 7.07, 4.8, 3.02, 1.78, 0.71, 0.8, 1.15, 0.41, 17.39, 1.41, 21.56, 5.34, 3.05, 0.07, 0, 1.46, 0.98),
(78, 'DAL', 'chandler', 'parsons', 0, 15.62, 4.82, 3.88, 0.94, 2.42, 1.02, 0.29, 1.46, 26.17, 2.06, 32.46, 12.51, 5.77, 5.15, 1.98, 2.91, 2.09),
(83, 'DAL', 'charlie', 'villanueva', 0, 9.04, 2.89, 2.35, 0.54, 0.54, 0.32, 0.32, 0.58, 14.02, 1.12, 13.5, 7.21, 3.35, 3.5, 1.38, 1.26, 0.97),
(80, 'DAL', 'deron', 'williams', 0, 20, 6, 5, 1, 6, 1, 1, 5, 35.2, 1, 33, 12, 6, 2, 2, 8, 6),
(87, 'DAL', 'devin', 'harris', 0, 8.67, 1.79, 1.62, 0.17, 3.17, 1.04, 0.18, 1.12, 16.9, 1.95, 21.63, 6.86, 2.87, 3.43, 1.22, 2.12, 1.71),
(85, 'DAL', 'dirk', 'nowitzki', 0, 16.13, 5.34, 4.97, 0.37, 2.37, 0.5, 0.45, 1.13, 26.86, 2.18, 29.92, 14, 6.03, 3.87, 1.32, 3.05, 2.76),
(81, 'DAL', 'dwight', 'powell', 0, 13, 1, 1, 0, 0, 2, 0, 0, 18.2, 2, 13, 7, 5, 0, 0, 4, 3),
(375, 'DAL', 'gal', 'mekel', 0, 4.2, 1.4, 1, 0.4, 2.6, 1, 0, 0.8, 10.98, 0.8, 17, 7.2, 1.6, 2.2, 0.4, 0.6, 0.6),
(372, 'DAL', 'greg', 'smith', 0, 5.02, 3.08, 2.42, 0.65, 0.5, 0.25, 0.31, 0.37, 10.21, 1.35, 13.13, 4.08, 1.96, 0.85, 0.38, 1.1, 0.71),
(89, 'DAL', 'J.J.', 'barea', 0, 7.61, 1.78, 1.46, 0.32, 3.45, 0.41, 0.01, 0.91, 14.84, 1.33, 17.08, 7.01, 2.96, 2.16, 0.7, 1.22, 0.99),
(374, 'DAL', 'jae', 'crowder', 0, 7.66, 3.57, 2.7, 0.88, 1.15, 0.88, 0.3, 0.6, 15.43, 1.67, 19.51, 6.65, 2.79, 2.54, 0.74, 1.72, 1.33),
(365, 'DAL', 'jameer', 'nelson', 0, 4, 2, 2, 0, 2, 0, 0, 4, 5.4, 3, 23, 4, 2, 1, 0, 0, 0),
(82, 'DAL', 'javale', 'mcgee', 0, 3, 2.17, 1.5, 0.67, 0.33, 0, 0.17, 0.83, 5.6, 0.33, 9.67, 3, 1.33, 0, 0, 0.67, 0.33),
(84, 'DAL', 'jeremy', 'evans', 0, 4.18, 2.59, 1.69, 0.9, 0.44, 0.28, 0.46, 0.26, 9.17, 1.05, 8.59, 2.9, 1.59, 0.1, 0.05, 1.13, 0.95),
(90, 'DAL', 'justin', 'anderson', 0, 0, 0, 0, 0, 0, 0, 0, 0, 0, 0, 0, 0, 0, 0, 0, 0, 0),
(371, 'DAL', 'monta', 'ellis', 0, 19.04, 2.34, 1.94, 0.4, 4.12, 1.86, 0.31, 2.43, 29.93, 2.47, 33.34, 16.92, 7.57, 3.55, 1.03, 3.81, 2.87),
(10455, 'DAL', 'rajon', 'rondo', 0, 14, 8, 5, 3, 20, 4, 1, 6, 57.6, 3, 46, 12, 6, 4, 1, 2, 1),
(88, 'DAL', 'raymond', 'felton', 0, 4.9, 1.26, 1.23, 0.03, 1.42, 0.35, 0.23, 0.65, 9.06, 0.71, 10.74, 4.39, 1.81, 1.1, 0.35, 1.1, 0.94),
(5770, 'DAL', 'ricardo', 'ledo', 0, 7.5, 2.83, 1.58, 1.25, 1.42, 0.5, 0.17, 2, 12.36, 1.75, 20.08, 7.75, 2.75, 2, 0.75, 1.67, 1.25),
(368, 'DAL', 'richard', 'jefferson', 0, 6.04, 2.51, 2.18, 0.33, 0.86, 0.42, 0.15, 0.65, 10.84, 1.61, 16.46, 4.54, 2, 2.07, 0.89, 1.67, 1.15),
(364, 'DAL', 'tyson', 'chandler', 0, 1, 8, 6, 2, 0, 0.5, 0.5, 2, 10.6, 2, 17.5, 1.5, 0, 0, 0, 2, 1),
(86, 'DAL', 'wesley', 'matthews', 0, 15.93, 3.7, 3.07, 0.63, 2.32, 1.28, 0.17, 1.35, 25.4, 2.2, 33.28, 12.53, 5.62, 7.42, 2.88, 2.42, 1.82),
(79, 'DAL', 'zaza', 'pachulia', 0, 8.39, 6.86, 4.15, 2.71, 2.43, 1.08, 0.29, 1.83, 21.18, 2.35, 23.33, 7.29, 3.32, 0.04, 0, 2.22, 1.75),
(620, 'DEN', 'alonzo', 'gee', 0, 6.44, 2.69, 2, 0.69, 0.69, 0.62, 0.12, 0.62, 11.57, 1.06, 12.88, 5.25, 2.44, 0.75, 0.31, 1.69, 1.25),
(616, 'DEN', 'arron', 'afflalo', 0, 10.56, 2.68, 2.44, 0.24, 1.12, 0.36, 0.08, 1.32, 15.02, 2.36, 29.68, 9.08, 3.76, 3.6, 1.44, 1.88, 1.6),
(117, 'DEN', 'danilo', 'gallinari', 0, 11.1, 3.4, 2.9, 0.5, 1.2, 0.8, 0.28, 1.02, 18.12, 1.5, 22.84, 8.98, 3.36, 4.88, 1.58, 3.1, 2.8),
(613, 'DEN', 'darrell', 'arthur', 0, 7.09, 3.02, 2.16, 0.86, 1.05, 0.84, 0.53, 0.88, 14.16, 2.53, 17.24, 6.91, 2.81, 2.28, 0.62, 1.09, 0.84),
(119, 'DEN', 'emmanuel', 'mudiay', 0, 17, 2, 1, 1, 8, 1, 1, 3, 32.4, 2, 32, 21, 6, 4, 1, 4, 4),
(2404, 'DEN', 'erick', 'green', 0, 3.89, 1.81, 1.19, 0.62, 0.81, 0.3, 0.04, 0.47, 7.49, 0.68, 10.13, 4.06, 1.64, 0.96, 0.26, 0.47, 0.36),
(123, 'DEN', 'gary', 'harris', 0, 4.49, 2.3, 1.64, 0.66, 0.66, 0.69, 0.15, 0.84, 9.07, 1.54, 15.02, 4.98, 1.66, 1.77, 0.34, 1.2, 0.84),
(28820, 'DEN', 'ian', 'clark', 0, 4.52, 2.44, 1.52, 0.93, 0.59, 0.44, 0.3, 0.44, 9.38, 1.11, 11.7, 4.33, 1.85, 0.89, 0.33, 0.85, 0.48),
(30779, 'DEN', 'jamaal', 'franklin', 0, 7, 3, 3, 0, 3, 0.5, 0, 1, 15.1, 1.5, 17, 4, 2, 1.5, 1, 2, 2),
(124, 'DEN', 'jameer', 'nelson', 0, 4, 2, 2, 0, 2, 0, 0, 4, 5.4, 3, 23, 4, 2, 1, 0, 0, 0),
(614, 'DEN', 'javale', 'mcgee', 0, 3, 2.17, 1.5, 0.67, 0.33, 0, 0.17, 0.83, 5.6, 0.33, 9.67, 3, 1.33, 0, 0, 0.67, 0.33),
(120, 'DEN', 'jj', 'hickson', 0, 8.01, 6.48, 4.33, 2.15, 0.92, 0.49, 0.45, 1.33, 17.73, 1.88, 19.21, 6.65, 3.19, 0.04, 0.01, 2.8, 1.63),
(20903, 'DEN', 'joffrey', 'lauvergne', 0, 3.52, 3, 2, 1, 0.52, 0.39, 0.39, 0.87, 8.6, 1.65, 10.43, 3.7, 1.39, 0.78, 0.13, 0.87, 0.61),
(617, 'DEN', 'jusuf', 'nurkic', 0, 7.79, 6.19, 4.23, 1.96, 0.84, 0.84, 0.96, 1.3, 18.77, 3.23, 18.81, 6.66, 3.1, 0.43, 0.23, 2.16, 1.36),
(122, 'DEN', 'kenneth', 'faried', 0, 12.73, 7.98, 4.98, 3, 1, 0.94, 0.92, 1.5, 26.04, 2.79, 26.71, 9.52, 5.02, 0.12, 0.02, 3.96, 2.67),
(126, 'DEN', 'kostas', 'papanikolaou', 0, 5.35, 3.13, 1.98, 1.15, 1.91, 0.59, 0.37, 1.26, 12.63, 1.65, 19.02, 4.98, 2.11, 2.15, 0.67, 0.83, 0.46),
(127, 'DEN', 'mike', 'miller', 0, 4.39, 2.72, 2.35, 0.37, 1.25, 0.39, 0.12, 0.61, 9.92, 1.61, 15.65, 3.67, 1.49, 2.21, 0.81, 0.75, 0.6),
(619, 'DEN', 'nate', 'robinson', 0, 5.11, 1.22, 0.89, 0.33, 2.22, 0.67, 0, 0.89, 10.36, 0.89, 13.56, 5.67, 1.89, 2.22, 0.78, 0.67, 0.56),
(118, 'DEN', 'nikola', 'jokic', 0, 11, 11, 7, 4, 2, 2, 1, 1, 32.2, 0, 27, 7, 3, 0, 0, 7, 5),
(121, 'DEN', 'randy', 'foye', 0, 8.53, 1.67, 1.49, 0.18, 2.35, 0.69, 0.22, 1.18, 14.69, 1.92, 21.02, 7.92, 2.9, 5.18, 1.84, 1.08, 0.88),
(610, 'DEN', 'timofey', 'mozgov', 0, 9.71, 7.35, 4.82, 2.53, 0.69, 0.41, 1.21, 1.45, 21.36, 2.83, 24.88, 7.01, 3.88, 0.08, 0.03, 2.67, 1.94),
(611, 'DEN', 'ty', 'lawson', 0, 15.43, 3.36, 2.72, 0.63, 9.42, 1.24, 0.12, 2.43, 33.87, 1.78, 35.25, 12.49, 5.45, 2.71, 0.93, 4.93, 3.61),
(125, 'DEN', 'will', 'barton', 0, 6.68, 2.77, 2.32, 0.46, 1.37, 0.81, 0.32, 1.05, 13.26, 1.21, 16.4, 6.04, 2.53, 1.49, 0.4, 1.58, 1.23),
(612, 'DEN', 'wilson', 'chandler', 0, 13.67, 6.16, 4.84, 1.32, 1.72, 0.69, 0.39, 1.36, 24.44, 2.97, 31.12, 12.53, 5.25, 5.13, 1.73, 1.81, 1.43),
(234, 'DET', 'andre', 'drummond', 0, 13.88, 13.64, 8.22, 5.42, 0.68, 0.9, 1.88, 1.46, 35.36, 3.47, 30.4, 11.84, 6.06, 0.02, 0, 4.46, 1.75),
(242, 'DET', 'anthony', 'tolliver', 0, 6.1, 2.93, 2.24, 0.69, 0.82, 0.38, 0.25, 0.72, 11.37, 1.75, 17.68, 5, 2.08, 3.54, 1.26, 0.88, 0.67),
(236, 'DET', 'aron', 'baynes', 0, 6.96, 4.77, 3.13, 1.64, 0.6, 0.26, 0.41, 1.04, 13.88, 2.39, 16.19, 4.9, 2.8, 0.06, 0.01, 1.56, 1.34),
(598, 'DET', 'brandon', 'jennings', 0, 15.19, 2.69, 2.14, 0.55, 6.5, 1.07, 0.1, 2.21, 28.29, 1.57, 28.07, 13.07, 5.21, 5.02, 1.81, 3.55, 2.95),
(605, 'DET', 'caron', 'butler', 0, 5.79, 2.52, 2.25, 0.27, 1.03, 0.56, 0.05, 0.64, 10.94, 1.55, 20.27, 5.08, 2.04, 2.78, 1.03, 0.77, 0.69),
(4186, 'DET', 'cartier', 'martin', 0, 7.19, 4.95, 3.7, 1.24, 1.11, 0.65, 0.3, 0.97, 15.71, 1.46, 17.49, 5.86, 2.78, 0.86, 0.16, 1.97, 1.46),
(244, 'DET', 'darrun', 'hilliard', 0, 2, 3, 2, 1, 0, 0, 0, 2, 3.6, 0, 12, 7, 1, 2, 0, 0, 0),
(600, 'DET', 'dj', 'augustin', 0, 7, 1, 1, 0, 2, 0, 0, 0, 11.2, 0.5, 16, 6, 2.5, 4, 2, 0, 0),
(240, 'DET', 'ersan', 'ilyasova', 0, 10.93, 4.56, 3.19, 1.37, 0.91, 0.7, 0.33, 0.88, 18.92, 2.4, 22.02, 9.37, 4.35, 3.07, 1.16, 1.79, 1.07),
(602, 'DET', 'greg', 'monroe', 0, 20, 13, 8, 5, 1, 2, 0, 1, 40.1, 3, 31, 19, 9, 0, 0, 2, 2),
(8923, 'DET', 'jodie', 'meeks', 0, 11.07, 1.69, 1.53, 0.17, 1.32, 0.95, 0.1, 0.93, 16.25, 1.27, 23.88, 8.9, 3.69, 3.54, 1.25, 2.68, 2.42),
(239, 'DET', 'joel', 'anthony', 0, 2.06, 1.98, 1.27, 0.71, 0.21, 0.27, 0.96, 0.21, 7, 1.1, 8.02, 1.42, 0.81, 0, 0, 0.65, 0.44),
(18779, 'DET', 'john', 'iii lucas', 0, 4.8, 0.75, 0.55, 0.2, 2.85, 0.4, 0, 0.75, 10.02, 0.8, 12.25, 4.95, 2.05, 1.3, 0.45, 0.25, 0.25),
(607, 'DET', 'jonas', 'jerebko', 0, 5.84, 3.73, 2.47, 1.26, 0.91, 0.59, 0.24, 0.55, 12.79, 1.81, 15.8, 4.95, 2.19, 1.85, 0.7, 0.89, 0.76),
(603, 'DET', 'josh', 'smith', 0, 2, 8, 6, 2, 2, 1, 2, 2, 18.6, 3, 14, 4, 1, 3, 0, 0, 0),
(241, 'DET', 'kentavious', 'caldwell-pope', 0, 12.72, 3.05, 2.5, 0.55, 1.28, 1.13, 0.22, 1.16, 19.85, 1.94, 30.9, 11.84, 4.77, 5.39, 1.85, 1.9, 1.33),
(596, 'DET', 'kyle', 'singler', 0, 0, 0.5, 0.5, 0, 0, 0, 0, 0, 0.6, 1.5, 3, 1, 0, 1, 0, 0, 0),
(601, 'DET', 'luigi', 'datome', 0, 5.25, 2.25, 2, 0.25, 1, 0.25, 0.5, 0.5, 10.45, 0.5, 9, 5.5, 2.25, 1, 0.25, 0.5, 0.5),
(233, 'DET', 'marcus', 'morris', 0, 10.43, 4.75, 3.85, 0.9, 1.64, 0.78, 0.2, 0.9, 19.65, 2.32, 24.79, 9.42, 4.09, 3.86, 1.38, 1.4, 0.88),
(21627, 'DET', 'quincy', 'miller', 0, 3, 2, 1.57, 0.43, 0.43, 0.86, 0.57, 0.71, 8.19, 1, 11.43, 2.86, 0.86, 1, 0.14, 1.57, 1.14),
(245, 'DET', 'reggie', 'bullock', 0, 1.64, 1.45, 1.36, 0.09, 0.64, 0.45, 0.09, 0.55, 4.88, 0.91, 8.82, 2.82, 0.55, 0.82, 0, 0.82, 0.55),
(235, 'DET', 'reggie', 'jackson', 0, 14.45, 4.27, 3.56, 0.71, 5.87, 0.79, 0.13, 2.43, 27.8, 2.17, 29.05, 12.91, 5.61, 3.09, 0.94, 2.78, 2.3),
(22170, 'DET', 'shawne', 'williams', 0, 5.1, 2.48, 2.13, 0.35, 0.94, 0.45, 0.35, 0.61, 10.48, 2.42, 18.1, 4.48, 1.81, 2.81, 1.03, 0.52, 0.45),
(243, 'DET', 'spencer', 'dinwiddie', 0, 5.65, 2.25, 1.88, 0.38, 3.45, 0.68, 0.3, 1.2, 14.27, 1.75, 15.32, 6.22, 2.1, 1.8, 0.35, 1.45, 1.1),
(237, 'DET', 'stanley', 'johnson', 0, 16, 2, 1, 1, 2, 1, 0, 2, 21.4, 3, 25, 14, 5, 4, 0, 7, 6),
(238, 'DET', 'steve', 'blake', 0, 4.2, 1.67, 1.48, 0.2, 3.54, 0.5, 0.06, 1.26, 11.38, 1.46, 18.33, 3.99, 1.46, 2.65, 0.91, 0.51, 0.36),
(20794, 'DET', 'tayshaun', 'prince', 0, 0, 1, 1, 0, 0, 0, 0, 0, 1.2, 0, 9, 1, 0, 0, 0, 0, 0),
(608, 'DET', 'tony', 'l mitchell', 0, 15, 10.67, 7, 3.67, 2.67, 0.5, 0.17, 2, 31.13, 2.5, 33.33, 14, 6, 0.17, 0, 4.67, 3),
(113, 'GSW', 'andre', 'iguodala', 0, 8, 3.42, 2.85, 0.58, 2.97, 1.22, 0.33, 1.15, 18.52, 1.35, 26.53, 6.49, 3.06, 2.81, 1, 1.46, 0.87),
(105, 'GSW', 'andrew', 'bogut', 0, 6.39, 8.13, 6.03, 2.1, 2.66, 0.6, 1.7, 1.61, 23.12, 2.82, 23.16, 5.36, 3.03, 0, 0, 0.63, 0.33),
(1287, 'GSW', 'brandon', 'rush', 0, 5.23, 4.11, 3.49, 0.62, 1.94, 0.68, 0.53, 0.89, 14.6, 1.87, 17.66, 5.15, 1.89, 2.34, 0.64, 1.17, 0.81),
(2059, 'GSW', 'david', 'lee', 0, 8.14, 5.31, 3.65, 1.65, 1.8, 0.65, 0.55, 1, 18.61, 1.69, 18.2, 6.53, 3.37, 0.14, 0.04, 2.08, 1.37),
(111, 'GSW', 'draymond', 'green', 0, 11.61, 8.07, 6.54, 1.54, 3.12, 1.46, 1.37, 1.83, 29.81, 3.2, 31.27, 9.66, 4.32, 3.8, 1.34, 2.54, 1.63),
(107, 'GSW', 'festus', 'ezeli', 0, 4.4, 3.66, 2.3, 1.36, 0.26, 0.17, 0.94, 0.7, 10.69, 1.74, 10.91, 3.23, 1.68, 0.09, 0.02, 1.62, 1.02),
(104, 'GSW', 'harrison', 'barnes', 0, 10.15, 5.5, 4.09, 1.41, 1.45, 0.78, 0.23, 0.89, 20.06, 1.78, 27.96, 8.01, 3.87, 2.62, 1.06, 1.87, 1.35),
(109, 'GSW', 'ian', 'clark', 0, 4.52, 2.44, 1.52, 0.93, 0.59, 0.44, 0.3, 0.44, 9.38, 1.11, 11.7, 4.33, 1.85, 0.89, 0.33, 0.85, 0.48),
(115, 'GSW', 'james', 'michael mcadoo', 0, 4.81, 2.81, 1.62, 1.19, 0.19, 0.44, 0.56, 0.44, 10.03, 1.38, 9.56, 3.44, 1.88, 0.31, 0.19, 1.56, 0.88),
(110, 'GSW', 'jason', 'thompson', 0, 5.7, 6.48, 4.64, 1.84, 1.08, 0.44, 0.82, 1.04, 16.58, 2.9, 23.66, 5.08, 2.4, 0.02, 0, 1.42, 0.9),
(685, 'GSW', 'justin', 'holiday', 0, 4.14, 1.22, 1.03, 0.19, 0.76, 0.66, 0.21, 0.48, 7.99, 0.9, 10.48, 3.93, 1.52, 1.81, 0.57, 0.67, 0.53),
(112, 'GSW', 'klay', 'thompson', 0, 21.61, 3.21, 2.86, 0.35, 2.97, 1.13, 0.78, 1.92, 31.82, 1.61, 31.58, 16.92, 7.81, 7.08, 3.09, 3.32, 2.91),
(108, 'GSW', 'leandro', 'barbosa', 0, 7.26, 1.75, 1.33, 0.42, 1.86, 0.75, 0.25, 0.7, 13.45, 1.41, 15.35, 6.04, 2.83, 1.86, 0.68, 1.13, 0.93),
(116, 'GSW', 'marreese', 'speights', 0, 10.56, 4.48, 3.05, 1.43, 1.09, 0.29, 0.51, 1.13, 18.04, 2.53, 16.04, 8.51, 4.22, 0.49, 0.19, 2.35, 1.94),
(680, 'GSW', 'nemanja', 'nedovic', 0, 0, 0, 0, 0, 0, 0, 0, 0, 0, 0, 0, 0, 0, 0, 0, 0, 0),
(679, 'GSW', 'ognjen', 'kuzmic', 0, 4.68, 4.11, 3.47, 0.63, 2, 0.89, 0.58, 0.89, 14.66, 1.74, 15, 3.89, 1.74, 1.68, 0.47, 1.21, 0.74),
(114, 'GSW', 'shaun', 'livingston', 0, 5.83, 2.36, 1.82, 0.54, 3.29, 0.64, 0.26, 1.32, 14.08, 1.41, 18.37, 5.09, 2.51, 0.04, 0, 1.14, 0.81),
(106, 'GSW', 'stephen', 'curry', 0, 23.86, 4.26, 3.59, 0.68, 7.74, 2.01, 0.2, 3.14, 41.87, 1.96, 32.26, 16.84, 8.21, 8.12, 3.59, 4.21, 3.85),
(10816, 'HOU', 'alexey', 'shved', 0, 10.38, 1.38, 0.88, 0.5, 2.62, 0.81, 0.06, 1, 16.71, 1.31, 16.19, 7.75, 3.19, 3.44, 1.06, 3.44, 2.94),
(1410, 'HOU', 'clint', 'capela', 0, 4.58, 3.58, 2.42, 1.17, 1.17, 0, 0.83, 1.08, 11.22, 1.33, 10.67, 3.08, 2, 0.5, 0.33, 1.67, 0.25),
(10815, 'HOU', 'corey', 'brewer', 0, 10.3, 4, 2.65, 1.35, 3.22, 2.3, 0.17, 2.09, 22.8, 2.48, 27.74, 9.3, 3.87, 1.7, 0.35, 3.04, 2.22),
(398, 'HOU', 'donatas', 'motiejunas', 0, 11.65, 5.57, 3.65, 1.91, 1.78, 0.76, 0.43, 1.61, 21.79, 2.83, 27.48, 9.57, 4.76, 1.8, 0.67, 2.35, 1.46),
(389, 'HOU', 'dwight', 'howard', 0, 15.73, 10.51, 7.85, 2.66, 1.22, 0.71, 1.27, 2.78, 31.35, 3.41, 29.61, 10.44, 6.12, 0.1, 0.05, 6.51, 3.44),
(394, 'HOU', 'francisco', 'garcia', 0, 4.86, 1.86, 1.36, 0.5, 1, 0.64, 0.5, 0.86, 10.01, 1.64, 14.93, 5.21, 1.86, 3.21, 0.86, 0.5, 0.29),
(393, 'HOU', 'isaiah', 'canaan', 0, 14, 3, 2, 1, 3, 1, 1, 3, 23.1, 5, 29, 10, 3, 9, 3, 5, 5),
(396, 'HOU', 'james', 'harden', 0, 27.32, 5.57, 4.62, 0.95, 6.89, 1.91, 0.71, 3.94, 45.63, 2.59, 36.28, 18.33, 8.04, 6.82, 2.53, 10.06, 8.71),
(391, 'HOU', 'jason', 'terry', 0, 7.03, 1.59, 1.38, 0.21, 1.87, 0.84, 0.24, 0.96, 12.94, 1.53, 20.84, 5.83, 2.45, 4.14, 1.61, 0.64, 0.53),
(400, 'HOU', 'joey', 'dorsey', 0, 3.13, 4.33, 2.74, 1.59, 0.45, 0.7, 0.41, 0.7, 10.51, 2.42, 13.51, 2.55, 1.36, 0.13, 0.01, 1.3, 0.39),
(11906, 'HOU', 'josh', 'smith', 0, 2, 8, 6, 2, 2, 1, 2, 2, 18.6, 3, 14, 4, 1, 3, 0, 0, 0),
(20884, 'HOU', 'kj', 'mcdaniels', 0, 9.12, 3.83, 2.58, 1.25, 1.35, 0.87, 1.33, 2, 18.11, 2.38, 25.27, 8.13, 3.19, 2.85, 0.79, 2.6, 1.94),
(392, 'HOU', 'kostas', 'papanikolaou', 0, 5.35, 3.13, 1.98, 1.15, 1.91, 0.59, 0.37, 1.26, 12.63, 1.65, 19.02, 4.98, 2.11, 2.15, 0.67, 0.83, 0.46),
(1189, 'HOU', 'nick', 'johnson', 0, 5.19, 3, 1.84, 1.16, 0.69, 0.28, 0.5, 0.88, 10.51, 1.5, 14.41, 4.53, 1.94, 1.09, 0.25, 1.72, 1.06),
(20878, 'HOU', 'pablo', 'prigioni', 0, 5.22, 2.07, 1.64, 0.42, 2.38, 1.18, 0.07, 1.11, 12.65, 1.22, 18.73, 4.11, 1.76, 2.67, 1.02, 0.87, 0.69),
(390, 'HOU', 'patrick', 'beverley', 0, 9.96, 4.22, 3.02, 1.2, 3.47, 1.04, 0.42, 1.49, 21.65, 3.24, 30.31, 9.38, 3.58, 5.67, 1.98, 1.09, 0.82),
(397, 'HOU', 'tarik', 'black', 0, 6.36, 5.98, 3.66, 2.32, 0.64, 0.32, 0.41, 0.8, 15.16, 2.51, 19.07, 4.58, 2.64, 0.07, 0.02, 1.86, 1.05),
(395, 'HOU', 'terrence', 'jones', 0, 9, 6.32, 4.41, 1.91, 1.27, 0.55, 1.5, 1, 21.58, 2.59, 25.18, 8.18, 3.73, 0.95, 0.18, 2.45, 1.36),
(388, 'HOU', 'trevor', 'ariza', 0, 12.94, 5.65, 4.71, 0.94, 2.55, 1.88, 0.21, 1.75, 25.97, 2.29, 35.41, 11.15, 4.53, 6.78, 2.4, 1.74, 1.49),
(399, 'HOU', 'troy', 'daniels', 0, 3.21, 1.05, 0.68, 0.37, 0.79, 0.26, 0, 0.53, 5.66, 0.84, 9.16, 3.53, 1.21, 2.05, 0.68, 0.21, 0.11),
(2208, 'IND', 'aj', 'price', 0, 5.6, 1.8, 1.2, 0.6, 1.2, 0.2, 0, 0.6, 9.36, 1.4, 12.2, 5.8, 2.4, 1.2, 0.2, 0.8, 0.6),
(459, 'IND', 'C.J.', 'miles', 0, 13.28, 3.07, 2.81, 0.26, 1.09, 0.84, 0.36, 1.06, 19.94, 1.88, 25.74, 11.67, 4.62, 6.29, 2.16, 2.32, 1.87),
(460, 'IND', 'chris', 'copeland', 0, 0, 0, 0, 0, 1, 0, 0, 0, 1.5, 0, 2, 0, 0, 0, 0, 0, 0),
(457, 'IND', 'cj', 'watson', 0, 10.18, 2.98, 2.6, 0.38, 3.55, 0.98, 0.23, 1.8, 19.72, 1.93, 24.72, 7.42, 3.32, 2.93, 1.17, 2.93, 2.38),
(462, 'IND', 'damjan', 'rudez', 0, 8, 10, 10, 0, 1, 2, 0, 0, 25.5, 0, 17, 5, 4, 0, 0, 0, 0),
(463, 'IND', 'david', 'west', 0, 11.91, 7.11, 5.29, 1.83, 3.26, 0.71, 0.54, 1.71, 26.14, 2.69, 27.8, 11.06, 5.06, 0.31, 0.06, 2.54, 1.74),
(454, 'IND', 'donald', 'sloan', 0, 8.21, 3.77, 3.29, 0.48, 3.76, 0.48, 0.13, 1.35, 18.25, 1.16, 22.42, 7.34, 3.16, 2.1, 0.66, 1.55, 1.23),
(10975, 'IND', 'george', 'hill', 0, 16, 4.14, 3.57, 0.57, 5.1, 1, 0.31, 1.57, 29.66, 2.55, 28.81, 12.36, 5.86, 4.45, 1.6, 3.4, 2.69),
(456, 'IND', 'ian', 'mahinmi', 0, 4.5, 5.87, 4.18, 1.69, 0.61, 0.48, 0.73, 0.98, 13.9, 2.76, 18.53, 3.65, 1.98, 0, 0, 1.68, 0.53),
(455, 'IND', 'lavoy', 'allen', 0, 5.08, 5.19, 3.21, 1.98, 1.18, 0.24, 0.68, 0.63, 14.29, 1.65, 16.71, 4.81, 2.27, 0, 0, 0.76, 0.53),
(1120, 'IND', 'luis', 'scola', 0, 20, 8, 6, 2, 1, 0, 0, 2, 29.1, 3, 31, 16, 8, 3, 1, 3, 3),
(29548, 'IND', 'paul', 'george', 0, 10.2, 3.6, 3, 0.6, 1, 1, 0.2, 2, 16.42, 1.2, 14.6, 8.8, 3.4, 4, 1.8, 2.2, 1.6),
(461, 'IND', 'rodney', 'stuckey', 0, 12.64, 3.5, 3.01, 0.49, 3.07, 0.77, 0.13, 1.67, 21.58, 1.86, 25.87, 10.59, 4.7, 1.97, 0.77, 3.03, 2.47),
(453, 'IND', 'roy', 'hibbert', 0, 7, 8, 6, 2, 0, 0, 4, 1, 23.6, 4, 25, 7, 3, 0, 0, 2, 1),
(458, 'IND', 'shayne', 'whittington', 0, 6.18, 3.68, 2.71, 0.97, 1.61, 0.58, 0.53, 1.24, 13.99, 1.58, 16.05, 5.39, 2.45, 0.32, 0.05, 1.66, 1.24),
(452, 'IND', 'solomon', 'hill', 0, 9, 3.84, 3, 0.84, 2.26, 0.81, 0.22, 1.42, 17.65, 2.17, 28.64, 7.79, 3.1, 2.57, 0.84, 2.38, 1.96),
(18, 'LAC', 'austin', 'rivers', 0, 6.97, 2, 1.64, 0.36, 2.04, 0.63, 0.18, 0.86, 13.21, 1.92, 20.11, 6.53, 2.67, 1.72, 0.51, 1.66, 1.12),
(966, 'LAC', 'blake', 'griffin', 0, 20, 6.82, 5.12, 1.7, 5.09, 0.79, 0.39, 1.82, 36.36, 2.82, 33.33, 15.94, 8, 0.33, 0.21, 5.24, 3.79),
(845, 'LAC', 'chris', 'douglas-roberts', 0, 1.58, 1, 0.92, 0.08, 0.33, 0.08, 0, 0, 3.45, 1.17, 8, 1.75, 0.42, 0.58, 0.08, 0.67, 0.67),
(16, 'LAC', 'chris', 'paul', 0, 19, 4.59, 3.94, 0.65, 10.23, 1.9, 0.18, 2.33, 41.7, 2.51, 34.33, 14.25, 6.9, 4.25, 1.69, 3.89, 3.51),
(5810, 'LAC', 'cj', 'wilcox', 0, 5.68, 1.86, 1.57, 0.29, 1.5, 0.36, 0.32, 0.75, 10.76, 1.11, 11.89, 4.89, 2.29, 1.14, 0.32, 1.29, 0.79),
(25, 'LAC', 'cole', 'aldrich', 0, 6.75, 5.47, 3.86, 1.61, 1.31, 0.69, 1.03, 1.03, 17.69, 2.09, 16.73, 5.86, 2.75, 0.36, 0.14, 1.41, 1.11),
(15155, 'LAC', 'dahntay', 'jones', 0, 2.14, 0.8, 0.69, 0.11, 0.54, 0.11, 0.09, 0.17, 4.15, 0.89, 5.86, 1.86, 0.74, 0.2, 0.03, 0.86, 0.63),
(15, 'LAC', 'deandre', 'jordan', 0, 11.55, 14.95, 10.13, 4.82, 0.75, 0.99, 2.27, 1.33, 35.8, 2.96, 34, 6.54, 4.64, 0.05, 0.01, 5.72, 2.27),
(850, 'LAC', 'ekpe', 'udoh', 0, 9.18, 3.39, 2.52, 0.86, 1.82, 0.55, 0.5, 1.25, 16.81, 1.48, 14.41, 7, 3.57, 0.14, 0.05, 2.48, 2),
(2423, 'LAC', 'glen', 'davis', 0, 3.95, 2.32, 1.73, 0.59, 0.53, 0.56, 0.29, 0.53, 8.69, 1.77, 11.68, 3.41, 1.56, 0.05, 0, 1.3, 0.82),
(847, 'LAC', 'hidayet', 'turkoglu', 0, 6.92, 2.73, 2.29, 0.44, 1.37, 0.41, 0.12, 0.79, 12.54, 1.47, 15.17, 5.43, 2.53, 1.95, 0.81, 1.53, 1.04),
(23, 'LAC', 'jamal', 'crawford', 0, 15.66, 1.91, 1.63, 0.28, 2.46, 0.92, 0.22, 1.43, 22.49, 1.68, 26.15, 13.05, 5.12, 5.69, 1.83, 3.98, 3.58),
(852, 'LAC', 'jared', 'cunningham', 0, 1.84, 0.47, 0.42, 0.05, 0.53, 0.16, 0, 0.37, 3.15, 0.63, 4.16, 1.74, 0.63, 0.68, 0.21, 0.68, 0.37),
(21, 'LAC', 'jj', 'redick', 0, 16.38, 2.16, 1.87, 0.29, 1.73, 0.49, 0.1, 1.23, 21.54, 1.75, 30.43, 12.04, 5.72, 5.87, 2.57, 2.63, 2.37),
(851, 'LAC', 'jordan', 'farmar', 0, 4.64, 1.17, 0.94, 0.22, 1.86, 0.56, 0.14, 0.89, 9.33, 1.44, 14.25, 4.39, 1.69, 2.69, 0.97, 0.31, 0.28),
(22253, 'LAC', 'jordan', 'hamilton', 0, 2.71, 1.14, 1, 0.14, 0.5, 0.14, 0, 0.29, 4.84, 1, 8.29, 2.5, 1, 1.5, 0.71, 0, 0),
(22, 'LAC', 'josh', 'smith', 0, 2, 8, 6, 2, 2, 1, 2, 2, 18.6, 3, 14, 4, 1, 3, 0, 0, 0),
(19, 'LAC', 'lance', 'stephenson', 0, 0, 0, 0, 0, 0, 1, 0, 0, 2, 3, 5, 0, 0, 0, 0, 0, 0),
(28190, 'LAC', 'lester', 'hudson', 0, 3.6, 1.6, 1.4, 0.2, 1, 1.2, 0.2, 0.6, 9.22, 0.8, 10.8, 2.8, 1.2, 1.2, 0.6, 0.8, 0.6),
(24, 'LAC', 'luc', 'mbah a moute', 0, 9.42, 4.6, 3.46, 1.15, 1.35, 1.15, 0.35, 1.62, 18.35, 1.54, 27.06, 9.29, 3.6, 2.85, 0.83, 2.44, 1.38),
(841, 'LAC', 'matt', 'barnes', 0, 10.05, 3.97, 3.3, 0.67, 1.5, 0.88, 0.66, 1.14, 19.01, 3.16, 29.39, 8.21, 3.64, 4.95, 1.79, 1.25, 0.97),
(23999, 'LAC', 'nate', 'robinson', 0, 5.11, 1.22, 0.89, 0.33, 2.22, 0.67, 0, 0.89, 10.36, 0.89, 13.56, 5.67, 1.89, 2.22, 0.78, 0.67, 0.56),
(20, 'LAC', 'pablo', 'prigioni', 0, 5.22, 2.07, 1.64, 0.42, 2.38, 1.18, 0.07, 1.11, 12.65, 1.22, 18.73, 4.11, 1.76, 2.67, 1.02, 0.87, 0.69),
(14, 'LAC', 'paul', 'pierce', 0, 11.68, 4.18, 3.56, 0.62, 1.93, 0.58, 0.36, 1.25, 20.23, 2.17, 25.71, 8.9, 3.94, 4.1, 1.57, 2.86, 2.22),
(846, 'LAC', 'reggie', 'bullock', 0, 1.64, 1.45, 1.36, 0.09, 0.64, 0.45, 0.09, 0.55, 4.88, 0.91, 8.82, 2.82, 0.55, 0.82, 0, 0.82, 0.55),
(849, 'LAC', 'spencer', 'hawes', 0, 5.63, 3.57, 3.16, 0.4, 1.1, 0.33, 0.67, 0.84, 12.73, 2.22, 16.21, 5.48, 2.13, 2.37, 0.75, 0.91, 0.61),
(17, 'LAC', 'wesley', 'johnson', 0, 9.82, 4.29, 3.35, 0.95, 1.6, 0.77, 0.62, 1.13, 19.02, 2.12, 28.81, 9.01, 3.74, 3.32, 1.17, 1.46, 1.17),
(146, 'LAL', 'brandon', 'bass', 0, 7, 3, 3, 0, 1, 0, 1, 0, 14.1, 3, 22, 3, 2, 0, 0, 4, 3),
(655, 'LAL', 'carlos', 'boozer', 0, 11.71, 6.86, 5.29, 1.57, 1.34, 0.6, 0.17, 1.33, 22.18, 2.53, 23.22, 10.43, 5.19, 0, 0, 2.1, 1.33),
(144, 'LAL', 'd angelo', 'russell', 0, 13, 9, 9, 0, 6, 0, 0, 3, 29.8, 0, 35, 10, 4, 4, 2, 4, 3),
(29213, 'LAL', 'dwight', 'buycks', 0, 8.67, 2, 1.67, 0.33, 2.33, 0.5, 0, 2, 13.57, 0.5, 20, 6.67, 3, 1.83, 1.17, 1.67, 1.5),
(410, 'LAL', 'ed', 'davis', 0, 9, 3, 1, 2, 3, 0, 0, 1, 16.1, 3, 17, 5, 4, 0, 0, 2, 1),
(24503, 'LAL', 'jabari', 'brown', 0, 10.83, 1.83, 1.67, 0.17, 2.11, 0.56, 0.11, 1.5, 16.03, 1.67, 28.44, 8.39, 3.39, 3.11, 1.06, 4.11, 3),
(403, 'LAL', 'jeremy', 'lin', 0, 11.24, 2.65, 2.3, 0.35, 4.58, 1.11, 0.43, 2.24, 22.13, 2.55, 25.24, 8.84, 3.74, 2.38, 0.88, 3.62, 2.88),
(149, 'LAL', 'jordan', 'clarkson', 0, 12.13, 3.44, 2.44, 1, 3.33, 0.84, 0.25, 1.65, 21.8, 1.89, 24.98, 10.05, 4.62, 2, 0.65, 2.78, 2.24),
(402, 'LAL', 'jordan', 'hill', 0, 12, 7.88, 5.33, 2.55, 1.45, 0.48, 0.78, 1.48, 24.68, 2.43, 26.22, 11, 5.05, 0.08, 0.03, 2.5, 1.87),
(411, 'LAL', 'julius', 'randle', 0, 11.5, 5, 4, 1, 1.25, 0.75, 0.25, 1.75, 19.62, 3.25, 25.75, 9, 4.75, 0, 0, 3.25, 2),
(142, 'LAL', 'kobe', 'bryant', 0, 21.63, 5.74, 4.92, 0.82, 5.34, 1.26, 0.21, 3.45, 36.03, 1.87, 33.37, 19.84, 7.45, 4.97, 1.42, 6.61, 5.32),
(148, 'LAL', 'larry', 'nance Jr.', 0, 13, 13, 6, 7, 1, 0, 0, 0, 30.1, 0, 31, 15, 5, 0, 0, 3, 3),
(150, 'LAL', 'Lou', 'williams', 0, 14, 5, 4, 1, 0, 0, 0, 1, 19, 0, 24, 8, 3, 3, 1, 7, 7),
(147, 'LAL', 'marcelo', 'huertas', 0, 0, 0, 0, 0, 0, 0, 0, 0, 0, 0, 0, 0, 0, 0, 0, 0, 0),
(145, 'LAL', 'metta', 'world peace', 0, 0, 2, 1, 1, 1, 1, 0, 1, 4.9, 2, 13, 3, 0, 0, 0, 0, 0),
(151, 'LAL', 'nick', 'young', 0, 12.72, 3.41, 2.76, 0.66, 1.45, 0.55, 0.33, 1.19, 19.56, 2.1, 24.78, 10.98, 4.24, 4.29, 1.59, 3.09, 2.66),
(406, 'LAL', 'robert', 'sacre', 0, 4.81, 3.66, 2.31, 1.34, 0.89, 0.4, 0.6, 0.57, 11.96, 1.84, 16.93, 4.69, 1.99, 0, 0, 1.29, 0.84),
(409, 'LAL', 'ronnie', 'price', 0, 1, 0, 0, 0, 2, 1, 0, 1.5, 4.5, 2, 12.5, 2.5, 0.5, 1.5, 0, 0, 0),
(143, 'LAL', 'roy', 'hibbert', 0, 7, 8, 6, 2, 0, 0, 4, 1, 23.6, 4, 25, 7, 3, 0, 0, 2, 1),
(153, 'LAL', 'ryan', 'kelly', 0, 6.85, 3.38, 2.84, 0.55, 1.35, 0.55, 0.47, 0.64, 14.33, 1.98, 22.22, 5.98, 2.4, 1.96, 0.64, 1.82, 1.42),
(152, 'LAL', 'tarik', 'black', 0, 6.36, 5.98, 3.66, 2.32, 0.64, 0.32, 0.41, 0.8, 15.16, 2.51, 19.07, 4.58, 2.64, 0.07, 0.02, 1.86, 1.05),
(31156, 'LAL', 'vander', 'blue', 0, 7, 2, 2, 0, 0, 2, 0, 2, 11.4, 2, 25, 7, 3, 2, 1, 2, 0),
(412, 'LAL', 'wayne', 'ellington', 0, 10, 3.23, 2.75, 0.48, 1.62, 0.51, 0.03, 0.77, 16.61, 1.18, 25.23, 9.49, 3.91, 3.74, 1.38, 0.98, 0.8),
(401, 'LAL', 'wesley', 'johnson', 0, 9.82, 4.29, 3.35, 0.95, 1.6, 0.77, 0.62, 1.13, 19.02, 2.12, 28.81, 9.01, 3.74, 3.32, 1.17, 1.46, 1.17),
(405, 'LAL', 'xavier', 'henry', 0, 2, 0.78, 0.56, 0.22, 0.22, 0.33, 0, 0.22, 3.71, 0.78, 10.11, 2.78, 0.56, 0, 0, 1.78, 0.89),
(560, 'MEM', 'beno', 'udrih', 0, 16, 6, 5, 1, 1, 2, 0, 1, 27.7, 2, 29, 12, 2, 5, 1, 12, 11),
(564, 'MEM', 'courtney', 'lee', 0, 10.12, 2.33, 2.05, 0.28, 1.99, 0.99, 0.14, 1.03, 17.13, 1.7, 30.14, 8.39, 3.76, 2.93, 1.17, 1.64, 1.42),
(18716, 'MEM', 'jamychal', 'green', 0, 9.67, 7.67, 4.67, 3, 2.33, 2, 0.67, 1, 26.7, 3, 23.33, 7, 4, 0.67, 0, 1.67, 1.67),
(563, 'MEM', 'jarnell', 'stokes', 0, 8, 5.55, 3.68, 1.87, 0.71, 0.32, 0.26, 1.23, 15.66, 1.77, 16.61, 6, 3.16, 0.13, 0.03, 2.52, 1.65),
(14978, 'MEM', 'jeff', 'green', 0, 13.05, 4.2, 3.27, 0.93, 1.77, 0.57, 0.45, 1.09, 21.7, 1.77, 29.7, 10.86, 4.64, 3.05, 1.11, 3.23, 2.66),
(567, 'MEM', 'jon', 'leuer', 0, 4.5, 4, 3, 1, 0, 0.5, 0.5, 1.5, 9.8, 1.5, 9, 2, 1.5, 0.5, 0.5, 1, 1),
(562, 'MEM', 'jordan', 'adams', 0, 6.21, 3.09, 2.09, 1, 1.03, 0.7, 0.33, 0.91, 12.62, 1.33, 12.82, 5.24, 2.36, 0.85, 0.33, 1.55, 1.15),
(1977, 'MEM', 'kalin', 'lucas', 0, 0, 0, 0, 0, 0, 1, 0, 0, 2, 1, 5, 1, 0, 0, 0, 0, 0),
(565, 'MEM', 'kosta', 'koufos', 0, 10, 7, 5, 2, 1, 1, 3, 1, 26.9, 5, 23, 9, 4, 0, 0, 4, 2),
(558, 'MEM', 'marc', 'gasol', 0, 17.25, 7.71, 6.34, 1.38, 3.84, 0.85, 1.62, 2.19, 35.02, 2.56, 32.59, 13.16, 6.46, 0.21, 0.04, 5.39, 4.29),
(559, 'MEM', 'mike', 'conley', 0, 15.8, 3.18, 2.7, 0.48, 5.31, 1.27, 0.2, 2.21, 28.31, 1.99, 31.28, 12.62, 5.62, 3.9, 1.51, 3.56, 3.06),
(5232, 'MEM', 'nick', 'calathes', 0, 4.28, 2.05, 1.62, 0.43, 2.34, 0.95, 0.07, 1.09, 11.2, 1.71, 13.79, 4.36, 1.83, 0.67, 0.21, 0.76, 0.41),
(566, 'MEM', 'quincy', 'pondexter', 0, 9.09, 3.11, 2.36, 0.75, 1.48, 0.3, 0.43, 0.91, 15.59, 2.3, 27.45, 7.02, 3.16, 3.86, 1.68, 1.43, 1.09),
(15288, 'MEM', 'russ', 'smith', 0, 7.43, 3.57, 3.14, 0.43, 1.29, 1.14, 1.29, 1.29, 17.21, 1.29, 14.43, 6.29, 2.57, 0.86, 0.14, 3.14, 2.14),
(568, 'MEM', 'tayshaun', 'prince', 0, 0, 1, 1, 0, 0, 0, 0, 0, 1.2, 0, 9, 1, 0, 0, 0, 0, 0),
(557, 'MEM', 'tony', 'allen', 0, 8.56, 4.44, 2.81, 1.63, 1.37, 2.05, 0.48, 1.37, 19.62, 2.63, 25.67, 7.22, 3.57, 0.46, 0.16, 2, 1.25),
(16970, 'MEM', 'tyrus', 'thomas', 0, 2, 0, 0, 0, 0.5, 0, 0, 0, 2.75, 0, 3, 0.5, 0.5, 0, 0, 1, 1),
(561, 'MEM', 'vince', 'carter', 0, 6.06, 2.08, 1.59, 0.48, 1.21, 0.65, 0.21, 0.64, 11.46, 1.53, 15.91, 6.26, 2.17, 3.42, 1.03, 0.88, 0.7),
(861, 'MEM', 'zach', 'randolph', 0, 15.59, 9.86, 7.05, 2.81, 2.14, 1.11, 0.14, 2.08, 31.04, 2.46, 32.16, 12.57, 6.08, 0.24, 0.08, 4.59, 3.35),
(1074, 'MIA', 'andre', 'dawkins', 0, 0.75, 0.5, 0.5, 0, 0.25, 0, 0, 0.25, 1.48, 0.75, 4.75, 1.5, 0.25, 1.5, 0.25, 0, 0),
(226, 'MIA', 'beno', 'udrih', 0, 16, 6, 5, 1, 1, 2, 0, 1, 27.7, 2, 29, 12, 2, 5, 1, 12, 11),
(230, 'MIA', 'chris', 'andersen', 0, 5.68, 4.72, 3.51, 1.21, 0.72, 0.44, 1.04, 0.68, 14.69, 1.42, 18.3, 3.79, 2.16, 0.3, 0.11, 1.93, 1.26),
(506, 'MIA', 'chris', 'bosh', 0, 20.54, 7.1, 6.02, 1.07, 2.1, 0.95, 0.59, 2.07, 33.2, 1.59, 34.07, 16.44, 7.59, 3.68, 1.34, 5.17, 4.02),
(510, 'MIA', 'danny', 'granger', 0, 7.06, 3.06, 2.31, 0.75, 0.53, 0.42, 0.22, 0.69, 12.1, 2.31, 21.14, 5.69, 2.44, 3.03, 1.19, 1.31, 0.97),
(227, 'MIA', 'dwyane', 'wade', 0, 21.38, 3.54, 2.59, 0.95, 4.83, 1.16, 0.33, 3.35, 32.5, 1.71, 31.25, 17.46, 8.17, 1.63, 0.46, 5.94, 4.57),
(223, 'MIA', 'gerald', 'green', 0, 12.17, 2.58, 2.1, 0.48, 1.32, 0.66, 0.19, 1.42, 17.56, 1.97, 19.74, 10.65, 4.49, 5.12, 1.79, 1.68, 1.39),
(222, 'MIA', 'goran', 'dragic', 0, 16.14, 3.49, 2.46, 1.04, 4.44, 0.99, 0.19, 2.19, 27.16, 2.48, 33.04, 12.72, 6.35, 3.28, 1.14, 2.96, 2.29),
(221, 'MIA', 'hassan', 'whiteside', 0, 11.42, 9.7, 6.81, 2.89, 0.23, 0.62, 2.45, 1.26, 28.28, 2.72, 23.7, 7.91, 4.85, 0.25, 0.09, 3.19, 1.62),
(21068, 'MIA', 'henry', 'walker', 0, 6.95, 3.37, 3.16, 0.21, 1.26, 1, 0.47, 0.95, 14.88, 3.11, 24.11, 6.84, 2.42, 5.16, 1.74, 0.47, 0.37),
(514, 'MIA', 'james', 'ennis', 0, 4.79, 2.78, 2.02, 0.76, 0.68, 0.38, 0.27, 0.6, 9.85, 1.46, 16.46, 3.7, 1.51, 1.43, 0.46, 1.56, 1.32),
(229, 'MIA', 'josh', 'mcroberts', 0, 4.12, 3.18, 2.59, 0.59, 1.76, 0.53, 0.18, 1.06, 10.93, 2.35, 16.76, 3.06, 1.53, 1.18, 0.47, 0.88, 0.59),
(231, 'MIA', 'josh', 'richardson', 0, 0, 0, 0, 0, 0, 0, 0, 0, 0, 0, 0, 0, 0, 0, 0, 0, 0),
(516, 'MIA', 'justin', 'hamilton', 0, 5, 6, 4, 2, 1, 1, 1, 1, 16.7, 2, 31, 4, 2, 0, 0, 2, 1),
(228, 'MIA', 'justise', 'winslow', 0, 7, 6, 6, 0, 3, 0, 1, 0, 20.7, 5, 30, 6, 3, 1, 1, 0, 0),
(220, 'MIA', 'luol', 'deng', 0, 13.76, 5.15, 3.74, 1.41, 1.88, 0.89, 0.3, 1.49, 23.64, 1.54, 33.01, 10.8, 5.05, 3.04, 1.07, 3.39, 2.58),
(508, 'MIA', 'mario', 'chalmers', 0, 10.16, 2.58, 2.28, 0.3, 3.84, 1.52, 0.12, 2.16, 20.15, 3.14, 29.11, 8.29, 3.34, 3.1, 0.91, 3.33, 2.58),
(22283, 'MIA', 'michael', 'beasley', 0, 7.75, 3.58, 3.08, 0.5, 1.12, 0.54, 0.46, 1.42, 14.32, 2.71, 19.71, 8.08, 3.5, 1.33, 0.33, 0.62, 0.42),
(507, 'MIA', 'norris', 'cole', 0, 7.57, 2.15, 1.97, 0.18, 3.42, 0.73, 0.19, 1.34, 15.77, 1.66, 24.05, 7.41, 3.03, 2.36, 0.74, 1.08, 0.77),
(509, 'MIA', 'shabazz', 'napier', 0, 11, 3, 3, 0, 9, 1, 1, 0, 32.1, 1, 29, 10, 3, 4, 0, 8, 5),
(515, 'MIA', 'shannon', 'brown', 0, 4, 0.2, 0.2, 0, 0.6, 0.8, 0, 0.8, 5.94, 1.6, 17.4, 3.8, 1.4, 1.4, 0.6, 0.8, 0.6),
(1069, 'MIA', 'shawne', 'williams', 0, 5.1, 2.48, 2.13, 0.35, 0.94, 0.45, 0.35, 0.61, 10.48, 2.42, 18.1, 4.48, 1.81, 2.81, 1.03, 0.52, 0.45),
(224, 'MIA', 'tyler', 'johnson', 0, 6.31, 2.66, 2.14, 0.51, 1.17, 0.91, 0.31, 1, 12.72, 1.37, 18.89, 5.49, 2.23, 1.66, 0.6, 1.74, 1.26),
(225, 'MIA', 'udonis', 'haslem', 0, 4.51, 4.31, 3.02, 1.29, 0.84, 0.41, 0.25, 0.59, 11.7, 1.84, 15.8, 4.08, 1.76, 0.25, 0.04, 1.33, 0.94),
(21063, 'MIA', 'zoran', 'dragic', 0, 1, 0.5, 0.17, 0.33, 0.17, 0, 0, 0, 1.85, 0.17, 1.67, 1.33, 0.33, 0.83, 0, 0.5, 0.33),
(416, 'MIL', 'brandon', 'knight', 0, 18.5, 3, 3, 0, 7.5, 1.5, 0, 6, 30.35, 3.5, 37.5, 16.5, 6, 5, 2, 5, 4.5),
(257, 'MIL', 'chris', 'copeland', 0, 0, 0, 0, 0, 1, 0, 0, 0, 1.5, 0, 2, 0, 0, 0, 0, 0, 0),
(24267, 'MIL', 'christapher', 'johnson', 0, 6, 0, 0, 0, 0, 0, 0, 0, 6, 0, 5, 3, 2, 2, 2, 0, 0),
(9113, 'MIL', 'damien', 'inglis', 0, 0, 0, 0, 0, 0, 0, 0, 0, 0, 0, 0, 0, 0, 0, 0, 0, 0),
(418, 'MIL', 'ersan', 'ilyasova', 0, 10.93, 4.56, 3.19, 1.37, 0.91, 0.7, 0.33, 0.88, 18.92, 2.4, 22.02, 9.37, 4.35, 3.07, 1.16, 1.79, 1.07),
(246, 'MIL', 'giannis', 'antetokounmpo', 0, 12.95, 6.74, 5.5, 1.24, 2.56, 0.91, 1.06, 2.11, 26.72, 3.15, 30.92, 9.7, 4.8, 0.55, 0.1, 4.36, 3.25),
(247, 'MIL', 'greg', 'monroe', 0, 20, 13, 8, 5, 1, 2, 0, 1, 40.1, 3, 31, 19, 9, 0, 0, 2, 2),
(256, 'MIL', 'greivis', 'vasquez', 0, 9.49, 2.62, 2.35, 0.27, 3.65, 0.56, 0.12, 1.46, 18.02, 2.15, 23.79, 8.85, 3.63, 4.28, 1.62, 0.81, 0.62),
(421, 'MIL', 'jabari', 'parker', 0, 12.47, 5.18, 3.41, 1.76, 1.71, 1.35, 0.24, 1.65, 22.77, 1.94, 29.47, 11.18, 5.29, 0.65, 0.18, 2.47, 1.71),
(422, 'MIL', 'jared', 'dudley', 0, 6.81, 2.97, 2.39, 0.58, 1.78, 0.95, 0.16, 0.75, 14.52, 1.55, 22.47, 5.72, 2.62, 2.56, 0.95, 0.86, 0.61),
(255, 'MIL', 'jerryd', 'bayless', 0, 7.87, 2.82, 2.53, 0.29, 3.03, 0.79, 0.16, 1.73, 15.96, 2.14, 22.05, 6.71, 2.88, 1.6, 0.52, 1.81, 1.58),
(249, 'MIL', 'john', 'henson', 0, 7.02, 4.56, 2.77, 1.79, 0.86, 0.39, 1.92, 1.33, 17.09, 2.35, 17.68, 5.14, 2.92, 0, 0, 2.02, 1.17),
(254, 'MIL', 'johnny', 'obryant', 0, 6.26, 2.86, 1.8, 1.06, 0.71, 0.31, 0.23, 0.71, 11.13, 1.66, 14.63, 5.4, 2.49, 1.09, 0.54, 1.29, 0.74),
(18389, 'MIL', 'jorge', 'gutierrez', 0, 3.25, 1.88, 1.38, 0.5, 1.5, 0.5, 0, 1, 7.75, 1.75, 12.75, 2.38, 1.38, 0.25, 0, 0.5, 0.5),
(426, 'MIL', 'kendall', 'marshall', 0, 4.37, 1.04, 0.93, 0.11, 3.22, 0.74, 0, 1.3, 10.63, 1, 15.07, 3.81, 1.7, 1.7, 0.67, 0.33, 0.3),
(14190, 'MIL', 'kenyon', 'martin', 0, 5.38, 2.23, 1.31, 0.92, 0.77, 0.77, 0.62, 0.62, 11.37, 1.38, 14.85, 4.31, 2.31, 1, 0.62, 0.15, 0.15),
(253, 'MIL', 'khris', 'middleton', 0, 13.2, 4.43, 3.81, 0.62, 2.32, 1.57, 0.14, 1.38, 24.03, 2.34, 29.58, 10.78, 5.04, 3.33, 1.35, 2.06, 1.77),
(415, 'MIL', 'larry', 'sanders', 0, 7.18, 5.5, 3.36, 2.14, 0.86, 0.89, 1.25, 1.04, 18.31, 3.61, 21.04, 6.07, 3.11, 0.07, 0.04, 1.79, 0.93),
(248, 'MIL', 'michael', 'carterwilliams', 0, 14.54, 5.43, 4.47, 0.96, 6.5, 1.68, 0.46, 3.9, 31.17, 2.5, 32.29, 13.85, 5.46, 2.37, 0.57, 4.4, 3.06),
(252, 'MIL', 'miles', 'plumlee', 0, 4.07, 4.36, 2.84, 1.53, 0.49, 0.53, 0.89, 0.7, 12.17, 1.57, 15.97, 3.57, 1.88, 0.07, 0.03, 0.59, 0.28),
(420, 'MIL', 'nate', 'wolters', 0, 1.7, 1.8, 1.2, 0.6, 1.1, 0.3, 0.2, 1, 5.51, 0.7, 9.9, 2.6, 0.8, 0.2, 0, 0.2, 0.1),
(250, 'MIL', 'oj', 'mayo', 0, 11.14, 2.69, 2.28, 0.42, 2.71, 0.82, 0.25, 1.76, 18.81, 2.39, 23.6, 9.75, 4.11, 3.82, 1.36, 1.9, 1.56),
(251, 'MIL', 'rashad', 'vaughn', 0, 0, 1, 1, 0, 0, 1, 1, 1, 4.2, 0, 4, 1, 0, 1, 0, 0, 0),
(20914, 'MIL', 'tyler', 'ennis', 0, 3.89, 1.22, 0.89, 0.33, 1.78, 0.11, 0.33, 1.33, 7.58, 0.56, 9.67, 3.67, 1.67, 0.78, 0.33, 0.33, 0.22),
(423, 'MIL', 'zaza', 'pachulia', 0, 8.39, 6.86, 4.15, 2.71, 2.43, 1.08, 0.29, 1.83, 21.18, 2.35, 23.33, 7.29, 3.32, 0.04, 0, 2.22, 1.75),
(275, 'MIN', 'adreian', 'payne', 0, 4, 3, 3, 0, 1, 1, 1, 3, 10.1, 6, 11, 3, 2, 0, 0, 0, 0),
(277, 'MIN', 'andre', 'miller', 0, 3.46, 1.48, 1.1, 0.38, 2.8, 0.26, 0.04, 0.92, 9.12, 1.1, 11.9, 2.72, 1.44, 0.16, 0.02, 0.78, 0.56),
(272, 'MIN', 'andrew', 'wiggins', 0, 16.88, 4.54, 2.89, 1.65, 2.07, 1.01, 0.6, 2.16, 26.51, 2.32, 35.62, 13.88, 6.07, 1.52, 0.47, 5.62, 4.26),
(548, 'MIN', 'anthony', 'bennett', 0, 5.13, 3.65, 2.89, 0.76, 0.81, 0.44, 0.26, 0.61, 11.53, 1.5, 14.93, 5.02, 2.13, 0.37, 0.11, 1.19, 0.76),
(29787, 'MIN', 'arinze', 'onuaku', 0, 3, 3, 2.6, 0.4, 0.4, 0, 0.6, 0.4, 8, 1, 8.2, 1.6, 1.4, 0, 0, 0.4, 0.2),
(555, 'MIN', 'chase', 'budinger', 0, 6.97, 3.17, 2.61, 0.56, 1.13, 0.73, 0.17, 0.75, 13.52, 1.2, 19.3, 6.03, 2.62, 2.06, 0.73, 1.23, 1),
(552, 'MIN', 'corey', 'brewer', 0, 10.3, 4, 2.65, 1.35, 3.22, 2.3, 0.17, 2.09, 22.8, 2.48, 27.74, 9.3, 3.87, 1.7, 0.35, 3.04, 2.22),
(278, 'MIN', 'damjan', 'rudez', 0, 8, 10, 10, 0, 1, 2, 0, 0, 25.5, 0, 17, 5, 4, 0, 0, 0, 0),
(20843, 'MIN', 'gary', 'neal', 0, 10.92, 3.23, 3.08, 0.15, 1.69, 0.69, 0.08, 1.23, 17.65, 1.62, 23.85, 9.31, 3.92, 2.38, 0.85, 2.54, 2.23),
(550, 'MIN', 'glenn', 'Robinson III', 0, 4.4, 2.2, 1.4, 0.8, 0.9, 0.3, 0.1, 0.8, 8.39, 0.8, 14, 4.5, 1.8, 1.3, 0.4, 0.8, 0.4),
(280, 'MIN', 'gorgui', 'dieng', 0, 9.64, 8.19, 5.15, 3.04, 2, 0.97, 1.71, 1.74, 26.1, 2.57, 29.38, 6.89, 3.5, 0.07, 0.01, 3.36, 2.62),
(6604, 'MIN', 'jeff', 'adrien', 0, 3.53, 4.53, 3.18, 1.35, 0.88, 0.24, 0.53, 0.53, 11.29, 1.76, 12.24, 2.59, 1.12, 0, 0, 2.24, 1.29),
(24337, 'MIN', 'justin', 'hamilton', 0, 5, 6, 4, 2, 1, 1, 1, 1, 16.7, 2, 31, 4, 2, 0, 0, 2, 1),
(273, 'MIN', 'karl-anthony', 'towns', 0, 6, 3, 1, 2, 0, 1, 2, 0, 15.6, 4, 19, 7, 3, 0, 0, 0, 0),
(22211, 'MIN', 'kevin', 'garnett', 0, 7.96, 6.7, 5.48, 1.22, 1.39, 0.96, 0.3, 1.3, 19.3, 2.22, 20.91, 6.91, 3.52, 0.17, 0.04, 0.96, 0.87),
(279, 'MIN', 'kevin', 'martin', 0, 18.66, 3.63, 3.07, 0.56, 2.24, 0.78, 0.05, 1.85, 26.19, 1.88, 32.39, 15.41, 6.44, 4.63, 1.78, 4.61, 4),
(17969, 'MIN', 'lorenzo', 'brown', 0, 3.63, 2.44, 1.96, 0.48, 3.19, 0.96, 0.22, 1.04, 12.67, 1.63, 18.19, 3.93, 1.59, 0.81, 0.11, 0.56, 0.33),
(547, 'MIN', 'maurice', 'williams', 0, 12.52, 2.76, 2.24, 0.52, 5.63, 0.83, 0.2, 2.37, 23.95, 2.5, 28.3, 11.24, 4.7, 3.78, 1.3, 2.22, 1.83),
(14182, 'MIN', 'miroslav', 'raduljica', 0, 3.67, 2.67, 1.5, 1.17, 1, 0.17, 0, 0.33, 8.37, 1.5, 8.67, 4.17, 1.67, 0.17, 0, 0.33, 0.33),
(545, 'MIN', 'nikola', 'pekovic', 0, 11.97, 7.24, 4.62, 2.62, 0.97, 0.65, 0.38, 1.35, 22.81, 2.06, 25.56, 10.47, 4.38, 0, 0, 3.91, 3.21),
(274, 'MIN', 'ricky', 'rubio', 0, 9.77, 5.65, 4.85, 0.81, 7.88, 1.54, 0.08, 2.69, 28.92, 2.81, 30.54, 9.46, 3.42, 2.04, 0.5, 3.04, 2.42),
(549, 'MIN', 'robbie', 'hummel', 0, 4.93, 3.04, 2.33, 0.71, 0.73, 0.47, 0.2, 0.4, 10.62, 1.93, 16.51, 4.07, 1.96, 1.24, 0.4, 0.76, 0.62),
(2490, 'MIN', 'ronny', 'turiaf', 0, 0, 0.5, 0.5, 0, 1, 0, 0, 0, 2.1, 0, 9, 0, 0, 0, 0, 0, 0),
(26142, 'MIN', 'sean', 'kilpatrick', 0, 5.5, 1.5, 1.25, 0.25, 1, 0.75, 0, 0.5, 9.8, 0.75, 17.5, 5, 1.75, 3.25, 1, 1, 1),
(276, 'MIN', 'shabazz', 'muhammad', 0, 13.64, 3.86, 2.31, 1.56, 1.17, 0.47, 0.17, 0.92, 20.38, 1.25, 22.19, 10.39, 5.17, 1.39, 0.58, 3.81, 2.72),
(282, 'MIN', 'tayshaun', 'prince', 0, 0, 1, 1, 0, 0, 0, 0, 0, 1.2, 0, 9, 1, 0, 0, 0, 0, 0),
(551, 'MIN', 'thaddeus', 'young', 0, 16.24, 5.4, 3.72, 1.68, 3.04, 2.08, 0.4, 1.68, 30.56, 2.44, 34.64, 14.08, 6.64, 1.28, 0.44, 3.64, 2.52),
(10715, 'MIN', 'troy', 'daniels', 0, 3.21, 1.05, 0.68, 0.37, 0.79, 0.26, 0, 0.53, 5.66, 0.84, 9.16, 3.53, 1.21, 2.05, 0.68, 0.21, 0.11),
(283, 'MIN', 'tyus', 'jones', 0, 0, 0, 0, 0, 0, 0, 0, 0, 0, 0, 0, 0, 0, 0, 0, 0, 0),
(281, 'MIN', 'zach', 'lavine', 0, 10.05, 2.77, 2.42, 0.35, 3.44, 0.65, 0.12, 2.52, 17.55, 2.05, 24.06, 8.81, 3.73, 2.14, 0.71, 2.25, 1.88),
(71, 'NOP', 'alexis', 'ajinca', 0, 7.19, 4.99, 3.31, 1.67, 0.72, 0.36, 0.82, 1.07, 15.53, 2.24, 14.06, 5.34, 2.94, 0.03, 0.01, 1.63, 1.3),
(66, 'NOP', 'alonzo', 'gee', 0, 6.44, 2.69, 2, 0.69, 0.69, 0.62, 0.12, 0.62, 11.57, 1.06, 12.88, 5.25, 2.44, 0.75, 0.31, 1.69, 1.25),
(1455, 'NOP', 'anthony', 'davis', 0, 25.32, 10, 7.47, 2.53, 2.12, 1.35, 2.53, 1.53, 46.74, 2.47, 35.79, 17.65, 9.94, 0.26, 0.03, 6.26, 5.41),
(354, 'NOP', 'austin', 'rivers', 0, 6.97, 2, 1.64, 0.36, 2.04, 0.63, 0.18, 0.86, 13.21, 1.92, 20.11, 6.53, 2.67, 1.72, 0.51, 1.66, 1.12),
(70, 'NOP', 'dante', 'cunningham', 0, 4.95, 3.7, 2.67, 1.03, 0.73, 0.67, 0.56, 0.54, 12.39, 1.57, 24.05, 5.05, 2.29, 0.17, 0.02, 0.59, 0.37),
(356, 'NOP', 'darius', 'miller', 0, 4.67, 3, 1.5, 1.5, 0.67, 0.67, 1.5, 0.17, 13.43, 1.5, 12.67, 4.83, 1.83, 0.17, 0, 1.5, 1),
(23286, 'NOP', 'elliot', 'williams', 0, 5.17, 1.83, 1.67, 0.17, 1.33, 0.5, 0.67, 1.17, 10.53, 0.67, 12.17, 4.33, 1.83, 1.33, 0.83, 1.5, 0.67),
(72, 'NOP', 'eric', 'gordon', 0, 13.51, 2.61, 2.16, 0.44, 3.8, 0.84, 0.23, 2.02, 22.46, 2.34, 32.69, 11.44, 4.69, 5.3, 2.36, 2.21, 1.77),
(7788, 'NOP', 'gal', 'mekel', 0, 4.2, 1.4, 1, 0.4, 2.6, 1, 0, 0.8, 10.98, 0.8, 17, 7.2, 1.6, 2.2, 0.4, 0.6, 0.6),
(69, 'NOP', 'ish', 'smith', 0, 12.04, 2.92, 2.52, 0.4, 6.08, 1.28, 0.2, 2.76, 24.86, 1.52, 26.56, 12.88, 5.12, 2.2, 0.68, 1.92, 1.12),
(360, 'NOP', 'jeff', 'withey', 0, 4, 5, 3, 2, 0, 1, 1, 1, 13, 1, 14, 2, 1, 0, 0, 4, 2),
(359, 'NOP', 'jimmer', 'fredette', 0, 4.57, 1.24, 1.02, 0.22, 1.35, 0.33, 0.24, 0.69, 8.53, 0.84, 10.92, 4.04, 1.69, 0.96, 0.18, 1.22, 1.02),
(353, 'NOP', 'john', 'salmons', 0, 5.73, 2.57, 1.9, 0.67, 0.83, 0.57, 0.87, 0.53, 12.4, 1.23, 16.07, 4.77, 2.3, 0.87, 0.27, 1.13, 0.87),
(68, 'NOP', 'jrue', 'holiday', 0, 14.73, 3.3, 2.53, 0.77, 6.85, 1.58, 0.57, 2.3, 30.96, 2.83, 32.03, 13.27, 5.93, 3.35, 1.25, 1.95, 1.62),
(21051, 'NOP', 'justin', 'hamilton', 0, 5, 6, 4, 2, 1, 1, 1, 1, 16.7, 2, 31, 4, 2, 0, 0, 2, 1),
(75, 'NOP', 'luke', 'babbitt', 0, 4.06, 1.73, 1.55, 0.19, 0.39, 0.27, 0.17, 0.41, 7.2, 1.03, 12.62, 3.05, 1.45, 1.84, 0.94, 0.33, 0.22),
(15007, 'NOP', 'nate', 'wolters', 0, 1.7, 1.8, 1.2, 0.6, 1.1, 0.3, 0.2, 1, 5.51, 0.7, 9.9, 2.6, 0.8, 0.2, 0, 0.2, 0.1),
(76, 'NOP', 'norris', 'cole', 0, 7.57, 2.15, 1.97, 0.18, 3.42, 0.73, 0.19, 1.34, 15.77, 1.66, 24.05, 7.41, 3.03, 2.36, 0.74, 1.08, 0.77),
(67, 'NOP', 'omer', 'asik', 0, 7.24, 9.84, 6.66, 3.18, 0.93, 0.37, 0.7, 1.26, 21.32, 1.87, 25.42, 5.38, 2.76, 0, 0, 2.88, 1.71),
(1699, 'NOP', 'patric', 'young', 0, 19, 11, 9, 2, 2, 1, 2.5, 0.5, 41.7, 1, 36.5, 14.5, 7, 0, 0, 6, 5),
(15004, 'NOP', 'quincy', 'pondexter', 0, 9.09, 3.11, 2.36, 0.75, 1.48, 0.3, 0.43, 0.91, 15.59, 2.3, 27.45, 7.02, 3.16, 3.86, 1.68, 1.43, 1.09),
(1460, 'NOP', 'russ', 'smith', 0, 7.43, 3.57, 3.14, 0.43, 1.29, 1.14, 1.29, 1.29, 17.21, 1.29, 14.43, 6.29, 2.57, 0.86, 0.14, 3.14, 2.14),
(73, 'NOP', 'ryan', 'j anderson', 0, 13.86, 4.78, 3.03, 1.75, 0.9, 0.49, 0.34, 1.03, 21.57, 1.81, 26.71, 11.98, 4.85, 5.86, 2, 2.54, 2.17),
(74, 'NOP', 'toney', 'douglas', 0, 3.92, 1.69, 1.54, 0.15, 1.85, 0.92, 0.31, 0.85, 10.34, 1.62, 13.54, 4, 1.46, 1.46, 0.38, 1, 0.62),
(350, 'NOP', 'tyreke', 'evans', 0, 16.59, 5.28, 4.24, 1.04, 6.54, 1.24, 0.46, 3.15, 32.99, 2.5, 33.49, 14.74, 6.56, 2.88, 0.87, 3.73, 2.59),
(20813, 'NYK', 'alexey', 'shved', 0, 10.38, 1.38, 0.88, 0.5, 2.62, 0.81, 0.06, 1, 16.71, 1.31, 16.19, 7.75, 3.19, 3.44, 1.06, 3.44, 2.94),
(786, 'NYK', 'amare', 'stoudemire', 0, 11.86, 6.49, 4.26, 2.23, 1.09, 0.49, 0.89, 1.69, 22.33, 3.14, 23.2, 8.89, 4.66, 0.29, 0.09, 3.29, 2.46),
(12484, 'NYK', 'andrea', 'bargnani', 0, 14.53, 4.37, 3.27, 1.1, 1.6, 0.1, 0.9, 1.47, 22.71, 1.87, 26.43, 12.27, 5.57, 1.37, 0.5, 3.57, 2.9),
(215, 'NYK', 'arron', 'afflalo', 0, 10.56, 2.68, 2.44, 0.24, 1.12, 0.36, 0.08, 1.32, 15.02, 2.36, 29.68, 9.08, 3.76, 3.6, 1.44, 1.88, 1.6),
(207, 'NYK', 'carmelo', 'anthony', 0, 23.04, 6, 4.23, 1.77, 3.19, 0.92, 0.35, 2.31, 35.26, 2, 34.58, 19.38, 8.31, 4.31, 1.23, 6.27, 5.19),
(594, 'NYK', 'cleanthony', 'early', 0, 5.85, 2.83, 2.15, 0.68, 0.98, 0.6, 0.32, 1.08, 11.48, 1.52, 17.38, 5.43, 2.22, 1.83, 0.57, 1.12, 0.82),
(588, 'NYK', 'cole', 'aldrich', 0, 6.75, 5.47, 3.86, 1.61, 1.31, 0.69, 1.03, 1.03, 17.69, 2.09, 16.73, 5.86, 2.75, 0.36, 0.14, 1.41, 1.11),
(218, 'NYK', 'derrick', 'williams', 0, 8.11, 2.73, 2.11, 0.62, 0.65, 0.46, 0.07, 0.73, 12.68, 1, 19, 6.43, 2.85, 2.03, 0.62, 2.59, 1.78),
(585, 'NYK', 'iman', 'shumpert', 0, 9.75, 3.62, 2.75, 0.88, 3.17, 1.29, 0.12, 1.79, 19.89, 2.62, 25.88, 9.04, 3.75, 2.71, 0.96, 1.88, 1.29),
(592, 'NYK', 'jason', 'smith', 0, 4, 3, 3, 0, 1, 1, 1, 0, 13.1, 2, 15, 4, 2, 0, 0, 0, 0),
(212, 'NYK', 'jerian', 'grant', 0, 0, 1, 0, 1, 0, 0, 0, 0, 1.2, 1, 11, 4, 0, 1, 0, 0, 0),
(209, 'NYK', 'jose', 'calderon', 0, 8.98, 2.95, 2.51, 0.44, 4.65, 0.74, 0, 1.74, 19.24, 1.79, 29.81, 8.33, 3.47, 3.33, 1.37, 0.74, 0.67),
(586, 'NYK', 'jr', 'smith', 0, 12.49, 3.3, 2.79, 0.51, 2.76, 1.21, 0.34, 1.43, 22.27, 2.34, 29.67, 10.9, 4.63, 6, 2.3, 1.21, 0.93),
(213, 'NYK', 'kevin', 'seraphin', 0, 6.92, 3.59, 2.51, 1.08, 0.81, 0.15, 0.68, 1.19, 12.92, 2.49, 15.26, 5.77, 3.06, 0.04, 0, 1.09, 0.79),
(214, 'NYK', 'kristaps', 'porzingis', 0, 20, 14, 13, 1, 1, 1, 2, 1, 43.3, 4, 37, 18, 7, 5, 3, 3, 3),
(211, 'NYK', 'kyle', 'oquinn', 0, 0, 2, 2, 0, 0, 0, 1, 2, 2.4, 1, 4, 1, 0, 0, 0, 0, 0),
(216, 'NYK', 'lance', 'thomas', 0, 6.96, 3.5, 2.39, 1.11, 1.07, 0.59, 0.31, 1.15, 13.44, 1.83, 23.02, 7.13, 2.81, 0.52, 0.19, 1.63, 1.15),
(210, 'NYK', 'langston', 'galloway', 0, 11.73, 4.29, 3.44, 0.84, 3.2, 1.13, 0.24, 1.31, 23.12, 2.87, 31.73, 11.38, 4.51, 4, 1.38, 1.67, 1.33),
(219, 'NYK', 'lou', 'amundson', 0, 6, 2, 1, 1, 0, 0, 0, 0, 8.4, 2, 9, 5, 2, 0, 0, 3, 2),
(591, 'NYK', 'pablo', 'prigioni', 0, 5.22, 2.07, 1.64, 0.42, 2.38, 1.18, 0.07, 1.11, 12.65, 1.22, 18.73, 4.11, 1.76, 2.67, 1.02, 0.87, 0.69),
(587, 'NYK', 'quincy', 'acy', 0, 5.96, 4.43, 3.25, 1.18, 1, 0.4, 0.3, 0.87, 13.31, 2.16, 18.39, 4.9, 2.28, 0.85, 0.27, 1.42, 1.12),
(26151, 'NYK', 'ricardo', 'ledo', 0, 7.5, 2.83, 1.58, 1.25, 1.42, 0.5, 0.17, 2, 12.36, 1.75, 20.08, 7.75, 2.75, 2, 0.75, 1.67, 1.25),
(208, 'NYK', 'robin', 'lopez', 0, 9.72, 6.78, 3.5, 3.28, 0.95, 0.28, 1.43, 1.24, 21.45, 2.09, 27.48, 7.5, 4.02, 0.02, 0, 2.19, 1.69),
(584, 'NYK', 'samuel', 'dalembert', 0, 4, 5.25, 3.59, 1.66, 0.91, 0.44, 1.28, 1.22, 13.88, 2.19, 16.53, 4.06, 1.78, 0, 0, 0.62, 0.44),
(217, 'NYK', 'sasha', 'vujacic', 0, 0, 1, 1, 0, 0, 0, 0, 0, 1.2, 1, 3, 0, 0, 0, 0, 0, 0),
(590, 'NYK', 'shane', 'larkin', 0, 6.51, 2.43, 2.01, 0.42, 2.95, 1.21, 0.13, 1.09, 15.43, 1.92, 24.29, 5.96, 2.6, 1.6, 0.49, 1.04, 0.82),
(593, 'NYK', 'timothy', 'hardaway', 0, 11.19, 2.24, 2.04, 0.19, 1.79, 0.29, 0.19, 1.17, 16.37, 1.72, 23.62, 10.19, 3.94, 4.82, 1.61, 2.1, 1.69),
(589, 'NYK', 'travis', 'wear', 0, 7.02, 2.97, 2.11, 0.85, 1.11, 0.46, 0.25, 0.92, 12.74, 1.49, 16.84, 6.84, 2.89, 1.15, 0.41, 1.11, 0.84),
(91, 'OKC', 'andre', 'roberson', 0, 3.49, 3.82, 2.93, 0.9, 1.03, 0.79, 0.46, 0.68, 11.44, 2.09, 19, 3.07, 1.4, 1.34, 0.34, 0.74, 0.35),
(100, 'OKC', 'anthony', 'morrow', 0, 10.97, 2.62, 2.08, 0.54, 0.83, 0.74, 0.17, 0.55, 16.62, 1.78, 24, 8.47, 3.99, 4.39, 1.93, 1.2, 1.07),
(96, 'OKC', 'cameron', 'payne', 0, 1, 1, 1, 0, 1, 0, 0, 0.5, 3.2, 1, 4, 2.5, 0.5, 0.5, 0, 0, 0),
(98, 'OKC', 'dion', 'waiters', 0, 13, 2.5, 2.5, 0, 4, 2.5, 0.5, 1.5, 26.5, 2, 28.5, 10.5, 5, 3, 1.5, 2, 1.5),
(95, 'OKC', 'dj', 'augustin', 0, 7, 1, 1, 0, 2, 0, 0, 0, 11.2, 0.5, 16, 6, 2.5, 4, 2, 0, 0),
(94, 'OKC', 'enes', 'kanter', 0, 14.63, 8.35, 5.05, 3.31, 0.68, 0.48, 0.4, 1.85, 25.58, 2.54, 27.35, 11.91, 6.06, 0.65, 0.22, 3.02, 2.29),
(6154, 'OKC', 'grant', 'jerrett', 0, 11, 7, 4.4, 2.6, 1.2, 1, 1.2, 1.4, 24.2, 2.6, 24.8, 7.4, 4.6, 0.2, 0, 3.4, 1.8),
(2319, 'OKC', 'ish', 'smith', 0, 12.04, 2.92, 2.52, 0.4, 6.08, 1.28, 0.2, 2.76, 24.86, 1.52, 26.56, 12.88, 5.12, 2.2, 0.68, 1.92, 1.12),
(705, 'OKC', 'jeremy', 'lamb', 0, 8.29, 3.43, 2.76, 0.67, 0.96, 0.47, 0.39, 0.82, 14.75, 1.55, 16.73, 6.71, 3.06, 2.37, 0.84, 1.53, 1.33),
(703, 'OKC', 'kendrick', 'perkins', 0, 4.13, 5.46, 3.88, 1.58, 0.85, 0.29, 0.77, 1.42, 12.65, 2.62, 19, 3.79, 1.63, 0.12, 0.02, 1.58, 0.85),
(311, 'OKC', 'kevin', 'durant', 0, 25.46, 6.57, 6, 0.57, 3.96, 1, 0.93, 2.79, 40.37, 1.5, 33.21, 17.14, 8.86, 5.89, 2.39, 6.25, 5.36),
(101, 'OKC', 'kyle', 'singler', 0, 0, 0.5, 0.5, 0, 0, 0, 0, 0, 0.6, 1.5, 3, 1, 0, 1, 0, 0, 0),
(708, 'OKC', 'lance', 'thomas', 0, 6.96, 3.5, 2.39, 1.11, 1.07, 0.59, 0.31, 1.15, 13.44, 1.83, 23.02, 7.13, 2.81, 0.52, 0.19, 1.63, 1.15),
(102, 'OKC', 'mitch', 'mcgary', 0, 6.45, 5.26, 3.55, 1.71, 0.35, 0.52, 0.58, 0.9, 14.58, 2.23, 14.71, 5.29, 2.81, 0.13, 0, 1.32, 0.84),
(99, 'OKC', 'nick', 'collison', 0, 4.89, 3.97, 2.46, 1.51, 1.29, 0.54, 0.43, 0.71, 12.81, 2.33, 16.69, 4.24, 1.93, 0.87, 0.23, 1.09, 0.8),
(706, 'OKC', 'perry', 'jones', 0, 5.6, 2.38, 2.04, 0.34, 0.53, 0.36, 0.32, 0.81, 9.81, 1.45, 15.74, 5.06, 2.21, 1.43, 0.36, 1.11, 0.81),
(710, 'OKC', 'reggie', 'jackson', 0, 14.45, 4.27, 3.56, 0.71, 5.87, 0.79, 0.13, 2.43, 27.8, 2.17, 29.05, 12.91, 5.61, 3.09, 0.94, 2.78, 2.3),
(93, 'OKC', 'russell', 'westbrook', 0, 26.81, 7.33, 5.39, 1.95, 7.93, 1.93, 0.49, 4.2, 48.17, 2.76, 33.95, 21.31, 9.07, 4.27, 1.27, 8.84, 7.41),
(704, 'OKC', 'sebastian', 'telfair', 0, 8.38, 1.88, 1.75, 0.12, 2.81, 0.62, 0, 1.12, 14.97, 1.81, 20.12, 7.81, 2.88, 3.75, 1.12, 2.12, 1.5),
(318, 'OKC', 'serge', 'ibaka', 0, 13.8, 7.86, 5.86, 2, 1, 0.49, 2.49, 1.43, 29.24, 2.89, 33.46, 11.91, 5.6, 3.23, 1.29, 1.57, 1.31),
(97, 'OKC', 'steve', 'novak', 0, 7.2, 3.46, 2.32, 1.14, 0.74, 0.3, 0.54, 0.74, 13.4, 1.32, 14.24, 5.42, 2.98, 0.96, 0.4, 1.2, 0.84),
(92, 'OKC', 'steven', 'adams', 0, 7.83, 7.61, 4.75, 2.86, 0.96, 0.51, 1.24, 1.43, 20.47, 3.19, 24.96, 5.79, 3.17, 0.03, 0, 2.96, 1.5),
(185, 'ORL', 'aaron', 'gordon', 0, 5.22, 3.57, 2.57, 1, 0.72, 0.46, 0.52, 0.85, 11.68, 1.8, 16.17, 4.39, 2.02, 1, 0.26, 1.28, 0.91),
(190, 'ORL', 'andrew', 'nicholson', 0, 5.04, 2.21, 1.83, 0.38, 0.62, 0.23, 0.43, 0.72, 9.22, 1.21, 13.77, 4.85, 1.98, 1.62, 0.64, 0.64, 0.45),
(340, 'ORL', 'ben', 'gordon', 0, 6.31, 1.38, 1.22, 0.16, 0.9, 0.26, 0.05, 1.02, 8.91, 1.21, 14.14, 5.28, 2.33, 1.79, 0.66, 1.19, 1),
(193, 'ORL', 'channing', 'frye', 0, 6.75, 3.86, 3.55, 0.31, 1.2, 0.61, 0.45, 1, 14.29, 2.63, 23.29, 6.12, 2.37, 4.39, 1.76, 0.27, 0.24),
(187, 'ORL', 'devyn', 'marble', 0, 2.44, 2.06, 1.75, 0.31, 1.06, 0.56, 0.12, 0.69, 7.19, 1, 14, 2.94, 0.94, 1.5, 0.25, 1, 0.31),
(186, 'ORL', 'dewayne', 'dedmon', 0, 3.54, 4.5, 2.62, 1.88, 0.15, 0.21, 0.87, 0.75, 10.57, 2.21, 12.9, 2.67, 1.48, 0.02, 0, 1.17, 0.58),
(183, 'ORL', 'elfrid', 'payton', 0, 8.89, 4.24, 2.94, 1.3, 6.48, 1.7, 0.23, 2.43, 25.12, 2.35, 29.68, 8.66, 3.66, 0.51, 0.13, 2.59, 1.44),
(181, 'ORL', 'evan', 'fournier', 0, 12.05, 2.61, 2.14, 0.47, 2.05, 0.69, 0.03, 1.42, 18.29, 2.03, 28.12, 9.83, 4.36, 3.86, 1.49, 2.53, 1.85),
(184, 'ORL', 'jason', 'smith', 0, 4, 3, 3, 0, 1, 1, 1, 0, 13.1, 2, 15, 4, 2, 0, 0, 0, 0),
(344, 'ORL', 'kyle', 'o quinn', 0, 5.75, 3.84, 2.92, 0.92, 1.12, 0.59, 0.69, 1.06, 13.52, 2.06, 15.51, 4.49, 2.33, 0.92, 0.27, 1.04, 0.8),
(347, 'ORL', 'luke', 'ridnour', 0, 4.76, 2.29, 1.9, 0.39, 1.9, 0.49, 0.2, 0.86, 10.88, 1.75, 16.54, 4.36, 1.83, 1.63, 0.56, 0.64, 0.54),
(192, 'ORL', 'mario', 'hezonja', 0, 3, 6, 4, 2, 0, 0, 0, 1, 9.2, 1, 14, 3, 1, 0, 0, 2, 1),
(349, 'ORL', 'maurice', 'harkless', 0, 10, 4, 3, 1, 0, 1, 1, 1, 17.8, 3, 25, 11, 5, 4, 0, 0, 0),
(182, 'ORL', 'nikola', 'vucevic', 0, 18.97, 10.78, 7.59, 3.18, 1.95, 0.71, 0.75, 1.96, 35.79, 2.93, 33.3, 16, 8.34, 0.24, 0.12, 2.87, 2.17),
(191, 'ORL', 'shabazz', 'napier', 0, 11, 3, 3, 0, 9, 1, 1, 0, 32.1, 1, 29, 10, 3, 4, 0, 8, 5),
(188, 'ORL', 'tobias', 'harris', 0, 16.97, 6.26, 5.2, 1.06, 1.83, 0.97, 0.53, 1.67, 28.55, 1.99, 34.04, 13.77, 6.47, 3.43, 1.26, 3.53, 2.77),
(189, 'ORL', 'victor', 'oladipo', 0, 17.72, 4.25, 3.53, 0.72, 4.01, 1.64, 0.26, 2.79, 29.86, 2.62, 34.71, 14.85, 6.51, 3.36, 1.11, 4.35, 3.58),
(348, 'ORL', 'willie', 'green', 0, 6.19, 1.69, 1.42, 0.27, 1.29, 0.54, 0.13, 0.88, 10.62, 1.79, 18.69, 6.12, 2.37, 2.54, 0.85, 0.75, 0.62),
(450, 'PHI', 'alexey', 'shved', 0, 10.38, 1.38, 0.88, 0.5, 2.62, 0.81, 0.06, 1, 16.71, 1.31, 16.19, 7.75, 3.19, 3.44, 1.06, 3.44, 2.94),
(448, 'PHI', 'brandon', 'davies', 0, 5.53, 3.8, 1.87, 1.93, 1.33, 1, 0.2, 1.53, 12.96, 2.73, 18.53, 5.73, 2.07, 1.53, 0.33, 1.53, 1.07),
(264, 'PHI', 'carl', 'landry', 0, 7.19, 3.87, 2.48, 1.39, 0.4, 0.23, 0.26, 0.82, 12.59, 1.92, 16.76, 5.23, 2.73, 0, 0, 2.13, 1.74),
(440, 'PHI', 'christapher', 'johnson', 0, 6, 0, 0, 0, 0, 0, 0, 0, 6, 0, 5, 3, 2, 2, 2, 0, 0),
(265, 'PHI', 'christian', 'wood', 0, 0, 0, 0, 0, 0, 0, 0, 0, 0, 0, 0, 0, 0, 0, 0, 0, 0),
(3393, 'PHI', 'drew', 'gordon', 0, 1.89, 2, 1.22, 0.78, 0.22, 0.11, 0, 0.89, 3.96, 0.78, 7.33, 2.11, 0.89, 0.33, 0, 0.22, 0.11),
(9442, 'PHI', 'furkan', 'aldemir', 0, 3.84, 4.62, 2.82, 1.8, 0.93, 0.62, 0.31, 0.67, 11.99, 2.22, 16.04, 3.24, 1.56, 0.58, 0.16, 1.04, 0.58),
(23893, 'PHI', 'glenn', 'Robinson III', 0, 4.4, 2.2, 1.4, 0.8, 0.9, 0.3, 0.1, 0.8, 8.39, 0.8, 14, 4.5, 1.8, 1.3, 0.4, 0.8, 0.4),
(441, 'PHI', 'henry', 'sims', 0, 8.08, 4.79, 3.19, 1.6, 1.1, 0.58, 0.41, 1.27, 16.18, 1.79, 18.81, 6.97, 3.22, 0.62, 0.15, 1.93, 1.49),
(269, 'PHI', 'hollis', 'thompson', 0, 8.83, 2.84, 2.09, 0.76, 1.17, 0.86, 0.36, 0.94, 15.48, 2, 24.64, 7.53, 3.14, 4.09, 1.64, 1.3, 0.9),
(268, 'PHI', 'isaiah', 'canaan', 0, 14, 3, 2, 1, 3, 1, 1, 3, 23.1, 5, 29, 10, 3, 9, 3, 5, 5),
(21256, 'PHI', 'ish', 'smith', 0, 12.04, 2.92, 2.52, 0.4, 6.08, 1.28, 0.2, 2.76, 24.86, 1.52, 26.56, 12.88, 5.12, 2.2, 0.68, 1.92, 1.12),
(260, 'PHI', 'jahlil', 'okafor', 0, 25, 12, 7, 5, 1, 0, 2, 4, 40.9, 3, 32, 15, 10, 0, 0, 7, 5),
(262, 'PHI', 'jakarr', 'sampson', 0, 5.63, 2.47, 1.93, 0.54, 1.14, 0.58, 0.33, 1, 11.13, 1.82, 16.16, 5.03, 2.17, 1.71, 0.45, 1.36, 0.84),
(11582, 'PHI', 'jason', 'richardson', 0, 9.48, 4.14, 3.14, 1, 2.19, 0.81, 0.19, 0.95, 18.78, 1.62, 22.48, 9.76, 3.43, 4.76, 1.52, 1.71, 1.1),
(20737, 'PHI', 'javale', 'mcgee', 0, 3, 2.17, 1.5, 0.67, 0.33, 0, 0.17, 0.83, 5.6, 0.33, 9.67, 3, 1.33, 0, 0, 0.67, 0.33),
(259, 'PHI', 'jerami', 'grant', 0, 6.29, 2.95, 2.18, 0.77, 1.15, 0.58, 1.06, 1.26, 13.58, 2.19, 20.23, 5.19, 1.87, 2.21, 0.74, 2.92, 1.81),
(443, 'PHI', 'kj', 'mcdaniels', 0, 9.12, 3.83, 2.58, 1.25, 1.35, 0.87, 1.33, 2, 18.11, 2.38, 25.27, 8.13, 3.19, 2.85, 0.79, 2.6, 1.94),
(15325, 'PHI', 'larry', 'drew', 0, 3.83, 1.25, 1.17, 0.08, 3.75, 0.5, 0, 2.08, 9.88, 1.08, 17.67, 4.83, 1.67, 2.17, 0.33, 0.25, 0.17),
(451, 'PHI', 'luc', 'mbah a moute', 0, 9.42, 4.6, 3.46, 1.15, 1.35, 1.15, 0.35, 1.62, 18.35, 1.54, 27.06, 9.29, 3.6, 2.85, 0.83, 2.44, 1.38),
(7390, 'PHI', 'malcolm', 'lee', 0, 5.5, 5, 2, 3, 1, 1, 0.5, 2, 14, 2.5, 18, 5, 2, 0, 0, 2, 1.5),
(444, 'PHI', 'malcolm', 'thomas', 0, 2.29, 3.06, 2.24, 0.82, 0.24, 0.18, 0.06, 0.82, 5.96, 1.18, 11.59, 2.35, 0.88, 0.47, 0, 0.76, 0.53),
(445, 'PHI', 'michael', 'carter-williams', 0, 14.54, 5.43, 4.47, 0.96, 6.5, 1.68, 0.46, 3.9, 31.17, 2.5, 32.29, 13.85, 5.46, 2.37, 0.57, 4.4, 3.06),
(266, 'PHI', 'nerlens', 'noel', 0, 10.1, 8.13, 5.66, 2.47, 1.68, 1.81, 1.99, 1.96, 28.01, 2.78, 30.18, 8.76, 4.06, 0.04, 0.03, 3.12, 1.96),
(267, 'PHI', 'nik', 'stauskas', 0, 4.32, 1.28, 1.11, 0.18, 0.82, 0.26, 0.24, 0.55, 7.55, 1.31, 14.93, 4.07, 1.49, 1.92, 0.61, 0.86, 0.74),
(271, 'PHI', 'phil', 'pressey', 0, 4, 1.96, 1.59, 0.37, 2.2, 0.63, 0.12, 0.88, 10.25, 1.18, 12.61, 4.16, 1.49, 1.49, 0.33, 1, 0.69),
(270, 'PHI', 'richaun', 'holmes', 0, 0, 0, 0, 0, 0, 0, 0, 0, 0, 0, 0, 0, 0, 0, 0, 0, 0),
(263, 'PHI', 'robert', 'covington', 0, 13.54, 4.76, 3.79, 0.97, 1.54, 1.38, 0.42, 1.92, 23.24, 2.82, 28.18, 10.85, 4.38, 6.25, 2.37, 3.03, 2.41),
(8796, 'PHI', 'ronald', 'roberts', 0, 0, 0, 0, 0, 0, 0, 0, 0, 0, 0, 0, 0, 0, 0, 0, 0, 0),
(10657, 'PHI', 'ronny', 'turiaf', 0, 0, 0.5, 0.5, 0, 1, 0, 0, 0, 2.1, 0, 9, 0, 0, 0, 0, 0, 0),
(21818, 'PHI', 'thomas', 'robinson', 0, 6.12, 5.16, 3.94, 1.22, 0.69, 0.47, 0.44, 1.03, 14.12, 1.69, 15.06, 5.03, 2.47, 0.16, 0.16, 1.88, 1.03),
(19382, 'PHI', 'tim', 'frazier', 0, 2, 0, 0, 0, 0, 0, 0, 0, 2, 2, 5, 1, 1, 0, 0, 0, 0),
(261, 'PHI', 'tj', 'mcconnell', 0, 4, 3, 2, 1, 8, 3, 0, 3, 22.6, 4, 26, 9, 2, 2, 0, 0, 0),
(442, 'PHI', 'tony', 'wroten', 0, 16.32, 2.97, 2.19, 0.77, 4.9, 1.48, 0.35, 3.39, 27.53, 2.35, 28.87, 14, 5.71, 4.58, 1.23, 5.45, 3.68),
(26917, 'PHX', 'aj', 'price', 0, 5.6, 1.8, 1.2, 0.6, 1.2, 0.2, 0, 0.6, 9.36, 1.4, 12.2, 5.8, 2.4, 1.2, 0.2, 0.8, 0.6),
(58, 'PHX', 'alex', 'len', 0, 6.17, 6.43, 4.42, 2.01, 0.46, 0.47, 1.47, 1.1, 17.36, 3.03, 21.14, 5.18, 2.57, 0.07, 0.01, 1.44, 1.01),
(671, 'PHX', 'anthony', 'tolliver', 0, 6.1, 2.93, 2.24, 0.69, 0.82, 0.38, 0.25, 0.72, 11.37, 1.75, 17.68, 5, 2.08, 3.54, 1.26, 0.88, 0.67),
(65, 'PHX', 'archie', 'goodwin', 0, 6.86, 2, 1.3, 0.7, 1.11, 0.52, 0.25, 1.23, 11.25, 1.48, 13.89, 5.64, 2.43, 1.09, 0.39, 2.18, 1.61),
(14578, 'PHX', 'brandan', 'wright', 0, 7.07, 4.8, 3.02, 1.78, 0.71, 0.8, 1.15, 0.41, 17.39, 1.41, 21.56, 5.34, 3.05, 0.07, 0, 1.46, 0.98),
(61, 'PHX', 'brandon', 'knight', 0, 18.5, 3, 3, 0, 7.5, 1.5, 0, 6, 30.35, 3.5, 37.5, 16.5, 6, 5, 2, 5, 4.5),
(291, 'PHX', 'cory', 'jefferson', 0, 4.04, 3.43, 2.38, 1.06, 0.43, 0.26, 0.42, 0.43, 9.73, 1.28, 11.45, 3.58, 1.62, 0.3, 0.04, 1.28, 0.75),
(20825, 'PHX', 'danny', 'granger', 0, 7.06, 3.06, 2.31, 0.75, 0.53, 0.42, 0.22, 0.69, 12.1, 2.31, 21.14, 5.69, 2.44, 3.03, 1.19, 1.31, 0.97),
(56, 'PHX', 'devin', 'booker', 0, 9.5, 3, 2.5, 0.5, 0.5, 1, 0, 0.5, 15.35, 1, 20, 6.5, 3.5, 1.5, 0.5, 2, 2),
(21081, 'PHX', 'earl', 'barron', 0, 2, 1.75, 0.88, 0.88, 0.31, 0.25, 0.12, 0.31, 5.01, 1.62, 8.44, 2.44, 0.75, 0.25, 0.12, 0.75, 0.38),
(55, 'PHX', 'eric', 'bledsoe', 0, 17.15, 5.24, 4.35, 0.89, 6.09, 1.56, 0.55, 3.4, 33.38, 2.37, 34.01, 12.94, 5.79, 3.41, 1.12, 5.52, 4.44),
(670, 'PHX', 'gerald', 'green', 0, 12.17, 2.58, 2.1, 0.48, 1.32, 0.66, 0.19, 1.42, 17.56, 1.97, 19.74, 10.65, 4.49, 5.12, 1.79, 1.68, 1.39),
(668, 'PHX', 'goran', 'dragic', 0, 16.14, 3.49, 2.46, 1.04, 4.44, 0.99, 0.19, 2.19, 27.16, 2.48, 33.04, 12.72, 6.35, 3.28, 1.14, 2.96, 2.29),
(664, 'PHX', 'isaiah', 'thomas', 0, 16.43, 2.28, 1.79, 0.49, 4.24, 0.85, 0.07, 2.13, 25.25, 2.24, 25.31, 11.88, 5, 5.16, 1.93, 5.19, 4.51),
(28947, 'PHX', 'jerel', 'mcneal', 0, 1.5, 0.5, 0.5, 0, 0.33, 0.5, 0.17, 0.83, 3.1, 0.83, 5.5, 1.83, 0.5, 0.33, 0.17, 0.33, 0.33),
(57, 'PHX', 'jon', 'leuer', 0, 4.5, 4, 3, 1, 0, 0.5, 0.5, 1.5, 9.8, 1.5, 9, 2, 1.5, 0.5, 0.5, 1, 1),
(661, 'PHX', 'marcus', 'morris', 0, 10.43, 4.75, 3.85, 0.9, 1.64, 0.78, 0.2, 0.9, 19.65, 2.32, 24.79, 9.42, 4.09, 3.86, 1.38, 1.4, 0.88),
(20826, 'PHX', 'marcus', 'thornton', 0, 7.08, 3.54, 2.85, 0.69, 0.69, 0.92, 0.15, 1.46, 13.05, 1.38, 16.85, 7.46, 2.62, 2, 0.31, 1.92, 1.54),
(60, 'PHX', 'markieff', 'morris', 0, 15.34, 6.23, 4.98, 1.25, 2.3, 1.07, 0.39, 1.77, 27.39, 3.23, 30.57, 13.27, 6.3, 2.3, 0.7, 2.68, 2.05),
(662, 'PHX', 'miles', 'plumlee', 0, 4.07, 4.36, 2.84, 1.53, 0.49, 0.53, 0.89, 0.7, 12.17, 1.57, 15.97, 3.57, 1.88, 0.07, 0.03, 0.59, 0.28),
(62, 'PHX', 'mirza', 'teletovic', 0, 10, 4, 3, 1, 1, 1, 1, 1, 19.3, 0.5, 22.5, 8.5, 3.5, 5.5, 3, 0, 0),
(53, 'PHX', 'p.j.', 'tucker', 0, 9.23, 6.41, 4.94, 1.48, 1.56, 1.37, 0.3, 1.21, 21.4, 2.32, 30.16, 7.78, 3.38, 3.21, 1.1, 1.85, 1.38),
(16453, 'PHX', 'reggie', 'bullock', 0, 1.64, 1.45, 1.36, 0.09, 0.64, 0.45, 0.09, 0.55, 4.88, 0.91, 8.82, 2.82, 0.55, 0.82, 0, 0.82, 0.55),
(64, 'PHX', 'ronnie', 'price', 0, 1, 0, 0, 0, 2, 1, 0, 1.5, 4.5, 2, 12.5, 2.5, 0.5, 1.5, 0, 0, 0),
(24700, 'PHX', 'seth', 'curry', 0, 0, 1, 1, 0, 0.5, 0, 0, 0, 1.95, 1, 3.5, 1.5, 0, 0.5, 0, 0, 0),
(666, 'PHX', 'shavlik', 'randolph', 0, 4.05, 2.68, 1.84, 0.84, 0.47, 0.26, 0.16, 0.79, 8.04, 1.11, 11.42, 4, 1.58, 0.79, 0.21, 1.16, 0.68),
(59, 'PHX', 'sonny', 'weems', 0, 0, 0, 0, 0, 1, 1, 0, 0, 3.5, 0, 1, 1, 0, 1, 0, 0, 0),
(63, 'PHX', 'T.J.', 'warren', 0, 9.05, 3.53, 2.33, 1.2, 1.24, 0.65, 0.35, 1.18, 15.96, 1.6, 19.96, 8.07, 3.95, 1.13, 0.35, 1.11, 0.82),
(12285, 'PHX', 'tony', 'l mitchell', 0, 15, 10.67, 7, 3.67, 2.67, 0.5, 0.17, 2, 31.13, 2.5, 33.33, 14, 6, 0.17, 0, 4.67, 3),
(672, 'PHX', 'tyler', 'ennis', 0, 3.89, 1.22, 0.89, 0.33, 1.78, 0.11, 0.33, 1.33, 7.58, 0.56, 9.67, 3.67, 1.67, 0.78, 0.33, 0.33, 0.22),
(54, 'PHX', 'tyson', 'chandler', 0, 1, 8, 6, 2, 0, 0.5, 0.5, 2, 10.6, 2, 17.5, 1.5, 0, 0, 0, 2, 1),
(930, 'PHX', 'zoran', 'dragic', 0, 1, 0.5, 0.17, 0.33, 0.17, 0, 0, 0, 1.85, 0.17, 1.67, 1.33, 0.33, 0.83, 0, 0.5, 0.33),
(129, 'POR', 'al-farouq', 'aminu', 0, 10, 6, 4, 2, 2, 0, 1, 2, 20.2, 2, 31, 8, 3, 2, 1, 4, 3),
(132, 'POR', 'allen', 'crabbe', 0, 3.91, 1.67, 1.43, 0.24, 0.76, 0.37, 0.33, 0.39, 8.06, 1.46, 13.5, 3.39, 1.48, 1.59, 0.63, 0.41, 0.31),
(21352, 'POR', 'alonzo', 'gee', 0, 6.44, 2.69, 2, 0.69, 0.69, 0.62, 0.12, 0.62, 11.57, 1.06, 12.88, 5.25, 2.44, 0.75, 0.31, 1.69, 1.25),
(21349, 'POR', 'arron', 'afflalo', 0, 10.56, 2.68, 2.44, 0.24, 1.12, 0.36, 0.08, 1.32, 15.02, 2.36, 29.68, 9.08, 3.76, 3.6, 1.44, 1.88, 1.6),
(135, 'POR', 'chris', 'kaman', 0, 8.64, 6.47, 4.5, 1.97, 0.88, 0.25, 0.74, 1.46, 18.25, 1.87, 18.43, 7.43, 3.82, 0.05, 0.03, 1.39, 0.99),
(137, 'POR', 'cj', 'mccollum', 0, 7.43, 1.72, 1.38, 0.34, 1.14, 0.71, 0.17, 0.8, 12.16, 1.38, 15.83, 6.29, 2.78, 2.32, 0.94, 1.28, 0.92),
(134, 'POR', 'cliff', 'alexander', 0, 0, 0, 0, 0, 0, 0, 0, 0, 0, 0, 0, 0, 0, 0, 0, 0, 0),
(131, 'POR', 'damian', 'lillard', 0, 21.13, 4.65, 4.06, 0.59, 6.32, 1.21, 0.27, 2.66, 36.48, 1.99, 35.26, 16.76, 7.28, 7.06, 2.41, 4.8, 4.16),
(722, 'POR', 'dorell', 'wright', 0, 8.89, 4.57, 3.59, 0.98, 0.98, 0.52, 0.33, 0.7, 16.85, 1.38, 17.77, 7.8, 3.34, 1.98, 0.67, 1.84, 1.52),
(133, 'POR', 'ed', 'davis', 0, 9, 3, 1, 2, 3, 0, 0, 1, 16.1, 3, 17, 5, 4, 0, 0, 2, 1),
(139, 'POR', 'gerald', 'henderson', 0, 3, 3, 3, 0, 0, 1, 0, 0, 8.6, 0, 18, 5, 1, 0, 0, 2, 1),
(721, 'POR', 'joel', 'freeland', 0, 4.21, 4.35, 2.94, 1.42, 0.35, 0.15, 0.46, 0.58, 10.59, 2.02, 13.27, 3.73, 1.85, 0.1, 0.04, 0.54, 0.46),
(940, 'POR', 'lamarcus', 'aldridge', 0, 24.17, 10.08, 7.94, 2.14, 1.72, 0.61, 1.22, 1.72, 40.79, 1.75, 36.25, 20.69, 9.5, 1.64, 0.56, 5.5, 4.61),
(130, 'POR', 'mason', 'plumlee', 0, 17, 11, 10, 1, 4, 1, 1, 0, 40.2, 1, 30, 9, 6, 1, 0, 6, 5),
(138, 'POR', 'maurice', 'harkless', 0, 10, 4, 3, 1, 0, 1, 1, 1, 17.8, 3, 25, 11, 5, 4, 0, 0, 0),
(1396, 'POR', 'meyers', 'leonard', 0, 7.11, 4.74, 3.83, 0.91, 0.72, 0.22, 0.26, 0.85, 13.99, 1.87, 15.63, 5.22, 2.74, 1.85, 0.81, 0.93, 0.81),
(712, 'POR', 'nicolas', 'batum', 0, 9.35, 5.86, 4.99, 0.87, 4.8, 1.1, 0.56, 1.86, 25.05, 1.49, 33.01, 8.45, 3.38, 4.35, 1.41, 1.38, 1.18),
(136, 'POR', 'noah', 'vonleh', 0, 0, 3, 3, 0, 0, 0, 2, 1, 6.6, 0, 16, 3, 0, 1, 0, 0, 0),
(141, 'POR', 'pat', 'connaughton', 0, 0, 0, 0, 0, 0, 0, 0, 0, 0, 0, 0, 0, 0, 0, 0, 0, 0),
(713, 'POR', 'robin', 'lopez', 0, 9.72, 6.78, 3.5, 3.28, 0.95, 0.28, 1.43, 1.24, 21.45, 2.09, 27.48, 7.5, 4.02, 0.02, 0, 2.19, 1.69),
(716, 'POR', 'steve', 'blake', 0, 4.2, 1.67, 1.48, 0.2, 3.54, 0.5, 0.06, 1.26, 11.38, 1.46, 18.33, 3.99, 1.46, 2.65, 0.91, 0.51, 0.36),
(718, 'POR', 'thomas', 'robinson', 0, 6.12, 5.16, 3.94, 1.22, 0.69, 0.47, 0.44, 1.03, 14.12, 1.69, 15.06, 5.03, 2.47, 0.16, 0.16, 1.88, 1.03),
(140, 'POR', 'tim', 'frazier', 0, 2, 0, 0, 0, 0, 0, 0, 0, 2, 2, 5, 1, 1, 0, 0, 0, 0),
(3869, 'POR', 'victor', 'claver', 0, 6.73, 3.55, 2.55, 1, 0.36, 0.27, 0.09, 0.73, 11.53, 1.36, 12.09, 5.64, 2.64, 1.09, 0.55, 1, 0.91),
(719, 'POR', 'wesley', 'matthews', 0, 15.93, 3.7, 3.07, 0.63, 2.32, 1.28, 0.17, 1.35, 25.4, 2.2, 33.28, 12.53, 5.62, 7.42, 2.88, 2.42, 1.82),
(717, 'POR', 'will', 'barton', 0, 6.68, 2.77, 2.32, 0.46, 1.37, 0.81, 0.32, 1.05, 13.26, 1.21, 16.4, 6.04, 2.53, 1.49, 0.4, 1.58, 1.23),
(20959, 'SAC', 'andre', 'miller', 0, 3.46, 1.48, 1.1, 0.38, 2.8, 0.26, 0.04, 0.92, 9.12, 1.1, 11.9, 2.72, 1.44, 0.16, 0.02, 0.78, 0.56),
(155, 'SAC', 'ben', 'mclemore', 0, 11.85, 2.81, 2.46, 0.36, 1.62, 0.93, 0.25, 1.68, 18.32, 2.69, 31.64, 9.9, 4.31, 4.65, 1.65, 1.93, 1.58),
(690, 'SAC', 'carl', 'landry', 0, 7.19, 3.87, 2.48, 1.39, 0.4, 0.23, 0.26, 0.82, 12.59, 1.92, 16.76, 5.23, 2.73, 0, 0, 2.13, 1.74),
(167, 'SAC', 'caron', 'butler', 0, 5.79, 2.52, 2.25, 0.27, 1.03, 0.56, 0.05, 0.64, 10.94, 1.55, 20.27, 5.08, 2.04, 2.78, 1.03, 0.77, 0.69),
(164, 'SAC', 'darren', 'collison', 0, 15.84, 3.2, 2.78, 0.42, 5.53, 1.47, 0.31, 2.42, 29.12, 2.09, 34.2, 12.24, 5.71, 3.56, 1.29, 3.98, 3.13),
(20965, 'SAC', 'david', 'stockton', 0, 4.33, 4.33, 2.67, 1.67, 1, 0.33, 1.33, 1.33, 13.03, 1, 15, 4, 1, 0.33, 0, 3.67, 2.33),
(27226, 'SAC', 'david', 'wear', 0, 7, 3.33, 2.33, 1, 1.33, 0.33, 0.67, 1, 14, 1, 15.33, 7, 2, 1.67, 0.33, 3, 2.67),
(162, 'SAC', 'demarcus', 'cousins', 0, 23.85, 12.62, 9.52, 3.1, 3.46, 1.49, 1.72, 4.21, 46.4, 4.1, 33.48, 17.98, 8.43, 0.23, 0.07, 8.93, 6.93),
(696, 'SAC', 'derrick', 'williams', 0, 8.11, 2.73, 2.11, 0.62, 0.65, 0.46, 0.07, 0.73, 12.68, 1, 19, 6.43, 2.85, 2.03, 0.62, 2.59, 1.78),
(5841, 'SAC', 'eric', 'moreland', 0, 7, 6.4, 5, 1.4, 1.3, 0.3, 0.2, 0.8, 16.83, 3.2, 22.3, 5, 2.7, 0, 0, 2.2, 1.6),
(160, 'SAC', 'james', 'anderson', 0, 0, 0, 0, 0, 0, 0, 0, 0, 0, 0, 0, 0, 0, 0, 0, 0, 0),
(1301, 'SAC', 'jason', 'thompson', 0, 5.7, 6.48, 4.64, 1.84, 1.08, 0.44, 0.82, 1.04, 16.58, 2.9, 23.66, 5.08, 2.4, 0.02, 0, 1.42, 0.9),
(159, 'SAC', 'kosta', 'koufos', 0, 10, 7, 5, 2, 1, 1, 3, 1, 26.9, 5, 23, 9, 4, 0, 0, 4, 2),
(158, 'SAC', 'marco', 'belinelli', 0, 9.29, 2.68, 2.23, 0.45, 1.55, 0.48, 0.05, 1.03, 14.86, 1.39, 21.97, 7.66, 3.27, 3.71, 1.39, 1.61, 1.35),
(695, 'SAC', 'nik', 'stauskas', 0, 4.32, 1.28, 1.11, 0.18, 0.82, 0.26, 0.24, 0.55, 7.55, 1.31, 14.93, 4.07, 1.49, 1.92, 0.61, 0.86, 0.74),
(165, 'SAC', 'omri', 'casspi', 0, 8.73, 4.07, 3.24, 0.83, 1.5, 0.46, 0.14, 1.3, 15.76, 1.64, 21.01, 6.34, 3.09, 1.29, 0.51, 2.81, 2.04),
(166, 'SAC', 'quincy', 'acy', 0, 5.96, 4.43, 3.25, 1.18, 1, 0.4, 0.3, 0.87, 13.31, 2.16, 18.39, 4.9, 2.28, 0.85, 0.27, 1.42, 1.12),
(15771, 'SAC', 'quincy', 'miller', 0, 3, 2, 1.57, 0.43, 0.43, 0.86, 0.57, 0.71, 8.19, 1, 11.43, 2.86, 0.86, 1, 0.14, 1.57, 1.14),
(157, 'SAC', 'rajon', 'rondo', 0, 14, 8, 5, 3, 20, 4, 1, 6, 57.6, 3, 46, 12, 6, 4, 1, 2, 1),
(691, 'SAC', 'ramon', 'sessions', 0, 7.12, 2.77, 2.38, 0.38, 3.04, 0.62, 0, 1.23, 15, 0.96, 18.31, 5.38, 2.15, 1.12, 0.38, 2.96, 2.42),
(693, 'SAC', 'ray', 'mccallum', 0, 0, 0, 0, 0, 0, 0, 0, 0, 0, 0, 1, 0, 0, 0, 0, 0, 0),
(697, 'SAC', 'reggie', 'evans', 0, 3.86, 6.14, 4.14, 2, 0.69, 0.45, 0.14, 0.9, 12.53, 1.94, 16, 3.02, 1.29, 0.04, 0, 2.1, 1.27),
(163, 'SAC', 'rudy', 'gay', 0, 20.47, 5.76, 4.36, 1.39, 3.48, 1.02, 0.55, 2.59, 33.14, 2.35, 34.38, 16.06, 7.36, 3.06, 1.11, 5.44, 4.64),
(698, 'SAC', 'ryan', 'hollins', 0, 4.68, 2.64, 1.77, 0.87, 0.57, 0.21, 0.36, 0.74, 9.11, 1.55, 11.85, 3.06, 1.68, 0.28, 0.13, 1.7, 1.19),
(161, 'SAC', 'seth', 'curry', 0, 0, 1, 1, 0, 0.5, 0, 0, 0, 1.95, 1, 3.5, 1.5, 0, 0.5, 0, 0, 0),
(29192, 'SAC', 'sim', 'bhullar', 0, 0.67, 0.33, 0.33, 0, 0.33, 0, 0.33, 0, 2.23, 0, 0.67, 0.67, 0.33, 0, 0, 0, 0),
(16108, 'SAC', 'tmp', 'quincy miller', 0, 0, 0, 0, 0, 0, 0, 0, 0, 0, 0, 0, 0, 0, 0, 0, 0, 0),
(156, 'SAC', 'willie', 'cauley-stein', 0, 0, 1, 1, 0, 1, 0, 0, 0, 2.7, 0, 8, 0, 0, 0, 0, 0, 0),
(384, 'SAS', 'aron', 'baynes', 0, 6.96, 4.77, 3.13, 1.64, 0.6, 0.26, 0.41, 1.04, 13.88, 2.39, 16.19, 4.9, 2.8, 0.06, 0.01, 1.56, 1.34),
(386, 'SAS', 'austin', 'daye', 0, 6.79, 4.24, 3.55, 0.7, 1, 0.48, 0.48, 0.97, 14.35, 1.45, 15.18, 6.55, 2.79, 1.76, 0.58, 0.94, 0.64),
(302, 'SAS', 'boban', 'marjanovic', 0, 2, 1, 0, 1, 0, 0, 1, 1, 4.2, 1, 4, 1, 1, 0, 0, 2, 0),
(301, 'SAS', 'boris', 'diaw', 0, 8.45, 4.26, 3.27, 0.99, 2.82, 0.43, 0.28, 1.51, 17.69, 1.85, 23.52, 7.62, 3.45, 1.99, 0.63, 1.2, 0.91),
(380, 'SAS', 'cory', 'joseph', 0, 6, 4, 3, 1, 1, 0, 0, 0, 12.3, 1, 23, 9, 2, 1, 0, 2, 2),
(305, 'SAS', 'Danny', 'green', 0, 11.9, 4.3, 3.62, 0.68, 1.98, 1.25, 1.07, 1.15, 23.51, 2, 28.21, 9.3, 4.06, 5.75, 2.41, 1.57, 1.37),
(381, 'SAS', 'jeff', 'ayres', 0, 3.75, 3.23, 2.3, 0.92, 0.68, 0.23, 0.36, 0.62, 9.19, 1.32, 9.92, 2.64, 1.43, 0.02, 0, 1.15, 0.89),
(308, 'SAS', 'jonathon', 'simmons', 0, 2, 0, 0, 0, 0, 0, 0, 0, 2, 3, 6, 1, 1, 0, 0, 0, 0),
(298, 'SAS', 'kawhi', 'leonard', 0, 16.67, 7.25, 5.91, 1.34, 2.53, 2.38, 0.75, 1.55, 33.87, 1.95, 31.27, 12.91, 6.23, 3.03, 1.06, 3.92, 3.14),
(303, 'SAS', 'kyle', 'anderson', 0, 2.56, 2.41, 2.18, 0.24, 0.85, 0.5, 0.24, 0.41, 7.79, 0.85, 11.32, 3, 1.03, 0.32, 0.09, 0.59, 0.41),
(306, 'SAS', 'Manu', 'ginobili', 0, 10.6, 3.04, 2.63, 0.41, 4.16, 0.97, 0.27, 2.21, 20.76, 1.97, 22.14, 8.43, 3.61, 3.67, 1.29, 2.89, 2.09),
(376, 'SAS', 'marco', 'belinelli', 0, 9.29, 2.68, 2.23, 0.45, 1.55, 0.48, 0.05, 1.03, 14.86, 1.39, 21.97, 7.66, 3.27, 3.71, 1.39, 1.61, 1.35),
(377, 'SAS', 'matt', 'bonner', 0, 4.04, 2.06, 1.51, 0.54, 0.76, 0.21, 0.4, 0.19, 8.68, 1.08, 13.4, 3.56, 1.44, 1.75, 0.61, 0.69, 0.54),
(307, 'SAS', 'patty', 'mills', 0, 6.94, 1.59, 1.16, 0.43, 1.73, 0.59, 0.08, 0.71, 12.06, 1.14, 15.8, 6.65, 2.53, 3.51, 1.18, 0.86, 0.71),
(304, 'SAS', 'rasual', 'butler', 0, 7.7, 2.63, 2.26, 0.37, 0.85, 0.34, 0.29, 0.67, 12.72, 1.34, 19.48, 6.78, 2.88, 3.07, 1.19, 0.95, 0.75),
(309, 'SAS', 'ray', 'mccallum', 0, 0, 0, 0, 0, 0, 0, 0, 0, 0, 0, 1, 0, 0, 0, 0, 0, 0),
(18446, 'SAS', 'reggie', 'williams', 0, 6.3, 3.6, 2.7, 0.9, 0.8, 0.15, 0.3, 0.55, 12.17, 1.05, 12.75, 4.55, 2.4, 0.8, 0.2, 1.7, 1.3),
(1953, 'SAS', 'tiago', 'splitter', 0, 8.3, 5.02, 3.28, 1.74, 1.51, 0.7, 0.75, 1.21, 18.29, 2, 19.49, 5.94, 3.28, 0, 0, 2.34, 1.74),
(299, 'SAS', 'tim', 'duncan', 0, 13.95, 8.92, 6.76, 2.16, 2.62, 0.78, 1.92, 1.65, 32.34, 2.03, 28.27, 11.11, 5.51, 0.11, 0.03, 3.62, 2.89),
(300, 'SAS', 'tony', 'parker', 0, 14.6, 2.31, 1.93, 0.38, 4.9, 0.71, 0.15, 2.15, 24.29, 1.67, 28.39, 12.36, 6.01, 1.25, 0.54, 2.71, 2.03),
(1043, 'TOR', 'amir', 'johnson', 0, 8.81, 5.84, 3.73, 2.11, 1.62, 0.62, 0.73, 1.49, 19.46, 2.89, 25.14, 6.95, 3.86, 0.76, 0.19, 1.38, 0.89),
(12, 'TOR', 'anthony', 'bennett', 0, 5.13, 3.65, 2.89, 0.76, 0.81, 0.44, 0.26, 0.61, 11.53, 1.5, 14.93, 5.02, 2.13, 0.37, 0.11, 1.19, 0.76),
(2, 'TOR', 'bismack', 'biyombo', 0, 6, 14, 10, 4, 0, 0, 0, 1, 21.8, 4, 30, 5, 3, 0, 0, 0, 0),
(1814, 'TOR', 'bruno', 'caboclo', 0, 1.25, 0.25, 0.12, 0.12, 0, 0, 0.12, 0.5, 1.3, 0.38, 2.5, 1.5, 0.5, 0.38, 0.25, 0, 0),
(542, 'TOR', 'chuck', 'hayes', 0, 2.94, 2.38, 1.53, 0.85, 0.68, 0.35, 0.15, 0.35, 7.46, 1.56, 11.18, 2.29, 1.29, 0.06, 0.03, 0.62, 0.32),
(4, 'TOR', 'cory', 'joseph', 0, 6, 4, 3, 1, 1, 0, 0, 0, 12.3, 1, 23, 9, 2, 1, 0, 2, 2),
(7, 'TOR', 'delon', 'wright', 0, 0, 0, 0, 0, 0, 0, 0, 0, 0, 0, 0, 0, 0, 0, 0, 0, 0),
(9, 'TOR', 'demar', 'derozan', 0, 20.15, 4.65, 3.97, 0.68, 3.45, 1.18, 0.18, 2.28, 31.36, 2.05, 34.58, 16.55, 6.75, 1.47, 0.42, 7.47, 6.23),
(1, 'TOR', 'demarre', 'carroll', 0, 21, 5, 3, 2, 0, 4, 0, 1, 34, 4, 39, 13, 8, 3, 2, 4, 3),
(1042, 'TOR', 'greg', 'stiemsma', 0, 6.87, 4.57, 3.02, 1.55, 1.13, 0.49, 0.51, 1.19, 14.86, 2.45, 18.98, 4.64, 2.81, 0.32, 0.21, 1.66, 1.04),
(541, 'TOR', 'greivis', 'vasquez', 0, 9.49, 2.62, 2.35, 0.27, 3.65, 0.56, 0.12, 1.46, 18.02, 2.15, 23.79, 8.85, 3.63, 4.28, 1.62, 0.81, 0.62),
(11, 'TOR', 'james', 'johnson', 0, 7.89, 3.67, 2.8, 0.87, 1.36, 0.77, 0.99, 1.1, 16.74, 2.17, 18.99, 5.73, 3.39, 0.71, 0.16, 1.46, 0.96),
(532, 'TOR', 'jonas', 'valanciunas', 0, 11.96, 8.71, 5.99, 2.72, 0.48, 0.42, 1.2, 1.38, 24.99, 2.78, 25.71, 8.11, 4.61, 0.01, 0, 3.49, 2.75),
(3, 'TOR', 'kyle', 'lowry', 0, 17.59, 4.67, 3.9, 0.77, 6.8, 1.56, 0.19, 2.49, 34.39, 3.07, 34.03, 14.84, 6.06, 5.51, 1.81, 4.51, 3.66),
(536, 'TOR', 'landry', 'fields', 0, 1.77, 1.08, 0.62, 0.46, 0.54, 0.42, 0, 0.35, 4.37, 0.38, 8.54, 1.69, 0.77, 0.15, 0.04, 0.23, 0.19),
(535, 'TOR', 'louis', 'williams', 0, 15.52, 1.89, 1.59, 0.3, 2.05, 1.1, 0.12, 1.26, 22.05, 1.29, 24.71, 11.6, 4.69, 5.59, 1.9, 4.94, 4.25),
(6, 'TOR', 'lucas', 'nogueira', 0, 5.38, 3.25, 2.25, 1, 0.75, 0.38, 1, 0.5, 12.65, 1.25, 12.12, 4.5, 2.12, 0.38, 0.38, 0.75, 0.75),
(8, 'TOR', 'luis', 'scola', 0, 20, 8, 6, 2, 1, 0, 0, 2, 29.1, 3, 31, 16, 8, 3, 1, 3, 3),
(13, 'TOR', 'norman', 'powell', 0, 0, 0, 0, 0, 0, 0, 0, 0, 0, 0, 0, 0, 0, 0, 0, 0, 0),
(10, 'TOR', 'patrick', 'patterson', 0, 7.96, 5.38, 3.8, 1.58, 1.92, 0.72, 0.53, 0.68, 19.13, 1.85, 25.91, 6.58, 2.95, 3.51, 1.29, 0.99, 0.77),
(5, 'TOR', 'terrence', 'ross', 0, 9.68, 2.73, 2.34, 0.39, 1.01, 0.66, 0.3, 0.84, 15.56, 1.66, 24.8, 9.04, 3.71, 4.62, 1.73, 0.68, 0.54),
(539, 'TOR', 'tyler', 'hansbrough', 0, 3.44, 3.53, 2.07, 1.46, 0.26, 0.38, 0.19, 0.25, 8.96, 1.83, 13.35, 2.19, 1.1, 0.1, 0.01, 1.82, 1.24),
(333, 'UTA', 'alec', 'burks', 0, 13.44, 4.22, 3.56, 0.67, 3.07, 0.67, 0.19, 1.96, 22.86, 2.33, 32.48, 11.04, 4.37, 2.44, 0.85, 4.7, 3.85),
(21940, 'UTA', 'bryce', 'cotton', 0, 8.6, 2.4, 1.87, 0.53, 1.07, 0.53, 0.53, 0.87, 14.35, 1.07, 14.67, 6.33, 3.07, 1.2, 0.47, 2.6, 2),
(335, 'UTA', 'christapher', 'johnson', 0, 6, 0, 0, 0, 0, 0, 0, 0, 6, 0, 5, 3, 2, 2, 2, 0, 0),
(639, 'UTA', 'dante', 'exum', 0, 4.89, 1.61, 1.27, 0.34, 2.48, 0.51, 0.16, 1.46, 10.42, 1.82, 21.82, 5.09, 1.8, 3.25, 1.04, 0.41, 0.25),
(810, 'UTA', 'derrick', 'favors', 0, 15.22, 7.41, 5.22, 2.19, 1.43, 0.81, 1.35, 1.59, 28.98, 2.73, 30.16, 11.78, 5.89, 0.11, 0.05, 4.86, 3.38),
(330, 'UTA', 'elijah', 'millsap', 0, 5.7, 3.49, 2.77, 0.72, 1.15, 1.15, 0.45, 1.49, 13.31, 2.62, 19.47, 5.32, 1.94, 1.79, 0.57, 1.85, 1.26),
(13773, 'UTA', 'elliot', 'williams', 0, 5.17, 1.83, 1.67, 0.17, 1.33, 0.5, 0.67, 1.17, 10.53, 0.67, 12.17, 4.33, 1.83, 1.33, 0.83, 1.5, 0.67),
(636, 'UTA', 'enes', 'kanter', 0, 14.63, 8.35, 5.05, 3.31, 0.68, 0.48, 0.4, 1.85, 25.58, 2.54, 27.35, 11.91, 6.06, 0.65, 0.22, 3.02, 2.29),
(324, 'UTA', 'gordon', 'hayward', 0, 19.12, 4.96, 4.24, 0.72, 4.11, 1.42, 0.42, 2.71, 32.2, 1.74, 33.86, 14.14, 6.33, 4.3, 1.59, 6.01, 4.87),
(21555, 'UTA', 'grant', 'jerrett', 0, 11, 7, 4.4, 2.6, 1.2, 1, 1.2, 1.4, 24.2, 2.6, 24.8, 7.4, 4.6, 0.2, 0, 3.4, 1.8),
(640, 'UTA', 'ian', 'clark', 0, 4.52, 2.44, 1.52, 0.93, 0.59, 0.44, 0.3, 0.44, 9.38, 1.11, 11.7, 4.33, 1.85, 0.89, 0.33, 0.85, 0.48),
(21934, 'UTA', 'jack', 'cooley', 0, 1.36, 1.36, 0.86, 0.5, 0.07, 0.36, 0.14, 0.21, 3.88, 1.36, 4.43, 1.07, 0.43, 0, 0, 1.14, 0.5),
(334, 'UTA', 'jeff', 'withey', 0, 4, 5, 3, 2, 0, 1, 1, 1, 13, 1, 14, 2, 1, 0, 0, 4, 2),
(646, 'UTA', 'jeremy', 'evans', 0, 4.18, 2.59, 1.69, 0.9, 0.44, 0.28, 0.46, 0.26, 9.17, 1.05, 8.59, 2.9, 1.59, 0.1, 0.05, 1.13, 0.95),
(23542, 'UTA', 'jerrelle', 'benimon', 0, 0, 1.5, 1, 0.5, 0, 0, 0, 0.5, 1.3, 0, 1, 0, 0, 0, 0, 0, 0),
(328, 'UTA', 'joe', 'ingles', 0, 5.27, 2.31, 2.03, 0.28, 2.35, 0.92, 0.14, 1.32, 12.35, 1.64, 21.22, 4.55, 1.95, 2.64, 0.97, 0.54, 0.41),
(9659, 'UTA', 'patrick', 'christopher', 0, 1.5, 1.5, 1, 0.5, 0, 0.25, 0, 0.25, 3.55, 1.5, 6.75, 3, 0.75, 1, 0, 0, 0),
(326, 'UTA', 'raulzinho', 'neto', 0, 6, 3, 2, 1, 2, 1, 0, 0, 14.6, 4, 22, 6, 2, 1, 0, 3, 2),
(331, 'UTA', 'rodney', 'hood', 0, 8.96, 2.62, 2.36, 0.26, 1.58, 0.62, 0.3, 0.92, 15.39, 2.36, 20.86, 7.54, 3.2, 3.28, 1.2, 1.84, 1.36),
(325, 'UTA', 'rudy', 'gobert', 0, 8.37, 9.3, 6.11, 3.19, 1.32, 0.75, 2.23, 1.37, 26.09, 2.19, 25.52, 5.18, 3.14, 0.03, 0, 3.3, 2.09),
(641, 'UTA', 'steve', 'novak', 0, 7.2, 3.46, 2.32, 1.14, 0.74, 0.3, 0.54, 0.74, 13.4, 1.32, 14.24, 5.42, 2.98, 0.96, 0.4, 1.2, 0.84),
(645, 'UTA', 'tmp', 'joe ingles', 0, 0.67, 1, 1, 0, 1.67, 0.33, 0, 0.33, 4.7, 0.33, 9.67, 2, 0.33, 1.33, 0, 0, 0),
(2649, 'UTA', 'toure', 'murry', 0, 4, 1.5, 1, 0.5, 0.25, 0.25, 0, 1.5, 5.18, 1, 10.5, 3, 1.25, 0, 0, 2, 1.5),
(332, 'UTA', 'trevor', 'booker', 0, 7, 4.84, 3.09, 1.75, 1.08, 0.52, 0.49, 1.13, 15.32, 1.72, 18.73, 5.69, 2.79, 1.01, 0.36, 1.77, 1.07),
(327, 'UTA', 'trey', 'burke', 0, 12.81, 2.72, 2.3, 0.42, 4.27, 0.8, 0.2, 1.64, 22.84, 1.57, 29.68, 13.27, 4.86, 5.18, 1.64, 1.91, 1.45),
(329, 'UTA', 'trey', 'lyles', 0, 2, 4, 3, 1, 0, 0, 0, 0, 6.8, 0, 7, 1, 1, 0, 0, 0, 0),
(495, 'WSH', 'andre', 'miller', 0, 3.46, 1.48, 1.1, 0.38, 2.8, 0.26, 0.04, 0.92, 9.12, 1.1, 11.9, 2.72, 1.44, 0.16, 0.02, 0.78, 0.56),
(4513, 'WSH', 'bradley', 'beal', 0, 15.26, 3.77, 2.87, 0.9, 3.08, 1.21, 0.3, 1.92, 25.51, 2.2, 32.7, 13.51, 5.74, 4.13, 1.7, 2.67, 2.08),
(496, 'WSH', 'dejuan', 'blair', 0, 2.4, 2.07, 1.5, 0.57, 0.4, 0.2, 0.03, 0.5, 5.45, 1.4, 7, 2.3, 1.1, 0, 0, 0.33, 0.2),
(498, 'WSH', 'drew', 'gooden', 0, 6.16, 4.33, 2.96, 1.37, 1.08, 0.43, 0.22, 0.69, 13.58, 1.84, 17.22, 5.84, 2.45, 1.02, 0.39, 1.1, 0.86),
(499, 'WSH', 'garrett', 'temple', 0, 4.45, 2.71, 2.11, 0.6, 1.16, 0.95, 0.18, 0.75, 10.96, 1.62, 15.62, 3.93, 1.53, 1.58, 0.58, 1.11, 0.82),
(497, 'WSH', 'glen', 'rice jr', 0, 5, 1.57, 0.86, 0.71, 0.57, 0.29, 0.29, 0.71, 8.17, 2.14, 13.29, 5.43, 2.14, 1, 0.14, 1.14, 0.57),
(493, 'WSH', 'john', 'wall', 0, 17.58, 4.54, 4.11, 0.43, 10.16, 1.71, 0.55, 3.84, 38.95, 2.3, 35.36, 14.78, 6.54, 2.79, 0.86, 4.62, 3.64),
(502, 'WSH', 'kevin', 'seraphin', 0, 6.92, 3.59, 2.51, 1.08, 0.81, 0.15, 0.68, 1.19, 12.92, 2.49, 15.26, 5.77, 3.06, 0.04, 0, 1.09, 0.79),
(500, 'WSH', 'kris', 'humphries', 0, 7.69, 6.23, 4.38, 1.85, 0.94, 0.44, 0.35, 0.69, 17.47, 1.94, 19.27, 6.81, 3.23, 0.12, 0, 1.69, 1.23),
(492, 'WSH', 'marcin', 'gortat', 0, 12.42, 8.8, 6.57, 2.23, 1.14, 0.59, 1.37, 1.18, 27.43, 2.35, 29.51, 9.52, 5.46, 0.04, 0, 2.13, 1.51),
(12131, 'WSH', 'martell', 'webster', 0, 5.54, 2.85, 2.1, 0.76, 0.8, 0.32, 0.1, 0.85, 10.14, 1.41, 14.46, 4.63, 1.8, 1.07, 0.22, 2.32, 1.71),
(503, 'WSH', 'nene', ' ', 0, 10.17, 4.93, 3.6, 1.33, 1.71, 1.17, 0.33, 1.71, 19.94, 2.69, 23.9, 8.74, 4.29, 0.05, 0, 2.83, 1.6),
(494, 'WSH', 'otto', 'porter', 0, 6.27, 3.1, 2.14, 0.96, 0.9, 0.6, 0.41, 0.75, 12.62, 1.36, 19.16, 5.41, 2.48, 1.41, 0.48, 1.18, 0.84),
(491, 'WSH', 'paul', 'pierce', 0, 11.68, 4.18, 3.56, 0.62, 1.93, 0.58, 0.36, 1.25, 20.23, 2.17, 25.71, 8.9, 3.94, 4.1, 1.57, 2.86, 2.22),
(20870, 'WSH', 'ramon', 'sessions', 0, 7.12, 2.77, 2.38, 0.38, 3.04, 0.62, 0, 1.23, 15, 0.96, 18.31, 5.38, 2.15, 1.12, 0.38, 2.96, 2.42),
(501, 'WSH', 'rasual', 'butler', 0, 7.7, 2.63, 2.26, 0.37, 0.85, 0.34, 0.29, 0.67, 12.72, 1.34, 19.48, 6.78, 2.88, 3.07, 1.19, 0.95, 0.75),
(24809, 'WSH', 'toure', 'murry', 0, 4, 1.5, 1, 0.5, 0.25, 0.25, 0, 1.5, 5.18, 1, 10.5, 3, 1.25, 0, 0, 2, 1.5),
(27690, 'WSH', 'will', 'bynum', 0, 3, 1.29, 1.29, 0, 1.57, 0.57, 0.14, 1.29, 7.04, 1.29, 10.86, 3.43, 1.29, 0.57, 0, 1, 0.43);

